20.52374, 150.9291, 147.9256, 147.1224, 148.1614, 126.9136, 4.82028, 10.01814, 9.659317, 27.74799, 144.7391, 144.0477, 142.5476, 145.5662, 126.8202, 2.935183, 7.997994, 10.88634, 0
18.89841, 151.5653, 148.27, 147.3165, 148.4601, 128.5513, 5.605739, 10.00211, 9.931373, 26.49046, 145.004, 144.2317, 142.6206, 145.4756, 127.8169, 3.290333, 8.099751, 10.94001, 0
17.752, 150.9601, 147.5911, 146.9281, 148.0871, 128.8612, 5.380555, 9.916651, 9.7884, 27.25957, 143.9521, 143.3908, 141.9725, 144.8611, 127.1447, 3.059407, 8.098709, 10.89891, 0
18.40804, 150.1672, 147.6414, 146.9841, 148.2735, 127.364, 4.399661, 10.03713, 9.349373, 28.68241, 143.5859, 143.6933, 142.3504, 145.5624, 126.1077, 2.886494, 8.063337, 10.96397, 0
21.37954, 150.157, 146.691, 146.3671, 148.0767, 126.9394, 4.588981, 10.0171, 9.554914, 26.63198, 143.5529, 143.2183, 141.9171, 144.7841, 126.3177, 3.176443, 8.107916, 10.82507, 0
21.98516, 149.9223, 146.1957, 146.1573, 147.2695, 127.055, 5.20797, 10.08693, 9.773101, 27.15748, 144.021, 143.4867, 142.0675, 144.6191, 126.5046, 3.253053, 8.222969, 10.83035, 0
22.09571, 150.6383, 146.4903, 146.0759, 147.0253, 127.8636, 5.218005, 9.767204, 9.515476, 23.60474, 145.2868, 145.0153, 143.5131, 146.3126, 128.9183, 2.997285, 8.156827, 10.59257, 0
24.52483, 149.7527, 145.8121, 145.489, 146.1783, 126.6641, 5.138316, 9.880255, 9.812574, 22.79912, 145.7378, 145.8227, 144.4333, 147.1514, 128.6458, 2.990943, 7.952829, 10.66463, 0
22.18342, 150.5803, 146.4225, 145.661, 146.5888, 128.8583, 5.447983, 9.927274, 10.0128, 20.06192, 143.6965, 143.4926, 142.6456, 145.5237, 129.4661, 3.111309, 8.156129, 10.64865, 0
20.06802, 152.9925, 148.9545, 147.5221, 148.899, 129.3876, 5.710073, 9.994794, 9.136628, 20.59101, 144.4828, 144.1469, 143.2117, 146.333, 129.4117, 2.916449, 7.972304, 10.83794, 0
19.90369, 153.7607, 149.6021, 147.983, 149.2584, 129.7436, 6.015096, 9.881469, 9.233929, 20.80238, 144.8895, 144.2191, 143.2813, 146.2747, 129.9246, 3.158643, 7.945642, 10.6296, 0
20.7809, 152.6591, 148.5851, 147.3673, 148.6136, 129.5017, 6.377689, 9.99745, 9.44423, 22.32501, 143.6865, 143.386, 142.3039, 145.3912, 128.5143, 3.157837, 7.973732, 10.92598, 0
22.30383, 151.8619, 147.9796, 146.9693, 148.2345, 128.7056, 6.147108, 10.02189, 9.455629, 21.6772, 144.3959, 144.1922, 143.0193, 146.1458, 128.7148, 3.151197, 7.967649, 10.97967, 0
19.10422, 151.0313, 146.8951, 146.1592, 147.5174, 129.7639, 5.607347, 9.880773, 10.00769, 21.49321, 144.6728, 144.3763, 143.2403, 146.3414, 129.135, 3.066501, 7.988072, 10.89699, 0
19.62027, 151.4759, 147.4961, 146.5367, 147.851, 129.4222, 5.615868, 9.940062, 9.933195, 21.67334, 144.758, 144.6322, 143.6151, 146.7822, 128.5047, 3.170336, 7.947347, 10.94627, 0
19.19669, 151.2416, 146.899, 146.0093, 147.3224, 129.6548, 5.809169, 9.859036, 9.872768, 24.49375, 145.0908, 144.875, 143.59, 147.0789, 126.7784, 3.072942, 8.027835, 11.10826, 0
20.79886, 151.0126, 146.7324, 145.9946, 147.2508, 129.0555, 6.139066, 9.920259, 10.04632, 25.08489, 145.1861, 144.9332, 143.4301, 146.9749, 127.0448, 2.952538, 8.014839, 11.21537, 0
21.18292, 151.3027, 146.7068, 146.0004, 147.4203, 128.6293, 5.757587, 9.961841, 9.772537, 26.00822, 144.732, 144.5727, 143.0823, 146.6419, 125.8647, 2.635, 7.869484, 11.12497, 0
21.03882, 151.3103, 146.495, 145.756, 147.3144, 129.5491, 5.679615, 9.891911, 9.939746, 23.24165, 146.0456, 146.2949, 144.713, 147.8087, 129.4768, 2.918663, 7.913634, 10.6934, 0
19.53362, 150.8808, 146.0885, 145.6392, 147.3637, 129.6348, 5.253148, 10.00878, 9.617482, 25.52049, 144.5945, 143.967, 142.4768, 145.5211, 125.9692, 2.925229, 8.033506, 10.97397, 0
20.57163, 150.4113, 145.8517, 145.4369, 147.108, 128.5132, 5.074894, 10.02295, 9.745802, 25.50939, 145.5104, 145.317, 143.565, 146.6007, 128.0704, 2.771281, 8.079196, 10.73357, 0
21.27948, 150.3409, 146.0844, 145.7455, 147.3861, 128.1284, 5.139155, 10.12415, 9.958741, 26.80785, 144.3179, 143.6774, 142.2141, 145.1546, 125.5121, 2.832067, 8.200733, 10.9898, 0
20.21063, 150.5518, 146.2535, 145.8421, 147.5932, 128.5902, 4.551092, 10.04641, 9.934105, 25.02985, 143.0464, 142.577, 141.474, 144.4642, 125.3484, 3.115207, 8.069033, 10.98193, 0
22.06831, 150.3006, 145.9741, 145.3426, 147.069, 128.2479, 4.181419, 10.21552, 9.930126, 23.05832, 145.1168, 145.0114, 143.4965, 146.8434, 126.9086, 2.823552, 7.986499, 11.08216, 0
23.12107, 149.5052, 145.4152, 144.9101, 146.5366, 127.586, 4.203468, 10.31824, 9.931414, 23.93088, 144.8979, 144.6263, 143.2221, 146.5686, 126.6297, 2.891305, 7.971, 10.91302, 0
21.5315, 150.328, 145.8546, 145.2018, 146.9074, 128.8398, 4.870575, 10.1626, 10.21948, 24.20451, 145.9565, 145.3242, 143.7006, 147.0144, 126.4996, 3.141054, 8.016334, 11.27899, 0
21.08292, 150.0305, 145.8837, 145.557, 147.3443, 128.205, 4.690392, 10.01803, 10.19678, 24.84639, 146.202, 145.53, 144.0891, 147.2642, 126.6011, 3.21662, 7.964077, 10.94978, 0
22.4852, 149.0005, 144.9851, 144.6826, 146.485, 126.9978, 4.315884, 10.26684, 10.14978, 21.89346, 145.2447, 144.8889, 144.0706, 147.1364, 127.6232, 3.450825, 7.857478, 10.92723, 0
22.47939, 149.6415, 145.9443, 145.3704, 146.9407, 127.1888, 4.177951, 9.998925, 9.81017, 21.59424, 145.4597, 145.5911, 144.4997, 148.1871, 128.3641, 3.111875, 7.889687, 10.9862, 0
19.22833, 152.7548, 148.8403, 147.6188, 149.2332, 130.5693, 6.303784, 9.887794, 9.75139, 22.82335, 145.6867, 145.3849, 144.2828, 147.7364, 128.0485, 3.170644, 7.795659, 10.88372, 0
20.24721, 151.4919, 147.8398, 146.9609, 148.6547, 129.7661, 5.459949, 9.977227, 9.731548, 23.2487, 145.0897, 144.5058, 143.708, 146.712, 127.1678, 3.024268, 7.6524, 10.65782, 0
19.91954, 151.8605, 148.0125, 147.059, 148.7251, 130.4669, 6.101107, 10.08847, 9.949001, 23.51483, 145.8912, 145.1606, 144.0425, 147.2358, 127.5333, 3.597443, 7.923278, 10.93461, 0
17.9534, 152.5657, 148.8881, 147.619, 149.222, 130.5947, 5.873929, 9.739566, 9.564559, 23.86468, 145.9559, 145.6527, 144.6413, 147.9765, 127.2595, 3.072114, 7.866615, 10.79556, 0
18.19049, 152.3284, 148.7058, 147.4955, 149.1348, 130.8292, 5.950286, 9.831334, 9.71268, 22.73809, 145.1245, 144.373, 143.5582, 146.6986, 127.9901, 3.425655, 7.888194, 11.19575, 0
19.24644, 152.4579, 148.8072, 147.7175, 149.2682, 130.2134, 6.074444, 9.601054, 9.735911, 24.41471, 143.7488, 143.2798, 142.3818, 145.7074, 126.971, 3.117846, 7.780235, 11.09333, 0
22.24652, 151.8485, 147.8872, 147.133, 148.6527, 129.6644, 6.454458, 9.771069, 10.15313, 24.29147, 144.5514, 143.8285, 142.8983, 146.0863, 126.994, 3.076508, 7.7911, 10.9772, 0
22.43402, 151.3436, 147.5044, 146.9894, 148.5652, 129.3863, 5.586688, 9.742352, 9.928284, 27.09262, 144.1406, 144.229, 143, 146.2652, 126.439, 3.051911, 7.741263, 10.68404, 0
21.17074, 151.3284, 147.207, 146.6776, 148.225, 130.0673, 5.923409, 9.830513, 10.08707, 26.37054, 143.6529, 143.6807, 142.3923, 145.6424, 126.1227, 2.875487, 7.781723, 10.79984, 0
22.19032, 150.7767, 146.8501, 146.5007, 148.1143, 129.3962, 5.342324, 9.821328, 9.850396, 24.59158, 143.234, 143.6155, 142.5225, 145.7769, 126.2908, 3.176689, 7.679051, 11.16213, 0
23.48835, 150.1824, 146.4298, 146.1009, 147.7697, 129.2146, 5.536332, 10.00068, 10.1772, 25.35401, 143.3731, 143.6561, 142.4108, 145.7102, 125.6994, 3.341289, 7.78311, 11.27398, 0
23.59546, 150.4438, 146.7906, 146.2043, 147.9192, 129.4166, 5.45722, 9.751792, 9.860253, 22.87559, 142.8263, 143.2492, 142.2957, 145.2945, 126.8631, 3.051398, 7.780008, 10.84546, 0
19.32471, 151.5967, 147.9765, 146.8354, 148.8231, 131.4384, 5.131028, 10.01816, 9.707801, 23.19665, 143.1348, 143.3442, 142.5539, 145.6786, 127.2359, 2.906296, 7.762404, 10.7768, 0
18.93635, 152.7526, 148.5018, 147.1198, 149.2024, 131.2211, 5.266819, 10.05747, 10.16043, 22.00745, 143.5046, 143.1004, 142.4204, 145.5832, 127.9466, 3.041051, 7.91904, 10.62123, 0
19.02806, 152.0143, 147.1938, 146.4806, 148.5435, 130.7574, 5.62354, 10.11307, 11.24085, 18.66257, 145.0678, 144.4726, 143.8771, 146.8367, 129.8345, 3.307129, 7.952286, 10.65292, 0
19.91142, 151.8798, 147.8522, 147.05, 149.1935, 129.6897, 4.67416, 9.937154, 10.52723, 19.49635, 143.9626, 143.7456, 143.5502, 146.7504, 128.9024, 2.929776, 7.575357, 10.41444, 0
18.40053, 151.3334, 147.3282, 146.5136, 148.8538, 129.8674, 4.560379, 10.14342, 10.60139, 18.95498, 145.182, 145.1876, 144.146, 147.7232, 129.826, 2.861086, 7.794046, 10.76187, 0
17.74561, 150.6628, 146.6996, 146.0656, 148.4601, 130.0613, 4.477241, 10.11252, 10.70995, 20.36109, 145.4124, 145.2583, 144.0973, 147.6622, 129.064, 2.99127, 7.778115, 10.77514, 0
17.33169, 150.4027, 146.317, 145.7164, 147.9467, 130.033, 4.839465, 10.04812, 10.51019, 19.70324, 145.7236, 145.4057, 144.2953, 147.5322, 129.3406, 3.192979, 7.870481, 10.82582, 0
16.76005, 150.4764, 146.3363, 145.7568, 148.0244, 130.0615, 4.311979, 9.81512, 10.25488, 18.34274, 145.5504, 145.4043, 144.394, 147.6423, 129.505, 2.948359, 7.799585, 10.71024, 0
18.82238, 151.0041, 146.6861, 145.6781, 147.4747, 129.8454, 5.186442, 9.997627, 10.39393, 21.49136, 146.3242, 146.3445, 144.7908, 148.2063, 128.866, 3.263268, 7.985295, 11.04518, 0
16.56416, 153.7503, 149.371, 147.8453, 149.7722, 131.7889, 6.007727, 9.935531, 9.837671, 22.45288, 145.6372, 145.6562, 144.2356, 147.5945, 128.2464, 2.877732, 7.828421, 10.87665, 0
17.70326, 152.7066, 148.4921, 147.2129, 149.0484, 131.1924, 5.606472, 9.923074, 9.968629, 22.44222, 145.3897, 145.3808, 144.1137, 147.2954, 128.1125, 3.098383, 7.839972, 10.86225, 0
17.60606, 151.2686, 146.7909, 145.8134, 147.5005, 130.4803, 5.042632, 9.834013, 10.52254, 22.56015, 144.4507, 144.2507, 143.0118, 146.2246, 127.7466, 2.874397, 7.864519, 10.75554, 0
16.53022, 152.7236, 148.2208, 146.9832, 148.8651, 131.4402, 5.929396, 9.894157, 10.02378, 24.61136, 145.1578, 144.6757, 142.9479, 146.0505, 126.1581, 3.004461, 8.008542, 10.69664, 0
15.4849, 152.6287, 148.5079, 146.9548, 149.0173, 132.4053, 5.690544, 9.880056, 9.835052, 24.15895, 145.3496, 144.8028, 143.2559, 146.2016, 127.6884, 3.156969, 8.031697, 10.74332, 0
15.2049, 152.3486, 148.4957, 146.9818, 149.0484, 132.0282, 5.20605, 9.612206, 9.639575, 23.68184, 145.6283, 145.2864, 143.8984, 147.027, 127.3459, 2.961013, 7.919511, 10.73198, 0
15.2697, 152.2177, 148.2737, 146.5849, 148.6688, 132.3393, 5.150352, 9.911473, 9.810992, 24.1223, 145.7309, 145.3484, 143.6478, 146.8036, 127.0472, 2.984915, 7.958848, 10.82995, 0
16.84343, 152.4106, 148.177, 146.8273, 148.6759, 131.9524, 5.810148, 9.699088, 9.829373, 26.37221, 146.2016, 145.4778, 143.4033, 146.6148, 125.6913, 2.913226, 8.06229, 11.00761, 0
17.49309, 153.1385, 148.5928, 147.2755, 149.0719, 132.0684, 5.591561, 9.753586, 9.66538, 24.24577, 145.7964, 145.1639, 143.6587, 146.6744, 126.5992, 2.715412, 7.877536, 10.69456, 0
19.07804, 151.9836, 146.9266, 146.2214, 147.8268, 131.9358, 5.6831, 10.03501, 10.11108, 24.98926, 145.5083, 145.1049, 143.5212, 146.8066, 125.4985, 3.057487, 8.06436, 11.0762, 0
19.44683, 151.6093, 146.8442, 146.281, 148.0733, 131.7738, 5.257696, 10.09418, 10.24165, 23.92676, 145.6951, 145.3347, 144.0569, 147.2289, 126.1518, 3.145476, 8.07324, 10.90389, 0
19.30629, 151.9671, 147.2213, 146.5187, 148.2464, 131.6543, 5.570562, 9.870238, 10.30716, 23.51819, 146.3044, 145.9307, 144.6561, 147.7475, 126.9013, 3.233374, 8.102199, 10.82773, 0
18.45161, 152.4992, 147.7856, 146.9165, 148.7307, 132.1947, 5.3129, 9.946648, 10.06554, 22.44063, 145.9909, 145.8217, 144.7704, 147.9846, 127.141, 3.112504, 7.993354, 10.78638, 0
17.95031, 152.3009, 147.4487, 146.4912, 148.4031, 132.3941, 5.588371, 10.07732, 10.30553, 22.62419, 146.3694, 146.068, 144.5539, 147.6961, 126.8002, 3.181493, 8.021572, 11.02207, 0
16.70366, 152.7581, 147.8342, 146.6108, 148.6663, 132.9825, 5.754182, 10.25737, 10.19273, 25.51635, 145.2349, 144.9195, 143.1205, 146.5952, 125.3593, 2.910268, 8.078636, 11.02875, 0
16.94623, 152.5067, 148.1905, 146.9745, 149.2977, 132.349, 4.926605, 10.27316, 10.1326, 23.20381, 144.5739, 144.623, 143.3198, 146.4484, 126.6673, 2.976443, 8.092234, 10.72519, 0
18.26811, 151.6764, 147.6393, 146.7493, 148.8414, 131.9217, 5.45643, 9.939647, 9.99322, 21.53313, 143.5018, 143.2137, 142.0751, 144.9542, 127.222, 3.034543, 8.142686, 10.64949, 0
17.57194, 151.7523, 147.8572, 146.8533, 149.0489, 131.8159, 4.68939, 9.908596, 9.758302, 21.68436, 143.9457, 143.7725, 142.7167, 145.8346, 127.6709, 2.836694, 8.04896, 10.57952, 0
15.36439, 152.8598, 148.4572, 147.248, 149.5093, 132.3733, 5.21793, 10.10157, 10.06038, 23.09635, 143.7562, 143.2903, 142.1013, 145.2003, 127.0775, 2.914502, 8.172049, 10.73431, 0
15.45184, 153.2442, 148.7054, 147.4774, 149.7065, 132.4415, 5.47858, 10.10013, 10.08192, 22.94625, 143.8965, 143.3172, 142.0955, 145.0605, 127.551, 3.152315, 8.249763, 10.86303, 0
15.85918, 153.3035, 148.7152, 147.4735, 149.6331, 132.4581, 5.968345, 10.09518, 10.21889, 23.20913, 144.4312, 143.7476, 142.4778, 145.4546, 127.5459, 3.187886, 8.259326, 10.91455, 0
15.59684, 153.2557, 148.8259, 147.5066, 149.8128, 132.1962, 5.248333, 10.08288, 10.05039, 24.34079, 144.9521, 144.2208, 142.9217, 146.0194, 127.4382, 2.968013, 8.277446, 10.73273, 0
15.17578, 153.095, 148.3471, 147.2041, 149.4454, 132.7037, 5.851429, 10.18791, 10.30655, 25.34093, 144.6303, 143.769, 142.2641, 144.8963, 127.1049, 3.044526, 8.270539, 10.63325, 0
15.00218, 153.1873, 148.4746, 147.3927, 149.6762, 132.5432, 5.64278, 10.11832, 10.21579, 28.31698, 144.8146, 143.6526, 142.1118, 144.782, 126.1476, 2.806027, 8.340142, 10.56894, 0
14.49273, 153.0353, 148.309, 147.3643, 149.4373, 132.296, 5.658145, 9.711587, 9.990503, 27.82566, 144.5354, 143.4325, 142.034, 144.8579, 126.4956, 2.741383, 8.574071, 10.7155, 0
14.66711, 152.921, 148.0985, 147.2298, 149.2611, 132.449, 5.788923, 9.798618, 10.09567, 25.17183, 145.3363, 144.2273, 142.8563, 145.4989, 127.229, 3.103623, 8.50219, 10.69367, 0
15.50562, 152.0167, 147.9889, 147.2017, 149.3859, 131.3944, 4.792073, 9.464999, 9.761023, 25.12044, 145.4897, 144.5305, 143.5699, 146.2233, 127.229, 2.802677, 8.405202, 10.36694, 0
16.48625, 151.0789, 147.078, 146.287, 148.4973, 131.4865, 5.054197, 9.606765, 10.13766, 25.42587, 144.814, 143.7058, 142.4906, 145.04, 127.0941, 2.907845, 8.436917, 10.57983, 0
16.36256, 151.5316, 147.4003, 146.424, 148.6214, 131.7952, 5.3009, 9.684848, 10.07398, 26.03854, 144.3618, 143.4448, 142.1376, 145.0797, 127.6099, 2.999961, 8.408193, 10.78175, 0
15.11484, 152.2888, 147.7927, 146.8628, 149.0721, 132.6171, 5.682065, 9.660925, 10.1056, 24.30437, 145.0045, 144.2725, 143.0421, 145.9995, 128.1679, 3.205951, 8.383588, 10.8454, 0
15.05639, 152.7612, 148.6264, 147.5842, 149.89, 132.2118, 5.215865, 9.558268, 9.894316, 24.46442, 145.2913, 144.714, 143.7249, 146.6964, 128.1542, 2.842209, 8.228554, 10.66051, 0
15.0524, 152.8179, 148.6399, 147.6595, 149.9025, 132.55, 5.416419, 9.678593, 10.00933, 21.96294, 144.5537, 144.2896, 143.4866, 146.4239, 128.7616, 2.873988, 8.138972, 10.62956, 0
14.3436, 152.8475, 148.3762, 147.3958, 149.589, 133.1047, 5.836032, 9.90123, 10.26872, 21.52582, 144.553, 143.9842, 142.8952, 145.7824, 128.706, 3.137686, 8.187051, 10.78447, 0
14.27264, 152.9019, 148.6378, 147.6358, 149.8962, 132.7866, 5.139765, 9.857539, 9.987767, 21.783, 144.6577, 144.2409, 143.4946, 146.4982, 128.7597, 3.058959, 8.115806, 10.62247, 0
14.26628, 152.8729, 148.3252, 147.3689, 149.5959, 132.9228, 5.415007, 9.925213, 10.17195, 21.51001, 144.574, 144.1668, 143.0988, 146.1142, 128.8976, 3.084451, 8.225977, 10.78642, 0
14.15579, 152.6222, 147.8495, 147.1244, 149.2789, 133.0159, 5.618241, 9.960202, 10.32009, 20.26282, 144.1481, 143.8076, 142.755, 145.5785, 128.8513, 3.395518, 8.194697, 10.76909, 0
14.67755, 152.5918, 147.8773, 147.1202, 149.2776, 133.157, 5.82063, 9.963815, 10.51167, 19.74871, 144.3266, 143.9028, 142.903, 145.7902, 129.3128, 3.31883, 8.195249, 10.82158, 0
15.262, 152.6767, 147.9576, 147.1426, 149.2606, 133.0465, 5.731008, 10.04058, 10.48092, 19.91488, 144.3287, 143.9623, 142.7908, 145.687, 129.237, 3.273451, 8.225165, 10.84769, 0
15.86487, 152.496, 147.7395, 147.0337, 149.1604, 132.8483, 5.696981, 10.00705, 10.50097, 21.80253, 143.5899, 142.5106, 141.8786, 144.5023, 129.0054, 3.251368, 8.363161, 10.86377, 0
15.98167, 152.5269, 147.8123, 147.0453, 149.2075, 133.1454, 5.8524, 9.97151, 10.41569, 21.98416, 143.1796, 142.0666, 141.6668, 144.2306, 129.5292, 3.425084, 8.474819, 11.07297, 0
15.44675, 152.8232, 148.2714, 147.3523, 149.6246, 133.2274, 5.895414, 10.06507, 10.51492, 21.00314, 143.433, 142.3176, 141.9842, 144.463, 129.6014, 3.498999, 8.488133, 10.99444, 0
14.51043, 152.9203, 148.5171, 147.5323, 149.8937, 132.8692, 5.674782, 9.905499, 10.38307, 20.15151, 143.7996, 142.9715, 142.6703, 145.3223, 130.0293, 3.472825, 8.467216, 11.11041, 0
14.13836, 153.3846, 148.931, 147.8958, 150.2458, 133.0452, 5.819653, 9.942475, 10.36079, 20.4335, 143.7898, 143.31, 142.9117, 145.7834, 129.5208, 3.42537, 8.448059, 11.05435, 0
14.53752, 153.4303, 148.9147, 147.9318, 150.2486, 133.1318, 6.208357, 10.00856, 10.58907, 20.03668, 144.3309, 143.8506, 143.1919, 146.1335, 129.7742, 3.679882, 8.443665, 11.06249, 0
17.39573, 153.5174, 149.0343, 148.0529, 150.4694, 133.0712, 5.810181, 10.01449, 10.66186, 18.9961, 144.6055, 143.9388, 143.5526, 146.3349, 130.4854, 3.49082, 8.206669, 10.668, 0
17.30779, 152.3779, 147.8456, 147.0069, 149.3896, 132.6011, 5.245047, 9.850555, 10.85745, 18.1675, 145.0352, 144.6172, 143.7882, 146.7213, 130.7517, 3.425313, 8.229365, 10.76775, 0
18.51337, 150.4862, 145.7971, 145.378, 147.7943, 131.4665, 4.361882, 9.779155, 10.9282, 18.48122, 144.7356, 144.5789, 143.5024, 146.4995, 131.0449, 3.756557, 8.411881, 11.0847, 0
20.37879, 150.332, 145.9234, 145.5718, 147.9395, 130.725, 4.113136, 10.06523, 10.901, 17.99179, 142.3573, 141.8876, 141.6806, 144.1833, 129.6647, 3.719417, 8.524934, 10.79751, 0
20.57761, 150.9658, 146.7028, 146.1218, 148.5259, 131.0146, 4.346768, 10.17606, 10.99614, 16.98787, 142.1677, 141.8228, 141.6454, 144.243, 130.2062, 3.631031, 8.483598, 10.76874, 0
19.82113, 151.1189, 146.8513, 146.2649, 148.5765, 131.6101, 4.800855, 10.17079, 11.01258, 16.67652, 141.9693, 141.528, 141.4571, 143.7846, 130.1623, 3.679616, 8.579361, 10.81003, 0
19.61658, 151.3793, 147.3105, 146.6469, 149.043, 131.1538, 4.286605, 10.04604, 10.64882, 17.43979, 142.7591, 142.4009, 142.4274, 144.9511, 130.5802, 3.346382, 8.333406, 10.65918, 0
19.39688, 151.2498, 147.0183, 146.4993, 148.8668, 131.3988, 4.532547, 9.994677, 10.81847, 16.33974, 143.0807, 142.7842, 142.6974, 145.1456, 130.8561, 3.571825, 8.381666, 10.56853, 0
18.30475, 150.882, 146.6279, 146.0051, 148.2969, 132.2498, 4.483667, 10.15468, 10.73576, 15.84452, 142.6523, 142.5078, 142.1684, 144.6231, 130.7014, 3.64626, 8.519241, 10.70287, 0
18.59609, 150.307, 146.1398, 145.4981, 147.8678, 132.6157, 4.046898, 10.45869, 11.13839, 16.1003, 142.4344, 142.3164, 142.0841, 144.5079, 130.6554, 3.679509, 8.504383, 10.65946, 0
20.01668, 149.8561, 145.8055, 145.5304, 147.8204, 131.9167, 4.13228, 10.19977, 10.97225, 15.81957, 142.6582, 142.283, 142.0304, 144.3967, 131.0515, 3.518363, 8.4031, 10.75329, 0
19.95028, 149.9054, 146.1547, 145.7804, 148.0723, 131.8727, 3.519086, 10.20247, 10.59812, 15.87738, 143.8302, 143.7378, 143.5497, 146.1752, 130.8859, 3.239544, 8.230296, 10.40501, 0
18.15605, 149.8742, 145.439, 145.0961, 147.8474, 132.1467, 3.619473, 10.75257, 11.53176, 16.80233, 142.8371, 142.8326, 142.4406, 145.289, 130.1196, 3.538339, 8.28655, 10.89965, 0
19.99854, 150.0881, 145.8002, 145.4988, 148.1232, 132.4016, 3.842622, 10.73651, 11.51752, 16.78034, 142.2696, 142.2844, 142.0929, 144.8201, 129.8868, 3.616226, 8.260277, 10.90122, 0
18.62314, 150.6757, 146.2482, 145.9133, 148.5226, 133.417, 4.058013, 10.70864, 11.5078, 16.31025, 142.3268, 142.4397, 142.3184, 145.2424, 130.3348, 3.35783, 8.234208, 10.91962, 0
16.76941, 150.6468, 146.1769, 145.7446, 148.5557, 133.9342, 3.920465, 10.62512, 11.69691, 15.56455, 142.5933, 142.6467, 142.4457, 145.1689, 130.6503, 3.606846, 8.299879, 10.90822, 0
15.84038, 150.6657, 146.2982, 145.8456, 148.7856, 133.9887, 3.566943, 10.58734, 11.35995, 15.13452, 142.6575, 142.7033, 142.5575, 145.3513, 130.887, 3.511176, 8.301606, 10.6513, 0
16.08623, 150.2465, 145.8772, 145.566, 148.5988, 133.9262, 3.597061, 10.45557, 11.323, 14.8733, 142.8019, 142.6724, 142.4267, 145.1442, 131.0694, 3.461645, 8.29536, 10.49803, 0
13.99589, 150.7199, 146.6649, 146.1578, 148.7389, 135.4189, 4.551393, 10.12388, 10.48676, 16.34664, 142.4126, 142.5539, 142.3266, 145.1683, 130.3724, 3.352052, 8.127143, 10.81942, 0
15.51342, 151.3583, 147.0792, 146.4507, 149.243, 134.6876, 4.387625, 10.37578, 10.86664, 15.81129, 141.9801, 142.1692, 142.068, 144.9188, 130.4375, 3.59472, 8.162313, 10.73986, 0
15.3104, 150.6123, 146.8603, 146.2785, 149.2689, 134.2216, 4.038954, 10.27094, 11.03901, 16.14203, 142.5489, 142.3878, 142.2642, 145.0887, 130.5449, 3.274528, 8.147554, 10.47752, 0
15.7315, 150.4519, 146.5787, 146.0238, 149.0712, 133.826, 3.612813, 10.61573, 11.28249, 18.17565, 143.1367, 143.1101, 141.9507, 144.9568, 130.3448, 3.222275, 8.328126, 10.71013, 0
13.98134, 151.5412, 147.8643, 147.1932, 150.3498, 134.1795, 3.72431, 10.75309, 11.16137, 20.28178, 143.3491, 143.27, 142.1701, 145.3208, 130.883, 2.942377, 8.177116, 10.47424, 0
11.86603, 151.7089, 147.4994, 146.8344, 149.9757, 135.0283, 3.628981, 10.17487, 10.6513, 18.65412, 143.6285, 143.3709, 142.6305, 145.7665, 131.1159, 2.681098, 8.093423, 10.22949, 0
16.70379, 150.4079, 146.8124, 146.1591, 148.9588, 134.6167, 4.255009, 10.2311, 11.01857, 18.36512, 143.4367, 142.7012, 141.7676, 144.8088, 131.3646, 2.905622, 8.19477, 10.40458, 0
15.41536, 151.1747, 147.5157, 146.8778, 149.6763, 134.7097, 4.075877, 10.3713, 11.0341, 19.41873, 143.4497, 142.7357, 141.935, 144.9777, 130.4533, 3.026403, 8.183573, 10.47835, 0
15.32705, 150.4294, 146.5872, 146.2775, 149.415, 133.9095, 3.54972, 10.49404, 11.21314, 19.7862, 143.538, 142.6118, 141.5387, 144.4665, 130.1073, 3.062796, 8.241668, 10.55782, 0
16.18402, 148.9919, 145.5041, 145.3557, 148.3112, 132.8435, 3.20204, 10.23624, 11.02518, 19.63501, 144.0005, 143.1, 142.123, 145.1002, 130.9262, 3.233495, 8.323079, 10.65845, 0
17.41956, 149.2402, 145.4599, 145.5607, 148.3342, 133.6309, 3.39448, 10.16829, 11.58215, 20.31096, 143.7036, 142.868, 141.8595, 144.9107, 129.9166, 3.080069, 8.37093, 10.82635, 0
16.05753, 149.4629, 146.0912, 145.9742, 149.3186, 132.6997, 3.184445, 10.20463, 11.282, 21.18733, 144.7478, 144.0644, 142.6307, 145.4659, 129.9354, 3.369645, 8.331497, 10.69448, 0
14.7213, 150.1604, 146.7812, 146.4222, 149.6647, 133.42, 3.687855, 10.15625, 10.83064, 19.14266, 144.8159, 144.1823, 143.5233, 146.5931, 130.1586, 3.390151, 8.265315, 10.82444, 0
14.61121, 148.4842, 145.2356, 145.3364, 148.1515, 133.1013, 2.858074, 9.96038, 10.51114, 19.6486, 143.8243, 143.2219, 142.6529, 145.3359, 130.2717, 3.054924, 8.13277, 10.58838, 0
16.31238, 147.9337, 144.4291, 144.7833, 147.3712, 132.7514, 2.854442, 10.10575, 10.99621, 20.19207, 143.4097, 142.9023, 142.1582, 145.0017, 129.4353, 3.266446, 8.150132, 11.05674, 0
15.34815, 148.3813, 144.7373, 144.9576, 147.6884, 133.2114, 2.984587, 10.10404, 10.76446, 20.29314, 144.0622, 143.4867, 142.6237, 145.4981, 129.5804, 3.437466, 8.242383, 10.9561, 0
14.28571, 149.6355, 146.0989, 145.7648, 148.8156, 134.4097, 3.404328, 10.40552, 10.81949, 20.40104, 144.4912, 143.936, 143.178, 146.3772, 129.9167, 3.575715, 8.292305, 11.00271, 0
15.98447, 149.9897, 146.4691, 146.0933, 149.2369, 133.3771, 3.538837, 10.36705, 11.11353, 21.79399, 144.7468, 143.858, 142.8991, 145.9272, 129.2613, 3.675303, 8.249549, 10.83227, 0
15.10432, 149.7403, 145.8479, 145.7802, 149.0086, 133.4983, 3.527699, 10.4249, 11.63587, 18.62476, 144.6407, 143.8106, 142.9167, 145.9534, 131.0411, 3.510786, 8.19853, 10.61797, 0
16.56028, 149.6663, 145.535, 145.5838, 148.6281, 133.1677, 3.059407, 10.59804, 11.35681, 15.50266, 144.1881, 143.4866, 143.0093, 145.6479, 130.8299, 3.512682, 8.251549, 10.58827, 0
17.25527, 149.6866, 145.5947, 145.5959, 148.5525, 133.2755, 3.356605, 10.43313, 11.43068, 20.50481, 144.1534, 143.9913, 142.8827, 145.9785, 129.7673, 3.247512, 8.326617, 10.75574, 0
16.67377, 149.5549, 145.4302, 145.4264, 148.3664, 133.2025, 3.320422, 10.44557, 11.28203, 20.10008, 143.9183, 143.4272, 142.4598, 145.4703, 130.0697, 3.242263, 8.458652, 10.75663, 0
16.96061, 149.547, 145.3244, 145.3331, 148.2497, 133.5034, 3.607986, 10.54863, 11.62641, 18.97919, 143.5717, 142.8975, 142.0088, 144.9274, 130.1958, 3.227799, 8.502812, 10.74439, 0
15.51068, 149.5943, 145.6232, 145.7827, 148.7154, 133.1543, 3.040536, 10.36413, 11.03151, 18.99418, 143.7998, 143.1963, 142.3737, 145.3601, 130.1266, 3.135752, 8.460649, 10.74757, 0
15.09726, 149.5926, 145.6211, 145.8448, 148.8303, 133.1923, 3.253535, 10.50783, 11.36505, 20.40059, 143.6949, 142.7955, 141.8556, 144.6254, 129.8169, 3.458363, 8.625686, 11.00215, 0
15.97088, 149.4847, 145.6983, 145.8678, 148.8472, 133.014, 2.960814, 10.4861, 11.19524, 20.72989, 143.4747, 142.7083, 141.9757, 144.772, 129.7174, 3.239544, 8.471621, 10.78474, 0
16.20703, 149.6945, 145.5997, 145.682, 148.4486, 133.1812, 3.603751, 10.37585, 11.12629, 20.24281, 143.2991, 142.4243, 141.509, 144.3312, 129.3282, 3.344919, 8.606606, 11.05548, 0
16.24256, 150.2118, 145.8066, 145.8103, 148.5055, 133.8638, 4.019367, 10.40877, 11.32594, 20.58903, 142.9984, 141.9924, 141.3465, 144.0781, 129.2008, 3.585503, 8.655759, 11.13148, 0
16.18661, 151.1977, 146.8475, 146.5893, 149.4503, 134.1172, 4.102219, 10.45491, 11.04855, 19.81903, 143.8318, 142.4493, 141.9532, 144.5292, 130.5961, 3.371097, 8.415195, 10.50403, 0
15.4426, 150.653, 146.4046, 146.164, 149.1998, 134.08, 4.022581, 10.59897, 11.07089, 19.31703, 143.8704, 142.7538, 141.9603, 144.7241, 131.2548, 3.410936, 8.542678, 10.81134, 0
14.85727, 150.8275, 146.7045, 146.4234, 149.4291, 133.8707, 4.066545, 10.39071, 10.76108, 20.02596, 143.8224, 142.8966, 142.1381, 144.8875, 130.928, 3.431024, 8.571184, 10.73832, 0
14.60523, 150.7559, 146.7194, 146.3668, 149.289, 133.832, 3.946403, 10.22154, 10.44039, 20.49942, 144.8236, 144.0461, 143.2506, 146.1926, 130.904, 3.492166, 8.527375, 10.47525, 0
15.49352, 151.352, 147.25, 146.7177, 149.608, 134.1537, 4.587573, 10.36916, 11.02771, 20.52224, 144.2576, 143.4032, 142.5586, 145.4874, 130.5923, 3.6245, 8.632014, 10.61456, 0
16.6573, 151.3176, 146.8913, 146.4068, 149.367, 134.5667, 4.573589, 10.42243, 11.61162, 17.71218, 143.5242, 142.4127, 141.8075, 144.118, 130.7137, 3.635773, 8.518182, 10.41433, 0
17.00847, 151.0958, 146.6046, 146.1737, 149.0155, 134.0016, 4.17617, 10.39601, 11.32853, 17.49024, 143.33, 142.4523, 141.7482, 144.1861, 131.3042, 3.572538, 8.52551, 10.65713, 0
17.21498, 150.8054, 146.0707, 145.7192, 148.5924, 134.2301, 4.06722, 10.48445, 11.49116, 18.86966, 143.4712, 142.395, 141.8666, 144.1275, 130.8642, 3.80282, 8.628099, 10.84353, 0
18.92291, 151.2079, 146.5957, 146.1393, 148.9406, 134.0027, 4.017027, 10.42126, 11.20491, 20.42051, 145.1812, 144.2397, 142.9668, 145.9442, 131.4152, 3.014023, 8.641383, 10.32541, 0
19.33664, 150.3945, 145.6331, 145.2809, 148.0046, 134.6561, 4.423414, 10.42774, 11.65197, 20.05468, 144.131, 142.9351, 141.6144, 144.2923, 131.1645, 3.46882, 8.780177, 10.65076, 0
17.95808, 150.5459, 145.8358, 145.2948, 147.9791, 135.0138, 4.546785, 10.24473, 11.40778, 20.94363, 144.0937, 142.7278, 141.4745, 144.0747, 130.4951, 3.429311, 8.789971, 10.61561, 0
17.619, 150.5422, 146.2052, 145.6602, 148.2337, 134.8591, 4.223733, 10.05788, 10.88973, 21.06932, 144.474, 143.1761, 141.8625, 144.5287, 130.5193, 3.211747, 8.718932, 10.44433, 0
17.27434, 150.5679, 145.9178, 145.3792, 147.9013, 135.2878, 4.507282, 10.17108, 11.03874, 21.69307, 144.3741, 143.0272, 141.6089, 144.2167, 130.6064, 3.20418, 8.772522, 10.42543, 0
18.87599, 149.918, 145.3146, 144.969, 147.6513, 134.5035, 4.009708, 10.44012, 11.3328, 21.66201, 144.8473, 143.2531, 141.7611, 144.237, 130.8337, 3.262848, 8.780782, 10.42541, 0
16.86797, 150.1356, 145.8441, 145.3392, 148.0974, 134.664, 3.799627, 10.11979, 10.87051, 22.3171, 144.9674, 143.5959, 142.3701, 145.0002, 130.1884, 3.093324, 8.659367, 10.27774, 0
16.6197, 150.2127, 145.8797, 145.3156, 148.0869, 134.83, 3.92336, 10.13186, 10.86879, 21.55073, 145.1822, 143.7343, 142.4451, 145.024, 130.6992, 3.223854, 8.675049, 10.24924, 0
16.29716, 150.6249, 146.0336, 145.4748, 148.2496, 135.0638, 4.151288, 10.12691, 10.95307, 21.92815, 144.5573, 143.1827, 141.9352, 144.5514, 130.2428, 3.311152, 8.738533, 10.31666, 0
16.08362, 150.5738, 146.129, 145.5458, 148.2637, 134.821, 4.263561, 10.0859, 10.74307, 22.31316, 144.3871, 142.967, 141.6648, 144.3237, 129.9344, 3.198003, 8.718346, 10.3521, 0
15.90715, 150.7884, 146.5884, 145.991, 148.6664, 134.7312, 4.37909, 10.11814, 10.55976, 23.25919, 143.8808, 142.5307, 141.4294, 144.1661, 129.7353, 3.070202, 8.674189, 10.28161, 0
14.92603, 151.2952, 146.9924, 146.283, 149.0945, 134.4435, 4.109325, 10.18188, 10.35853, 22.59238, 144.1568, 142.6691, 141.6438, 144.3686, 129.998, 3.012789, 8.622816, 10.20326, 0
14.6321, 151.8943, 147.1656, 146.4972, 149.2856, 134.8946, 4.608277, 10.23727, 10.52828, 21.3652, 143.9637, 142.5504, 141.6916, 143.9369, 129.5328, 3.413116, 8.710277, 10.30943, 0
14.98575, 152.3644, 147.5653, 146.8374, 149.7971, 135.0715, 4.737144, 10.34347, 10.7572, 20.01533, 143.8682, 142.4174, 141.9662, 144.0165, 129.6439, 3.687855, 8.591577, 10.29092, 0
15.64814, 152.7189, 147.8224, 146.9655, 150.0522, 135.4527, 4.972639, 10.57578, 11.33063, 19.43621, 143.487, 142.6199, 141.8912, 144.0959, 130.0909, 3.685252, 8.667393, 10.45404, 0
15.71527, 152.8619, 147.8138, 146.9496, 149.9137, 135.2983, 5.142242, 10.47134, 11.23803, 18.93535, 143.3306, 142.6538, 142.1066, 144.3323, 129.8931, 3.679243, 8.626734, 10.34224, 0
15.74011, 153.1215, 148.0544, 147.0725, 150.0507, 135.5554, 5.295537, 10.51773, 11.33553, 19.78394, 143.238, 142.3871, 141.8794, 144.1062, 129.2761, 3.776572, 8.648108, 10.45986, 0
14.44935, 152.8925, 147.9905, 147.1174, 150.0784, 135.5502, 5.087656, 10.49484, 11.25547, 19.23132, 143.4258, 142.6071, 142.1091, 144.2563, 129.822, 3.709454, 8.593885, 10.28828, 0
15.10389, 152.8652, 148.1004, 147.227, 150.2039, 134.6988, 4.601854, 10.29182, 10.67947, 18.9393, 143.8493, 143.025, 142.7298, 145.0123, 130.1517, 3.485712, 8.478294, 10.00237, 0
15.02998, 152.5281, 147.714, 146.9301, 149.9272, 135.1916, 4.743549, 10.47668, 10.91116, 17.87555, 143.1556, 142.3922, 141.8289, 144.012, 130.7882, 3.56601, 8.619763, 10.29272, 0
14.51077, 152.6696, 147.8553, 147.0837, 149.9796, 135.2907, 5.12021, 10.45611, 11.04254, 18.04414, 143.1802, 142.2904, 141.7947, 143.862, 130.8999, 3.530917, 8.583481, 10.2553, 0
14.0537, 152.984, 148.281, 147.3322, 150.3087, 135.0757, 4.764194, 10.37185, 10.78045, 18.30898, 143.5163, 142.6783, 142.4017, 144.5781, 130.7763, 3.362083, 8.498724, 9.984163, 0
14.27408, 152.5744, 147.8501, 147.0303, 150.0149, 135.237, 4.87564, 10.55286, 11.06064, 20.21009, 142.857, 141.6694, 141.2269, 143.2723, 129.6032, 3.451846, 8.593817, 10.11141, 0
14.00421, 151.7183, 147.1816, 146.5386, 149.3993, 135.1197, 4.697611, 10.39179, 10.7606, 22.25707, 144.5513, 143.1657, 141.5725, 144.2894, 131.1078, 3.178722, 8.76923, 10.14239, 0
13.44217, 151.9068, 147.3952, 146.6577, 149.3523, 135.5535, 5.066896, 10.28419, 10.71292, 21.97178, 145.0054, 143.364, 141.8271, 144.3521, 130.8227, 3.145601, 8.755734, 10.11071, 0
15.02002, 151.9486, 147.5422, 146.6887, 149.3614, 135.5866, 5.202436, 10.33377, 10.92978, 21.82201, 144.7173, 143.1412, 141.7439, 144.2263, 130.6349, 3.229436, 8.724653, 10.1541, 0
15.19153, 152.0323, 147.4567, 146.5686, 149.2705, 135.4156, 4.945656, 10.34902, 10.78845, 22.31676, 144.7554, 143.1219, 141.714, 144.228, 130.2065, 3.246245, 8.694408, 10.15639, 0
15.08631, 152.0529, 147.5615, 146.6124, 149.2512, 135.8508, 5.263283, 10.36735, 10.96478, 22.63424, 144.7142, 143.131, 141.6414, 144.186, 130.1605, 3.257083, 8.781543, 10.33965, 0
15.32154, 152.0522, 147.653, 146.6068, 149.2349, 135.8062, 5.153774, 10.36591, 10.91344, 22.59902, 144.5905, 142.9967, 141.6332, 144.2082, 130.3921, 3.114264, 8.772948, 10.19673, 0
14.81936, 152.4744, 148.0702, 146.9157, 149.5549, 136.0083, 5.093661, 10.28432, 10.66577, 22.37587, 144.6933, 143.1055, 141.8595, 144.3609, 130.0717, 2.952804, 8.699287, 9.983435, 0
13.5314, 152.8623, 147.8836, 146.7932, 149.5936, 136.5229, 5.205636, 10.23222, 10.80205, 21.90495, 144.8289, 143.1501, 141.7617, 144.2226, 130.5246, 3.132941, 8.689595, 10.0577, 0
13.21625, 153.1251, 147.5114, 146.491, 149.4839, 136.34, 4.965029, 10.30198, 10.99881, 20.86921, 144.7366, 143.0271, 141.656, 144.0693, 130.8255, 3.359753, 8.786663, 10.20529, 0
12.55086, 153.3479, 147.7844, 146.7512, 149.7434, 136.1281, 4.961358, 10.28405, 10.97375, 21.21564, 144.6093, 142.955, 141.6523, 144.1383, 130.509, 3.269501, 8.818531, 10.23654, 0
12.59499, 153.9731, 148.5439, 147.2826, 150.2696, 135.9869, 4.997124, 10.14918, 10.59998, 22.2378, 144.6179, 143.1451, 142.0116, 144.6193, 130.1598, 2.970122, 8.704321, 10.00221, 0
12.73403, 153.6739, 148.1183, 146.9446, 149.8761, 136.5527, 5.233416, 10.28013, 10.88347, 22.37622, 144.7338, 143.1608, 141.8408, 144.3598, 130.2199, 2.968013, 8.707073, 9.989204, 0
13.02034, 153.6029, 147.9504, 146.9274, 149.8777, 136.5788, 5.34687, 10.36284, 11.08178, 22.53246, 144.5048, 142.7461, 141.345, 143.6741, 129.8658, 3.29069, 8.772276, 10.149, 0
13.30497, 153.5311, 147.986, 146.8809, 149.7285, 136.7118, 5.443629, 10.33748, 11.05272, 22.73366, 144.5395, 142.6908, 141.2419, 143.6017, 129.9672, 3.195063, 8.783421, 10.11054, 0
13.51649, 153.5119, 148.2965, 147.0003, 149.8177, 136.4073, 5.193804, 10.24192, 10.78315, 23.03898, 144.9712, 143.2789, 142.0232, 144.4789, 129.8718, 2.936783, 8.600739, 9.820948, 0
14.16686, 153.4169, 148.2598, 147.0198, 149.8025, 136.676, 5.478616, 10.31153, 11.06644, 22.29169, 144.5652, 142.915, 141.5666, 144.0017, 130.4587, 2.99454, 8.741297, 10.02024, 0
13.00725, 153.3444, 147.9118, 146.825, 149.7283, 136.7387, 5.218118, 10.38163, 11.09027, 22.66154, 144.5557, 142.7666, 141.3401, 143.7531, 130.5334, 3.103812, 8.778879, 10.11357, 0
13.05921, 153.3878, 147.8599, 146.8629, 149.8396, 136.6333, 5.099888, 10.35435, 11.06884, 22.76517, 145.1303, 143.2908, 141.9098, 144.4148, 130.7953, 3.278412, 8.822272, 10.16924, 0
12.10748, 153.5668, 147.9514, 146.9371, 149.9914, 135.8949, 4.731724, 10.31099, 10.83707, 23.22702, 144.7037, 143.062, 141.8081, 144.3553, 130.2662, 3.136501, 8.745409, 10.06568, 0
11.37479, 153.3926, 147.6051, 146.7597, 149.8394, 136.0728, 4.668415, 10.5006, 11.04453, 22.69894, 144.9166, 143.2347, 141.8759, 144.3699, 130.5884, 3.13725, 8.779887, 10.25118, 0
11.48461, 152.4843, 147.5616, 146.7439, 149.7411, 135.2342, 4.320419, 10.56103, 10.88752, 22.84014, 145.4803, 143.6666, 142.1411, 144.4986, 129.9904, 3.284676, 8.820602, 10.22891, 0
13.72379, 151.4324, 146.9923, 146.3371, 149.0727, 134.4053, 4.321281, 10.49344, 11.23221, 23.26511, 145.4133, 143.5703, 141.9922, 144.354, 129.488, 3.170768, 8.821671, 10.19904, 0
15.47011, 151.4554, 147.0796, 146.4711, 149.1723, 134.2513, 4.433454, 10.45632, 11.33586, 22.69891, 145.5366, 143.6635, 142.2479, 144.6659, 129.5217, 3.295981, 8.790352, 10.24123, 0
14.30621, 151.7816, 147.1965, 146.4798, 149.2239, 134.5937, 4.430979, 10.5853, 11.36857, 21.69077, 146.0843, 144.3182, 142.5997, 145.0067, 129.8559, 3.338299, 8.826057, 10.37031, 0
15.75081, 151.3314, 147.1734, 146.4306, 149.1481, 134.0727, 4.11642, 10.56723, 11.26124, 21.93185, 145.7433, 144.1171, 142.5579, 145.0302, 129.7829, 3.147032, 8.780356, 10.23599, 0
16.3218, 151.513, 147.3126, 146.6421, 149.3652, 134.0979, 4.236372, 10.50114, 11.23536, 22.69545, 145.7821, 144.3176, 142.7694, 145.3053, 129.5098, 3.04414, 8.72508, 10.14117, 0
15.45821, 151.3415, 146.8269, 146.3303, 149.0975, 134.4201, 4.035947, 10.52605, 11.30944, 23.24953, 145.902, 144.5574, 142.7506, 145.2054, 129.1673, 2.942044, 8.728276, 10.10669, 0
15.27999, 151.1216, 146.4913, 146.0974, 148.9393, 134.2918, 3.832059, 10.30527, 11.1255, 22.05365, 145.8182, 144.5254, 142.8648, 145.3205, 129.5857, 2.732586, 8.665421, 10.0227, 0
15.3359, 150.7651, 146.1122, 145.6246, 148.519, 134.5159, 3.681052, 10.49051, 11.41273, 21.65657, 145.2079, 143.591, 141.994, 144.2873, 129.6763, 2.963789, 8.794619, 10.24187, 0
15.39422, 151.1833, 147.1114, 146.3969, 149.0039, 134.4649, 4.109135, 10.37396, 11.11783, 23.13974, 145.6093, 143.9711, 142.495, 144.8515, 129.3366, 2.755911, 8.664039, 10.10604, 0
13.85662, 151.7909, 147.512, 146.7004, 149.333, 134.6446, 4.482574, 10.45525, 11.19848, 24.15988, 145.2142, 143.3654, 141.6921, 144.0844, 129.1407, 3.168915, 8.819511, 10.46264, 0
13.76138, 151.7398, 147.3932, 146.6115, 149.2258, 134.6558, 4.479558, 10.51958, 11.32385, 23.77335, 145.56, 143.6584, 142.0478, 144.4152, 129.5172, 3.077462, 8.788563, 10.38802, 0
13.97831, 151.9907, 147.5722, 146.8288, 149.4219, 134.6351, 4.726711, 10.49739, 11.33751, 23.0186, 145.8053, 143.8571, 142.153, 144.4843, 129.8779, 3.17903, 8.803326, 10.39726, 0
13.28623, 151.995, 147.244, 146.5985, 149.3224, 134.5762, 4.379045, 10.44346, 11.16636, 23.07895, 145.2994, 143.4209, 141.8481, 144.1791, 129.5617, 3.109358, 8.839825, 10.40753, 0
12.81692, 152.1125, 147.6161, 146.7931, 149.4552, 134.8233, 4.325086, 10.4346, 10.90463, 23.41043, 145.6344, 143.6763, 142.187, 144.5361, 129.4833, 2.834692, 8.673146, 10.25632, 0
12.72035, 152.0527, 147.3646, 146.5363, 149.1203, 135.3172, 4.750152, 10.5159, 11.29437, 23.54303, 145.4414, 143.1373, 141.5604, 143.8566, 129.9441, 3.237428, 8.825924, 10.56071, 0
11.97159, 152.7313, 147.7201, 146.8324, 149.5154, 135.595, 4.781884, 10.40199, 10.98285, 23.51416, 145.2694, 143.2353, 141.7098, 144.1158, 129.8326, 3.049858, 8.762978, 10.42007, 0
12.01715, 152.7999, 147.8847, 147.0038, 149.6761, 135.75, 5.034661, 10.36796, 11.05667, 23.00266, 145.4306, 143.3737, 141.7562, 144.1747, 130.3147, 3.120858, 8.782012, 10.48098, 0
11.96033, 152.4635, 148.1718, 147.1967, 149.8094, 135.2025, 4.882827, 10.41191, 11.05752, 23.48754, 145.1978, 143.2289, 141.6711, 144.1513, 129.8622, 2.861975, 8.733339, 10.40495, 0
12.23641, 152.3762, 147.9588, 146.9891, 149.544, 135.3167, 4.966607, 10.46772, 11.19032, 23.49712, 145.1977, 143.0952, 141.4132, 143.8539, 130.0193, 3.002505, 8.796516, 10.47649, 0
13.59218, 152.3392, 148.2703, 147.1909, 149.6432, 135.1964, 5.134959, 10.58072, 11.24672, 22.88647, 145.3721, 143.2887, 141.7195, 144.1994, 130.28, 2.893606, 8.68998, 10.33938, 0
13.97547, 152.3323, 148.3052, 147.2932, 149.7772, 135.1705, 5.257957, 10.64847, 11.3539, 23.37313, 145.2448, 143.2249, 141.6177, 144.0509, 130.1297, 3.081086, 8.807921, 10.46458, 0
14.25325, 152.4264, 148.7034, 147.5713, 150.047, 134.7436, 4.635909, 10.50037, 10.74635, 22.11118, 146.4527, 144.9671, 143.5123, 145.9268, 130.5556, 2.63329, 8.514884, 9.786149, 0
15.41523, 151.9432, 148.0527, 146.9487, 149.3549, 135.2381, 4.935227, 10.6456, 11.14373, 23.48081, 145.4334, 143.6248, 142.2151, 144.5435, 129.2755, 2.995325, 8.656032, 10.06796, 0
14.65972, 151.983, 147.7653, 146.6002, 149.0831, 135.4959, 4.817515, 10.65268, 11.17445, 24.82112, 144.9144, 142.8333, 141.3946, 143.7736, 128.7796, 3.040987, 8.693731, 10.24269, 0
13.31183, 151.8839, 146.9539, 145.9822, 148.6529, 135.3342, 4.246301, 10.60172, 11.22132, 24.92595, 144.5733, 142.685, 141.1584, 143.5865, 128.913, 3.048574, 8.716341, 10.30735, 0
13.49863, 151.8033, 146.6479, 145.8548, 148.5123, 135.3918, 3.893047, 10.7505, 11.29693, 23.7534, 145.5658, 143.8557, 141.9423, 144.3018, 130.1702, 3.008302, 8.607085, 10.28654, 0
13.75047, 151.7248, 146.6875, 145.7902, 148.3674, 135.5648, 4.090554, 10.70877, 11.41791, 21.95955, 145.9845, 144.3621, 142.3978, 144.6077, 131.2812, 2.995129, 8.686113, 10.10108, 0
14.12722, 151.3065, 146.3628, 145.5664, 148.0955, 135.6563, 3.867005, 10.67044, 11.49807, 21.96643, 144.9652, 143.1534, 141.6279, 144.0285, 130.1604, 3.017788, 8.662066, 10.39949, 0
15.28025, 151.1098, 146.5361, 145.8092, 148.1579, 135.9359, 4.181934, 10.53823, 11.41984, 21.84554, 145.5036, 143.6424, 142.2161, 144.3662, 130.1916, 3.101793, 8.760377, 10.5048, 0
13.49188, 151.3902, 146.6362, 145.8938, 148.2141, 135.795, 4.165323, 10.49228, 11.24976, 20.7387, 145.5829, 143.782, 142.3492, 144.7191, 130.7479, 3.111938, 8.75578, 10.53609, 0
13.66833, 151.6564, 146.94, 146.1142, 148.4277, 135.5019, 4.354871, 10.56539, 11.36696, 20.60077, 145.5773, 143.9488, 142.4087, 144.5883, 130.5163, 2.868944, 8.628781, 10.34773, 0
14.1651, 152.2873, 147.4825, 146.5152, 149.3163, 135.2847, 4.009659, 10.76329, 11.28655, 22.63669, 146.3086, 144.5727, 142.7786, 144.9482, 130.5067, 2.909931, 8.703531, 10.10961, 0
14.08688, 152.95, 148.5427, 147.3243, 150.0117, 135.7043, 4.720201, 10.6592, 11.22944, 23.80957, 146.5921, 144.6815, 142.8113, 145.0638, 130.1092, 3.007912, 8.727781, 10.31975, 0
14.30772, 152.3484, 147.5305, 146.4937, 149.1876, 135.6502, 4.593845, 10.7016, 11.53937, 22.74336, 145.9036, 143.9201, 142.2341, 144.4629, 130.7259, 3.018242, 8.807297, 10.39909, 0
13.54815, 152.1282, 147.2343, 146.3452, 149.0937, 135.3922, 4.314204, 10.80955, 11.57485, 23.68734, 145.9944, 143.7673, 142.0463, 144.1712, 130.1542, 2.950681, 8.745296, 10.28448, 0
13.0523, 151.5736, 146.9345, 146.0873, 148.8528, 135.1118, 3.876008, 10.83429, 11.57554, 23.88607, 146.0026, 143.7935, 142.0617, 144.2345, 130.2741, 2.912554, 8.719608, 10.22397, 0
12.63694, 151.7215, 146.8493, 146.1285, 148.8584, 135.2322, 3.879391, 10.82095, 11.53464, 23.00102, 145.8088, 143.7789, 142.0268, 144.2535, 130.5858, 2.939049, 8.752975, 10.2557, 0
12.80669, 152.2216, 147.4805, 146.6634, 149.1878, 135.9057, 4.773806, 10.75557, 11.43447, 23.85169, 145.8696, 143.7084, 142.0082, 144.2567, 130.3358, 3.040858, 8.850285, 10.43732, 0
13.12529, 152.3691, 147.8156, 146.8813, 149.3476, 135.653, 4.917849, 10.70796, 11.41661, 22.922, 146.6071, 144.7221, 142.7632, 145.0417, 131.1613, 3.137624, 8.765937, 10.39095, 0
14.36174, 152.1098, 147.7224, 146.6897, 149.3557, 135.5552, 4.405311, 10.65699, 11.4385, 20.56945, 146.8936, 145.0854, 143.3672, 145.6516, 131.6141, 3.090602, 8.693708, 10.16777, 0
14.69812, 152.5271, 147.6146, 146.6727, 149.4078, 135.7498, 4.760657, 10.75301, 11.64219, 21.88077, 145.4269, 143.3834, 142.0048, 144.3466, 130.3163, 3.250344, 8.955523, 10.53317, 0
15.49245, 152.8033, 147.7899, 146.7834, 149.4918, 135.9149, 5.129997, 10.71801, 11.55115, 22.55372, 145.9512, 143.9498, 142.7926, 145.1694, 130.1649, 3.057807, 8.815323, 10.26757, 0
16.06373, 152.9004, 148.1638, 147.016, 149.6189, 135.6399, 5.010202, 10.55935, 11.30314, 20.69771, 146.392, 144.4885, 143.192, 145.357, 131.1676, 3.316588, 8.833488, 10.27709, 0
15.79107, 152.807, 147.8348, 146.8156, 149.4403, 135.7827, 5.13328, 10.66734, 11.48693, 19.78166, 146.2182, 144.1709, 142.6254, 144.7802, 131.1822, 3.330137, 8.887366, 10.48706, 0
15.69307, 151.8785, 146.9727, 146.142, 148.8758, 135.6349, 4.378956, 10.81048, 11.81653, 22.27818, 145.8595, 143.4867, 142.0046, 144.135, 130.2127, 3.216072, 8.793256, 10.52489, 0
15.70831, 151.9314, 147.0361, 146.2688, 148.9435, 135.6025, 4.5376, 10.77749, 11.68589, 23.06315, 145.5955, 143.1529, 141.7391, 143.8994, 129.6633, 3.211137, 8.754815, 10.46757, 0
15.17226, 151.8515, 147.3488, 146.4685, 149.1723, 135.4245, 4.155721, 10.70002, 11.3336, 22.97128, 145.8209, 143.662, 142.3183, 144.4714, 129.814, 2.89827, 8.633561, 10.22399, 0
13.80496, 151.2965, 146.6167, 145.9569, 148.7626, 135.4718, 3.745177, 10.73664, 11.47645, 21.00847, 146.1541, 144.1937, 142.5079, 144.5412, 131.0922, 2.945236, 8.732844, 10.27525, 0
14.17477, 151.699, 146.8137, 146.1005, 148.7922, 135.917, 4.235818, 10.73924, 11.48556, 21.57893, 146.1679, 144.1829, 142.4799, 144.5229, 130.9168, 3.017139, 8.798727, 10.25647, 0
12.98116, 151.5949, 146.7662, 145.962, 148.558, 135.9398, 4.376272, 10.83125, 11.46383, 23.44088, 146.2512, 144.1273, 142.2386, 144.267, 130.2669, 3.125809, 8.861732, 10.27278, 0
14.08451, 152.3687, 147.7019, 146.7526, 149.2293, 136.1674, 4.509324, 10.60205, 11.17308, 23.91407, 146.457, 144.4523, 142.9388, 145.0526, 129.8165, 2.898878, 8.765376, 10.15449, 0
17.21388, 151.7533, 146.7834, 145.7448, 148.2569, 136.4502, 5.228134, 10.79596, 11.35914, 21.47573, 145.5902, 143.704, 142.123, 144.2157, 130.6368, 3.115898, 8.785769, 10.21249, 0
15.92364, 151.8128, 146.9195, 145.6559, 148.121, 136.4978, 4.998614, 10.35592, 11.01056, 19.67233, 145.4939, 144.0936, 142.7121, 144.8615, 130.3438, 2.785723, 8.497684, 9.783195, 0
15.52973, 151.4598, 146.1697, 145.0879, 147.4311, 135.7888, 4.789701, 10.58234, 10.89977, 19.43043, 145.7584, 144.1627, 142.8454, 144.8706, 130.5111, 3.189175, 8.575422, 9.989657, 0
14.37929, 152.0606, 146.9267, 145.7133, 148.1297, 135.0495, 4.841973, 10.40178, 10.24667, 19.05044, 145.2595, 143.9345, 142.6766, 144.6622, 130.6437, 3.110616, 8.569121, 9.959688, 0
14.77618, 153.1275, 147.533, 146.0887, 148.4491, 135.053, 5.226522, 10.62588, 9.771611, 20.80488, 143.3734, 142.269, 141.1173, 143.19, 129.9987, 2.991335, 8.596879, 9.994991, 0
14.70782, 153.4149, 147.6411, 146.2314, 148.4722, 135.1824, 5.352695, 10.5541, 9.656834, 20.59426, 144.5198, 143.388, 142.3182, 144.4407, 130.4904, 2.834001, 8.503852, 9.774186, 0
13.65536, 153.4883, 147.5582, 146.2167, 148.4073, 135.2358, 5.516438, 10.33729, 9.510145, 20.87602, 145.0374, 143.6291, 142.1775, 144.1985, 130.7708, 3.047289, 8.572124, 9.949435, 0
13.15022, 152.8939, 147.026, 145.8764, 148.1674, 135.3497, 5.296425, 10.46954, 9.748788, 19.65928, 147.7733, 146.1279, 144.1411, 146.1156, 131.7978, 2.990026, 8.637495, 10.09726, 0
13.38058, 153.0872, 147.0509, 145.897, 148.1475, 135.6608, 5.457184, 10.45798, 9.81015, 18.39556, 147.2614, 145.6622, 143.866, 145.8285, 132.0899, 2.933515, 8.627052, 10.03411, 0
14.58354, 153.0777, 147.167, 146.0042, 148.1986, 135.8083, 5.485337, 10.56226, 9.839869, 19.31064, 146.3893, 144.9074, 143.3819, 145.3849, 131.3425, 2.94723, 8.590639, 10.07101, 0
13.87333, 153.291, 147.4554, 146.3162, 148.4782, 135.433, 5.597971, 10.61419, 9.930582, 14.73658, 146.3839, 144.9528, 143.9389, 145.9322, 134.5624, 2.763005, 8.599346, 9.659134, 0
13.02918, 153.2328, 147.576, 146.3222, 148.4824, 135.6691, 5.51555, 10.68916, 9.884414, 10.33379, 145.9637, 144.4665, 143.4191, 145.3967, 136.4144, 2.900498, 8.760176, 9.497176, 0
11.60357, 152.931, 147.2852, 146.1983, 148.3772, 135.4271, 5.481906, 10.48986, 9.855405, 8.73932, 146.9271, 145.1857, 144.1273, 145.8484, 137.4081, 3.073133, 8.715574, 9.291956, 0
10.98915, 153.0057, 147.3119, 146.0919, 148.1428, 135.7819, 5.685479, 10.22837, 9.78844, 9.434278, 147.1429, 145.5554, 144.3831, 146.107, 136.9675, 3.091805, 8.721387, 9.456502, 0
11.11808, 153.065, 147.0153, 146.0378, 148.0691, 135.7882, 5.686134, 10.35649, 9.668349, 12.49411, 148.9187, 147.0692, 145.3337, 146.9013, 135.782, 3.278531, 8.694048, 9.49287, 0
14.18689, 153.5003, 147.5402, 146.3551, 148.3335, 136.2017, 5.850725, 10.75389, 9.799541, 13.33657, 149.3745, 147.4854, 145.8094, 147.3653, 135.1693, 3.17823, 8.580048, 9.440004, 0
15.59997, 153.5512, 147.7813, 146.484, 148.4686, 136.2137, 5.951571, 10.63741, 9.798518, 13.30996, 148.883, 147.0729, 145.4193, 147.0148, 134.8278, 3.05005, 8.65501, 9.569736, 0
14.31378, 153.4826, 147.6217, 146.6817, 148.526, 135.5848, 6.063946, 10.06171, 9.546311, 13.26479, 147.7634, 146.1332, 144.5878, 146.2338, 134.9911, 2.858759, 8.633515, 9.337804, 0
12.91483, 153.9049, 147.5652, 146.4586, 148.5914, 135.7943, 5.604235, 10.42874, 9.641634, 14.26167, 146.387, 144.5663, 143.2297, 145.0015, 134.6419, 2.845788, 8.570932, 9.295804, 0
14.63211, 153.2879, 147.1038, 145.9912, 148.2119, 135.5786, 5.670014, 10.13673, 9.583224, 16.32708, 146.2184, 144.5538, 143.0873, 145.0226, 134.5693, 2.838694, 8.872565, 9.506652, 0
14.35153, 153.1379, 147.3863, 146.2626, 148.3196, 135.6882, 5.950451, 10.51223, 10.36035, 18.32504, 146.3513, 144.4055, 143.3961, 145.2852, 133.1855, 2.718726, 8.78597, 9.074759, 0
15.10561, 152.0511, 146.4677, 145.3602, 147.5837, 135.9459, 5.538136, 10.85366, 10.91165, 18.59474, 145.7187, 143.1293, 142.285, 144.0588, 133.4783, 3.512626, 9.191224, 10.2187, 0
13.297, 152.2832, 146.5509, 145.6992, 147.6768, 135.754, 5.439092, 10.10293, 9.859574, 17.73479, 145.4977, 142.97, 142.0575, 143.8739, 134.0654, 3.270041, 9.032396, 9.891274, 0
12.77621, 154.0984, 146.9994, 145.9412, 148.2801, 136.1008, 5.443485, 10.84379, 10.19547, 21.74582, 145.4099, 142.9455, 142.0642, 144.1254, 132.7701, 3.13831, 8.931424, 9.757557, 0
13.24446, 153.5418, 146.6164, 145.7237, 147.9911, 135.9153, 5.601192, 10.73999, 10.16111, 20.46638, 146.3771, 144.5604, 143.2778, 145.4579, 133.0665, 2.897527, 9.003834, 9.875537, 0
14.88504, 153.265, 147.0071, 145.7562, 147.9919, 135.706, 5.7181, 10.30469, 10.34695, 18.04908, 145.8893, 143.974, 142.4368, 144.7058, 134.3993, 2.776574, 9.166518, 9.667516, 0
14.03542, 154.4478, 147.9476, 146.7017, 149.1911, 135.8397, 5.559505, 10.62988, 10.04999, 15.94451, 146.8934, 144.5902, 143.2531, 145.147, 134.7074, 2.623758, 8.946303, 9.260834, 0
13.86323, 153.2261, 146.6583, 145.69, 148.3671, 135.1979, 5.063995, 10.39042, 9.88111, 19.02323, 146.7541, 145.1258, 143.0852, 145.1868, 133.5109, 2.72606, 8.783175, 8.864989, 0
15.16035, 152.2161, 146.1525, 145.2545, 147.4586, 135.0002, 5.335938, 10.41401, 10.7134, 16.26329, 149.1718, 146.9943, 144.5166, 146.2095, 134.8253, 3.137811, 8.763852, 9.79613, 0
15.96943, 151.9173, 145.7985, 145.0139, 147.2892, 134.8566, 5.187915, 10.3406, 10.96473, 15.77169, 147.6029, 145.9421, 144.2456, 146.1092, 133.8508, 2.345185, 8.658119, 9.349898, 0
15.81511, 151.4383, 145.7294, 144.8945, 147.0076, 134.9212, 5.008677, 10.22478, 10.57777, 17.28852, 146.0012, 144.0606, 142.6049, 144.2534, 133.1726, 2.85643, 8.693845, 9.267049, 0
16.42587, 151.5634, 145.5818, 144.7973, 146.866, 135.2788, 5.067012, 10.31656, 10.53073, 20.47183, 146.3029, 144.1521, 142.7332, 144.676, 131.6253, 3.271956, 8.835445, 10.04295, 0
16.26943, 152.5555, 145.9789, 145.2682, 147.5769, 135.0626, 4.620163, 10.39294, 10.10768, 20.52372, 147.2015, 145.3298, 143.4825, 145.1391, 131.8232, 3.234101, 8.699987, 9.69483, 0
13.66979, 153.4713, 146.3698, 145.3838, 147.9831, 135.3885, 5.079062, 10.37126, 9.858757, 20.21913, 146.4808, 144.7734, 143.0406, 144.6495, 131.5321, 3.211625, 8.703396, 9.757093, 0
13.53802, 154.676, 147.3197, 146.1472, 148.6147, 135.5469, 5.684617, 10.48045, 9.608218, 18.37737, 146.7766, 144.8924, 143.1561, 144.7321, 132.668, 3.137, 8.643519, 9.594172, 0
14.96176, 154.3391, 147.462, 146.1799, 148.5436, 136.1288, 5.704029, 10.43385, 9.647566, 16.18104, 147.3886, 145.4197, 143.6512, 145.3739, 133.9198, 2.770151, 8.602474, 9.356013, 0
15.65268, 153.9193, 147.732, 146.2172, 148.492, 135.7599, 5.810755, 10.28239, 9.965295, 16.43621, 146.6181, 144.7616, 143.1778, 145.1199, 133.9395, 2.882422, 8.661997, 9.666417, 0
14.82249, 153.5347, 147.4745, 146.0379, 148.2991, 135.8435, 5.54072, 10.49636, 10.08483, 15.76982, 147.9302, 146.0192, 144.1695, 146.0122, 134.3725, 3.058831, 8.728276, 9.967052, 0
13.83277, 153.6079, 147.4069, 146.1266, 148.461, 135.4647, 5.246317, 10.67247, 9.904229, 16.75971, 148.8415, 146.801, 144.5222, 146.3299, 134.3216, 3.331548, 8.663244, 9.936066, 0
12.48522, 153.6916, 147.0881, 145.9876, 148.223, 135.5538, 5.303597, 10.55191, 9.738819, 19.37469, 147.6724, 145.9671, 143.8947, 145.7227, 133.448, 3.237126, 8.759705, 9.821508, 0
12.76378, 154.1137, 147.3949, 146.2437, 148.4449, 135.514, 5.45783, 10.53594, 9.841269, 20.49272, 147.6405, 146.1073, 144.1988, 146.1138, 132.7062, 3.08572, 8.696691, 9.60259, 0
12.83203, 153.751, 146.9944, 145.8937, 147.9477, 135.5864, 5.670118, 10.70249, 10.46802, 19.22008, 148.691, 146.8983, 144.602, 146.3513, 133.4964, 3.39448, 8.70326, 9.966005, 0
12.77013, 153.524, 146.5609, 145.6441, 147.7798, 135.4932, 5.743102, 10.61645, 10.63008, 19.06785, 148.5633, 146.5235, 144.3201, 146.1466, 133.2919, 3.461136, 8.706217, 10.21569, 0
13.18111, 153.4866, 146.6177, 145.636, 147.8885, 135.1023, 5.250797, 10.37924, 10.55005, 18.68794, 147.3134, 145.7528, 143.8636, 145.8337, 133.2751, 2.98485, 8.735656, 10.02731, 0
13.75541, 153.5778, 146.6695, 145.6419, 147.8933, 135.3205, 5.26734, 10.45547, 10.50897, 18.85871, 147.5467, 145.8385, 144.0303, 146.025, 133.0584, 3.097562, 8.725801, 10.03924, 0
13.82381, 153.5012, 146.4, 145.4877, 147.6493, 135.5339, 5.564754, 10.57306, 10.73046, 18.53783, 147.9269, 145.9339, 143.906, 145.832, 133.4196, 3.380377, 8.826168, 10.25116, 0
14.41016, 153.7871, 146.58, 145.7337, 147.9243, 135.2264, 5.475253, 10.42356, 10.53009, 18.61209, 148.4186, 146.5422, 144.5795, 146.5324, 133.3678, 3.247512, 8.667166, 10.0338, 0
14.42862, 153.7373, 146.6238, 145.7762, 147.9738, 135.2796, 5.428885, 10.46277, 10.53721, 18.42563, 148.5309, 146.4247, 144.2635, 146.0948, 133.5877, 3.459268, 8.7249, 10.18549, 0
14.56491, 153.1415, 146.1466, 145.2769, 147.5439, 135.2277, 5.380118, 10.51083, 10.86319, 19.52787, 147.3795, 145.5562, 143.6592, 145.6513, 132.9158, 3.272135, 8.806248, 10.20392, 0
15.25674, 154.6235, 147.2223, 146.1144, 148.3755, 135.2053, 5.854877, 10.39588, 10.37219, 21.45613, 146.3759, 144.2122, 142.5649, 144.5308, 132.187, 3.373304, 8.805468, 10.14121, 0
14.26085, 154.8938, 147.2067, 146.1039, 148.3907, 135.7376, 6.038321, 10.6439, 10.38785, 21.05525, 145.9551, 143.749, 142.2203, 144.1437, 132.1063, 3.289441, 8.779752, 10.0585, 0
13.01965, 155.1803, 147.2765, 146.0706, 148.3537, 136.1759, 6.05696, 10.65889, 10.261, 18.23843, 146.2902, 144.3113, 142.6253, 144.5349, 132.8535, 3.322132, 8.851106, 10.08898, 0
11.98818, 155.1231, 147.5196, 146.2647, 148.6455, 136.1455, 5.753944, 10.64346, 10.14693, 19.20713, 146.3981, 144.6016, 142.8014, 144.6576, 132.4851, 3.20308, 8.794551, 9.855784, 0
11.20252, 155.4734, 147.8658, 146.5485, 149.1066, 136.3247, 5.819316, 10.60011, 10.15083, 18.7518, 146.7337, 145.08, 143.2323, 145.0629, 132.9623, 3.114013, 8.779416, 9.775556, 0
11.56555, 154.8663, 147.4764, 146.0127, 148.644, 136.035, 5.585881, 10.43172, 10.21174, 19.49156, 146.5675, 145.168, 143.6163, 145.4532, 132.0016, 2.73731, 8.63695, 9.469256, 0
11.84967, 155.3149, 147.6723, 146.1252, 148.9868, 135.6448, 5.595625, 10.49023, 9.92006, 20.16594, 145.559, 143.8866, 142.2225, 143.9946, 132.012, 3.235856, 8.768648, 9.860153, 0
12.3279, 155.0016, 147.6037, 146.1336, 148.9335, 135.4508, 5.537818, 10.42492, 10.0064, 19.36596, 145.7923, 144.1361, 142.5146, 144.2917, 132.2915, 3.068224, 8.714944, 9.790548, 0
12.47312, 154.5166, 147.1107, 145.8302, 148.4141, 135.7483, 5.739688, 10.68927, 10.6512, 18.70003, 146.079, 144.2148, 142.5675, 144.3669, 132.741, 3.238517, 8.663063, 9.991567, 0
12.7162, 153.9371, 146.7885, 145.5927, 148.2576, 135.3031, 5.279639, 10.47709, 10.53549, 24.367, 146.3126, 143.6408, 142.2256, 144.3976, 131.7331, 3.569412, 8.661657, 9.913655, 0
14.26279, 153.2972, 146.6558, 145.4845, 147.924, 135.0534, 5.308509, 10.37267, 10.71045, 23.19012, 146.3339, 144.0724, 142.3104, 144.2312, 131.8504, 3.331959, 8.582863, 9.99009, 0
13.86701, 153.6816, 147.1374, 145.7401, 148.1562, 135.017, 5.234165, 10.19169, 10.42687, 21.66942, 146.0577, 144.2301, 142.6639, 144.6116, 131.7693, 3.111686, 8.586204, 9.880872, 0
15.31912, 153.694, 147.0287, 145.5345, 148.0508, 135.0438, 5.209361, 10.33794, 10.49008, 21.68647, 145.7409, 143.8342, 142.427, 144.3578, 131.4898, 3.008497, 8.570588, 9.761405, 0
15.10168, 153.9497, 147.0186, 145.6989, 148.0151, 135.1218, 5.644933, 10.18681, 10.52349, 23.03046, 145.7545, 143.6804, 142.1105, 144.0364, 131.0624, 3.102298, 8.58483, 9.794203, 0
16.28595, 153.9635, 147.227, 145.8382, 148.1534, 135.4008, 5.540861, 10.20008, 10.46537, 22.25915, 146.383, 144.3744, 142.8549, 144.8303, 131.4501, 3.031961, 8.551478, 9.78836, 0
15.83285, 153.1242, 146.2324, 145.0419, 147.4542, 134.9842, 5.183646, 10.34752, 10.8258, 21.65584, 146.9811, 144.9961, 143.0559, 144.8875, 132.1145, 3.229133, 8.682541, 10.03774, 0
15.30052, 153.9261, 146.7384, 145.5608, 147.9469, 134.8737, 5.331199, 10.31036, 10.60476, 21.55845, 146.8893, 144.9713, 143.1208, 145.0079, 132.2901, 3.122614, 8.639633, 9.988969, 0
13.93172, 155.2315, 147.3004, 146.0718, 148.4337, 135.7417, 5.900433, 10.71105, 10.56306, 20.6382, 146.4864, 144.8366, 142.9632, 144.8922, 132.3195, 2.978218, 8.699626, 9.938638, 0
15.54802, 154.5887, 146.9372, 145.8027, 148.2547, 135.4784, 5.769083, 10.68717, 10.76401, 20.83538, 146.6837, 144.9267, 143.1206, 144.9527, 132.2416, 3.032155, 8.647155, 9.893979, 0
17.35775, 154.2136, 146.8064, 145.7968, 148.1578, 135.0866, 5.734221, 10.57081, 10.81505, 21.31805, 147.4116, 145.6284, 143.6067, 145.3544, 132.1854, 3.067842, 8.6168, 9.775213, 0
16.96304, 154.2935, 146.9251, 145.9506, 148.2959, 135.3922, 5.606508, 10.6125, 10.80099, 20.82812, 147.8434, 146.1449, 143.955, 145.678, 132.4566, 3.033188, 8.633311, 9.840929, 0
17.08489, 154.3618, 146.8571, 145.8139, 148.1804, 135.3326, 5.842746, 10.6518, 10.8822, 20.7354, 147.4135, 145.5924, 143.5483, 145.2828, 132.2465, 3.070903, 8.684825, 9.897714, 0
15.49311, 154.7376, 147.0009, 145.887, 148.2921, 135.7278, 5.879133, 10.73005, 10.76007, 21.41319, 147.287, 145.4257, 143.4137, 145.0892, 132.0093, 3.164835, 8.677585, 9.839991, 0
14.42153, 155.6941, 148.0516, 146.6105, 149.1233, 135.727, 5.740746, 10.43511, 10.20972, 20.5939, 147.4895, 146.0727, 144.5178, 146.3927, 131.7103, 2.693917, 8.470253, 9.385084, 0
16.44066, 154.3528, 146.9067, 145.7809, 148.1522, 135.2786, 5.835159, 10.43371, 10.73266, 21.28941, 147.1919, 145.3194, 143.3829, 145.0947, 131.991, 3.151445, 8.629829, 9.777365, 0
15.76412, 154.5766, 147.1797, 145.9687, 148.3582, 135.3444, 5.716352, 10.54105, 10.68248, 21.16801, 147.6494, 145.7753, 143.7537, 145.3931, 132.1905, 3.045747, 8.644042, 9.752215, 0
15.19617, 154.6535, 146.8763, 145.7899, 148.166, 135.4516, 5.890358, 10.68233, 10.7339, 20.11223, 147.7909, 145.8404, 143.7879, 145.3912, 132.5488, 3.080387, 8.737432, 9.937629, 0
15.04293, 154.7323, 147.0051, 145.858, 148.1528, 135.3777, 5.921126, 10.63547, 10.72847, 19.13207, 147.599, 145.5329, 143.6708, 145.4916, 132.7536, 3.056974, 8.689506, 9.838712, 0
15.30036, 154.5991, 147.0154, 145.8921, 148.1505, 135.2168, 6.008347, 10.47471, 10.7692, 18.30093, 147.1175, 145.0701, 143.263, 145.1031, 132.9587, 2.90124, 8.524934, 9.794724, 0
15.25533, 154.6861, 147.3173, 146.2819, 148.6432, 135.0705, 5.648231, 10.49383, 10.58929, 17.56207, 147.6341, 145.9648, 144.2868, 146.1796, 132.9749, 2.553973, 8.339413, 9.394044, 0
16.70621, 153.963, 146.9434, 146.0425, 148.3164, 135.0778, 5.517539, 10.55365, 10.93574, 17.52744, 147.297, 145.5325, 143.6684, 145.4763, 133.43, 2.676568, 8.500572, 9.597326, 0
16.18146, 153.947, 146.9875, 146.1064, 148.4599, 135.2848, 5.229933, 10.38052, 10.50369, 18.08531, 146.9931, 145.2257, 143.4051, 145.1536, 133.49, 2.71815, 8.487577, 9.691159, 0
16.26802, 153.5304, 146.5598, 145.5595, 147.7488, 135.4973, 5.562042, 10.34982, 11.02746, 17.20552, 147.4781, 145.839, 144.0355, 145.7518, 133.2721, 2.606694, 8.336586, 9.43409, 0
16.14035, 153.791, 146.4277, 145.3283, 147.5402, 135.4861, 5.7181, 10.21752, 10.71643, 17.29054, 148.3464, 146.6936, 144.7973, 146.4181, 133.1668, 2.829715, 8.436707, 9.543304, 0
13.90043, 155.539, 147.1624, 145.706, 148.2638, 135.6392, 5.959207, 10.18814, 9.903415, 18.1119, 148.2263, 146.3479, 144.1967, 145.7581, 132.7913, 3.068607, 8.57036, 9.891752, 0
13.32627, 155.9489, 147.5596, 145.9609, 148.5459, 135.6133, 6.240956, 10.10178, 9.872909, 18.49465, 148.5656, 146.8474, 144.8244, 146.4744, 132.0371, 2.829162, 8.586752, 9.803634, 0
13.13362, 155.8946, 147.4638, 145.9174, 148.5552, 135.6791, 6.104448, 10.14071, 9.804697, 19.0343, 148.598, 146.7034, 144.6367, 146.3006, 132.198, 3.022455, 8.717851, 10.10636, 0
14.50784, 155.5331, 147.107, 145.6865, 148.2549, 135.5733, 6.167327, 10.09132, 9.854807, 20.21919, 148.2722, 146.3341, 144.2552, 145.9713, 131.8659, 2.992121, 8.709284, 10.06978, 0
14.2056, 155.5254, 147.0285, 145.6898, 148.1922, 135.8621, 6.195143, 10.03403, 9.91899, 19.90615, 148.3257, 146.3297, 144.3336, 146.0463, 131.7623, 3.05659, 8.741949, 10.15507, 0
14.78524, 155.3546, 146.7501, 145.4307, 147.954, 136.0812, 6.233003, 10.01188, 9.972259, 19.40958, 148.1278, 146.398, 144.6622, 146.469, 131.711, 2.777278, 8.63504, 9.999556, 0
14.83249, 155.4637, 146.8279, 145.5517, 148.0594, 136.1121, 6.263565, 10.12096, 10.0471, 19.01444, 147.8539, 146.1106, 144.2373, 145.9519, 132.0765, 2.81369, 8.69285, 10.16084, 0
13.29896, 155.3358, 146.9742, 145.4432, 148.1006, 135.8359, 6.04374, 10.07839, 9.916769, 18.78336, 148.2033, 146.3389, 144.4625, 146.1173, 132.3755, 2.797294, 8.704457, 10.19015, 0
13.62124, 155.4447, 147.071, 145.4524, 148.0762, 135.9889, 6.177078, 10.11855, 9.851993, 19.46252, 148.2045, 146.2671, 144.3865, 145.9954, 132.1482, 2.680953, 8.718211, 10.23103, 0
12.8987, 155.296, 146.9474, 145.3188, 147.9253, 135.934, 6.045718, 10.06599, 9.779476, 20.26525, 148.2589, 146.3391, 144.4158, 145.9932, 132.1155, 2.824245, 8.721951, 10.22412, 0
12.89527, 155.2282, 146.7841, 145.1479, 147.8355, 136.0789, 5.916092, 10.13615, 9.760257, 19.51598, 148.5787, 146.6706, 144.9062, 146.5029, 132.1781, 2.616138, 8.650063, 10.05134, 0
11.42936, 155.7428, 147.2941, 145.565, 148.2849, 136.1201, 5.896444, 10.15325, 9.597715, 17.67543, 148.5585, 146.3987, 144.5849, 146.101, 132.6933, 2.605116, 8.67677, 10.03848, 0
12.45923, 154.7771, 146.1203, 144.6234, 147.5271, 136.0969, 5.593278, 10.24286, 9.782331, 17.00086, 148.3611, 146.2354, 144.4659, 145.8945, 132.8881, 2.46164, 8.560959, 9.755179, 0
14.78277, 154.4762, 147.2466, 146.2368, 148.8767, 134.9225, 5.243179, 10.52641, 10.30916, 20.02475, 146.1112, 144.4173, 143.063, 144.6017, 132.3746, 3.157713, 8.468212, 9.983139, 0
11.62051, 154.3559, 146.8592, 145.5838, 148.313, 135.4992, 5.207443, 10.3794, 10.1377, 22.4516, 147.3189, 145.1102, 143.3031, 144.7475, 130.7982, 3.248054, 8.559467, 9.957911, 0
12.36729, 154.667, 146.8075, 145.4753, 148.0707, 135.4708, 5.542063, 10.21614, 9.817624, 21.05876, 147.2349, 145.4104, 143.5935, 145.2428, 131.5582, 3.192182, 8.60195, 10.07665, 0
12.86426, 154.366, 146.8783, 145.4628, 148.1586, 135.3799, 5.354232, 10.41824, 10.19435, 22.28138, 146.855, 144.8832, 143.166, 144.7194, 130.6268, 3.209918, 8.563091, 9.991232, 0
13.47844, 154.2101, 146.983, 145.6199, 148.2631, 135.1719, 5.379462, 10.28409, 10.38379, 23.56257, 147.6329, 145.4032, 143.7888, 145.4551, 130.8177, 2.979664, 8.464571, 9.899323, 0
15.23309, 154.1586, 146.9384, 145.7305, 148.4063, 135.0939, 5.251917, 10.36012, 10.47059, 22.5281, 146.6673, 144.6042, 142.9478, 144.8064, 132.0783, 3.186596, 8.552374, 10.30551, 0
15.19862, 155.0902, 147.4843, 146.2782, 148.8667, 134.8412, 5.747843, 10.24972, 10.1897, 18.91005, 146.715, 144.9629, 143.4786, 145.4114, 132.2251, 2.970979, 8.45582, 10.10752, 0
12.98013, 155.5777, 147.1027, 145.5135, 148.1709, 135.3401, 5.960227, 10.11624, 9.811853, 17.13066, 146.5267, 144.8382, 143.4641, 145.1901, 132.4967, 2.878548, 8.411625, 9.826872, 0
12.1006, 155.6213, 146.8434, 145.2252, 147.9847, 135.8957, 6.016335, 10.14536, 9.748807, 17.6163, 146.7592, 144.9789, 143.3875, 145.0972, 132.3647, 2.921144, 8.49202, 10.02005, 0
12.24785, 155.7, 146.7605, 145.1123, 147.887, 136.3188, 6.032799, 10.24755, 9.731872, 18.3347, 147.5183, 145.7803, 144.0461, 145.8179, 132.2703, 2.861634, 8.497313, 10.07847, 0
11.25809, 155.6351, 146.4531, 144.6441, 147.5455, 136.7725, 5.971793, 10.21617, 9.621222, 20.15559, 147.2262, 145.333, 143.564, 145.3069, 131.8796, 3.044397, 8.557356, 10.18499, 0
11.4436, 155.7672, 146.477, 144.8158, 147.6713, 136.5575, 6.10387, 10.20307, 9.86727, 21.49943, 146.9066, 145.0121, 143.2373, 145.0721, 131.9348, 3.049601, 8.553592, 10.20182, 0
11.33925, 155.771, 146.5923, 144.952, 147.8585, 136.4588, 5.961476, 10.24703, 9.684299, 18.15795, 146.9703, 144.962, 143.3411, 145.1496, 132.5361, 2.957507, 8.535732, 10.04757, 0
12.21889, 155.2213, 146.1209, 144.5024, 147.2875, 137.3509, 6.068148, 10.35064, 9.796591, 17.11487, 147.3754, 145.4499, 143.7037, 145.3757, 132.4977, 2.848401, 8.530992, 9.817464, 0
12.01765, 155.4968, 146.5467, 144.9946, 147.7089, 137.1581, 6.085793, 10.32603, 9.974211, 17.37717, 148.1764, 146.264, 144.4292, 146.2012, 132.2294, 2.708411, 8.629078, 10.03258, 0
12.31915, 155.1997, 146.3376, 144.7231, 147.4941, 136.9854, 5.932767, 10.35807, 9.983947, 17.66186, 148.1144, 146.2699, 144.5173, 146.2563, 132.2217, 2.504209, 8.531704, 9.825792, 0
12.03874, 155.363, 146.2676, 144.8184, 147.5755, 136.9814, 5.968148, 10.39618, 9.90806, 17.84454, 148.389, 146.2719, 144.5161, 146.1941, 132.107, 2.629943, 8.582062, 9.787314, 0
11.59063, 155.4352, 146.1209, 144.6151, 147.5087, 137.0863, 5.994399, 10.30034, 9.85321, 17.33981, 147.9702, 145.899, 144.0672, 145.6228, 132.7637, 2.825839, 8.622793, 9.845943, 0
11.7676, 155.1547, 146.0332, 144.5037, 147.3331, 136.903, 5.913938, 10.31923, 9.874959, 18.04203, 147.0472, 145.2389, 143.4669, 145.0926, 133.15, 3.057935, 8.531244, 9.713551, 0
12.06161, 155.0425, 146.2426, 144.7379, 147.4492, 136.5054, 5.927445, 10.20147, 9.868904, 18.89352, 146.1548, 144.5286, 142.9399, 144.8228, 133.0605, 3.097751, 8.469997, 9.879757, 0
11.73925, 155.0898, 146.3303, 144.7783, 147.4811, 136.6853, 5.947617, 10.25542, 9.919407, 19.5198, 146.2893, 144.539, 142.787, 144.524, 133.3465, 3.031509, 8.506554, 9.787153, 0
11.48701, 154.7083, 145.9812, 144.505, 147.3283, 136.8507, 5.749787, 10.26815, 9.785425, 18.38495, 146.7813, 145.006, 143.088, 144.7528, 133.8789, 3.00661, 8.553752, 9.700344, 0
11.81366, 154.7662, 146.0738, 144.6138, 147.4171, 136.7228, 5.818811, 10.22041, 9.714927, 17.94749, 146.7223, 145.0119, 143.2486, 144.9431, 133.9716, 2.90569, 8.518044, 9.622162, 0
11.91052, 154.9989, 146.1639, 144.6646, 147.4007, 136.8287, 5.906276, 10.19609, 9.810431, 17.92453, 146.6796, 144.9887, 143.167, 144.9019, 133.3907, 2.901982, 8.494123, 9.761183, 0
11.76851, 155.23, 146.3875, 144.8359, 147.5727, 137.1468, 5.863275, 10.29237, 9.839951, 17.0982, 147.3781, 145.5117, 143.6924, 145.3286, 132.7437, 2.845994, 8.506877, 9.927353, 0
12.87613, 155.2945, 146.2376, 144.7584, 147.5733, 136.7324, 5.903322, 10.41475, 10.06703, 16.08558, 148.3262, 146.5432, 144.7311, 146.4835, 132.6162, 2.44112, 8.550446, 9.843487, 0
13.30051, 155.3618, 146.6605, 145.2332, 148.177, 136.2772, 5.807819, 10.66066, 10.33824, 15.84158, 147.9586, 146.1434, 144.2494, 145.9711, 132.7829, 2.592614, 8.654534, 10.00461, 0
13.69262, 154.842, 146.5691, 145.1852, 148.2033, 136.0731, 5.551603, 10.57872, 10.61404, 17.45597, 147.8514, 145.9534, 144.1472, 145.7288, 132.4285, 2.672177, 8.690454, 9.898687, 0
13.56358, 154.8731, 146.6614, 145.2451, 148.251, 135.9134, 5.585038, 10.51747, 10.59173, 17.74197, 148.1582, 146.0602, 144.1278, 145.76, 132.4678, 2.691518, 8.679281, 9.86739, 0
13.16732, 155.0881, 146.7727, 145.3592, 148.27, 135.9597, 5.677855, 10.47448, 10.49544, 17.00583, 148.5207, 146.3084, 144.2828, 145.9191, 132.9509, 2.750009, 8.726476, 9.877349, 0
12.8192, 155.2486, 146.8, 145.4114, 148.2797, 136.076, 5.841538, 10.44845, 10.49381, 16.68273, 148.6717, 146.534, 144.4751, 146.1042, 133.2784, 2.837246, 8.708201, 9.868546, 0
12.72309, 155.1971, 146.8049, 145.4247, 148.2923, 136.0541, 5.797246, 10.45342, 10.38142, 16.62465, 147.773, 145.9727, 144.0072, 145.5991, 133.2733, 2.684892, 8.613244, 9.831273, 0
12.59622, 155.082, 146.7482, 145.2765, 148.1317, 136.2649, 5.754931, 10.35098, 10.35159, 16.28758, 147.5894, 145.8476, 144.0221, 145.6658, 133.0617, 2.628231, 8.537181, 9.81556, 0
13.28334, 155.1286, 146.8545, 145.4664, 148.3098, 135.9255, 5.810114, 10.38324, 10.5655, 16.77921, 147.7207, 145.7854, 143.9817, 145.5653, 132.931, 2.698056, 8.609982, 9.919268, 0
13.33915, 155.2897, 147.0326, 145.5383, 148.2974, 135.9331, 5.924038, 10.44203, 10.64904, 15.32792, 147.8247, 146.0475, 144.1945, 145.6532, 133.6361, 2.501707, 8.636245, 9.677069, 0
12.97505, 155.295, 147.044, 145.5384, 148.3313, 135.9329, 5.850021, 10.4093, 10.50526, 15.45365, 147.5803, 145.9819, 144.1572, 145.6138, 133.5987, 2.44104, 8.660296, 9.781969, 0
13.09134, 155.2412, 146.7795, 145.3385, 148.1822, 135.9953, 5.932701, 10.42171, 10.5407, 15.72145, 147.4931, 145.8131, 143.9965, 145.3221, 133.5598, 2.71195, 8.638519, 9.642143, 0
12.07754, 155.706, 147.2884, 145.5007, 148.5056, 135.7811, 5.816992, 10.35157, 10.16636, 17.41392, 147.1017, 145.5466, 143.7652, 145.0836, 133.2091, 2.878616, 8.542999, 9.715817, 0
12.46342, 155.9121, 147.5295, 145.7514, 148.7323, 135.3277, 5.832471, 10.25166, 10.23272, 18.54071, 147.414, 145.8926, 144.1386, 145.6288, 132.7929, 2.613743, 8.520164, 9.750159, 0
11.82327, 155.8602, 147.1732, 145.247, 148.2933, 135.8351, 5.681962, 10.29749, 9.803814, 18.81941, 147.1626, 145.7908, 143.9667, 145.6456, 132.7578, 2.848744, 8.554212, 9.993515, 0
12.18308, 155.1158, 146.4837, 144.8018, 147.7108, 136.0149, 5.853538, 10.10735, 9.717476, 19.14577, 146.3952, 145.0748, 143.3024, 144.9469, 132.9905, 3.08775, 8.567243, 10.18057, 0
12.25155, 154.9688, 146.6433, 145.0179, 147.8966, 135.6848, 5.770169, 10.05453, 9.767264, 19.56073, 146.3492, 145.0047, 143.1777, 144.7401, 132.9655, 2.982881, 8.495165, 9.953981, 0
12.02605, 155.5984, 146.7793, 145.0349, 147.8867, 135.687, 5.908466, 10.07462, 9.85331, 19.52651, 145.74, 144.3323, 142.6505, 144.1299, 132.6701, 3.075553, 8.478782, 9.910104, 0
11.92927, 155.5974, 146.7117, 144.963, 147.7116, 135.8533, 5.896478, 10.06038, 9.84796, 18.49503, 145.4645, 144.3044, 142.7278, 144.241, 132.5767, 2.943242, 8.437103, 10.00606, 0
12.33779, 155.9693, 147.3745, 145.5496, 148.2684, 135.7802, 5.842947, 10.31368, 9.872291, 16.98368, 146.5698, 145.3026, 143.476, 145.3719, 132.2864, 2.487348, 8.579384, 10.16388, 0
14.66924, 155.7267, 147.5831, 145.9099, 148.7952, 135.7772, 5.905944, 10.4988, 10.49113, 19.27382, 146.9765, 145.3044, 143.2996, 145.2947, 132.2759, 2.614716, 8.598593, 10.31063, 0
14.58454, 155.3365, 147.0901, 145.5725, 148.5362, 136.0522, 5.761705, 10.57873, 10.62027, 19.344, 146.1682, 144.8478, 142.7091, 144.73, 132.461, 2.576026, 8.787803, 9.954633, 0
14.68474, 154.6623, 146.8901, 145.5912, 148.4657, 135.8559, 5.484944, 10.42896, 10.51165, 36.7918, 147.8842, 144.1836, 142.0734, 144.7652, 123.5889, 2.248728, 9.88117, 10.06607, 0
15.13113, 153.9804, 146.4189, 145.343, 148.2676, 135.8819, 5.035361, 10.61434, 10.47965, 37.17627, 148.8381, 143.9472, 142.4418, 145.4273, 122.4625, 2.398167, 10.02279, 9.826551, 0
14.54751, 153.847, 146.5463, 145.4248, 148.2683, 135.5716, 4.845613, 10.60925, 10.4045, 36.55508, 149.368, 144.7164, 142.9238, 145.7728, 125.6704, 2.120157, 9.990129, 9.987925, 0
15.48698, 154.6692, 147.6195, 146.5406, 149.1626, 135.4849, 5.170475, 10.62284, 10.38745, 35.6405, 148.1408, 143.9438, 142.327, 145.1387, 126.2188, 2.347437, 10.03627, 9.785064, 0
13.35116, 153.4851, 146.6707, 145.5812, 147.8037, 136.297, 5.500429, 10.52807, 10.77095, 36.19987, 145.3946, 142.1654, 140.8823, 143.6013, 124.4354, 2.829854, 10.07995, 9.674427, 0
14.69237, 153.3406, 146.7185, 145.5038, 147.6278, 135.8211, 5.629636, 10.4388, 10.96902, 35.3187, 145.996, 142.7418, 141.2819, 143.987, 124.904, 2.679419, 10.09533, 9.704741, 0
13.19176, 153.6433, 147.131, 145.814, 148.0585, 136.2584, 5.497042, 10.29864, 10.77039, 31.33041, 146.7747, 143.9591, 142.1344, 144.8276, 127.2205, 2.446006, 9.564456, 9.526811, 0
11.37851, 153.4986, 146.9325, 145.5839, 147.9665, 136.2408, 5.002492, 10.19806, 10.45602, 22.41057, 146.7088, 145.3184, 143.0872, 145.1878, 129.5746, 2.80072, 8.631968, 9.593086, 0
12.39779, 153.3834, 146.8852, 145.5213, 147.811, 136.2717, 5.198141, 10.33179, 10.66494, 24.57279, 146.3614, 144.9313, 142.7464, 144.8666, 128.9855, 2.835451, 8.750281, 9.457998, 0
13.47162, 153.3872, 146.925, 145.4195, 147.6898, 136.372, 5.317914, 10.39056, 10.76892, 25.52308, 146.2953, 145.0741, 142.8042, 144.7265, 128.7858, 2.906296, 8.741792, 9.330308, 0
14.03934, 154.2145, 147.5611, 145.9116, 148.4082, 136.7025, 5.033648, 10.5164, 10.47933, 25.51689, 146.3199, 144.6963, 142.5269, 144.299, 128.2641, 2.834001, 8.739161, 9.29999, 0
12.63463, 153.9744, 147.0224, 145.6444, 148.4389, 136.6119, 4.438223, 10.60174, 10.09247, 25.27227, 146.4977, 145.0215, 142.7525, 144.4475, 129.3011, 2.888053, 8.740623, 9.522229, 0
11.61732, 154.0547, 147.0112, 145.6053, 148.394, 136.3815, 4.453818, 10.42356, 10.04988, 25.97236, 146.4422, 144.9525, 142.6649, 144.3688, 129.3836, 2.854716, 8.747789, 9.934402, 0
11.2306, 154.311, 147.1051, 145.7119, 148.6078, 136.296, 4.477328, 10.49342, 9.995975, 26.15551, 146.011, 144.6001, 142.2656, 144.1059, 129.1734, 2.81021, 8.696849, 9.93939, 0
11.40871, 154.1194, 146.9237, 145.5955, 148.4438, 136.1054, 4.485545, 10.40938, 9.94382, 26.32888, 146.8134, 145.2811, 143.0675, 144.8621, 129.5211, 2.815081, 8.673894, 9.562751, 0
11.49243, 154.4386, 147.1216, 145.6826, 148.3789, 136.1366, 4.914661, 10.36274, 10.00447, 24.59521, 147.0602, 145.5944, 143.3537, 145.2514, 130.2263, 2.734376, 8.656576, 9.514051, 0
12.04758, 154.6796, 147.4649, 146.0379, 148.7324, 136.1107, 5.092853, 10.48886, 10.22318, 25.3056, 146.8276, 145.4119, 143.1203, 144.9392, 130.0325, 2.738954, 8.716386, 9.676866, 0
12.41359, 154.3071, 147.7062, 146.1548, 148.9012, 136.2344, 4.980906, 10.62662, 10.46477, 21.41605, 147.5595, 146.4969, 144.1826, 145.8557, 131.634, 2.514583, 8.633834, 9.838411, 0
12.83526, 154.6308, 148.2359, 146.4772, 149.0883, 136.0114, 5.018212, 10.56285, 10.43915, 18.99604, 147.4328, 145.9378, 143.676, 145.07, 132.4066, 2.648337, 8.634789, 10.16734, 0
13.14088, 154.5486, 147.7435, 146.2602, 148.9714, 136.2048, 5.106914, 10.6339, 10.55732, 20.35976, 147.0276, 145.8882, 143.7334, 145.3455, 131.6741, 2.624281, 8.525487, 9.859235, 0
12.67006, 154.5495, 147.3916, 146.0992, 148.8978, 136.2809, 5.082069, 10.60604, 10.56649, 22.74957, 146.5482, 145.2176, 143.0772, 144.8397, 130.7386, 2.734305, 8.65644, 9.532978, 0
14.30573, 154.7633, 147.5632, 146.2821, 149.0947, 136.2169, 5.039484, 10.6804, 10.77145, 24.02846, 146.5699, 145.0191, 142.9376, 144.6566, 130.7121, 2.59616, 8.703306, 9.426607, 0
14.75193, 155.0129, 147.654, 146.3664, 149.2054, 136.1749, 5.111516, 10.66347, 10.79363, 23.30278, 146.52, 144.9191, 142.8749, 144.5266, 131.0613, 2.60083, 8.750439, 9.571771, 0
15.89672, 154.8542, 147.6909, 146.4733, 149.2723, 135.9959, 4.986488, 10.75744, 10.78007, 24.9723, 146.8611, 144.9188, 142.7123, 144.117, 131.4137, 2.964647, 8.776238, 10.23258, 0
16.32965, 155.113, 147.8618, 146.7043, 149.383, 136.2289, 5.065426, 10.77863, 10.77621, 22.36725, 147.115, 145.5651, 143.4059, 145.0973, 132.5168, 2.806376, 8.747722, 9.993259, 0
16.63904, 153.9706, 146.8778, 145.8233, 148.4408, 136.5811, 5.259932, 10.94248, 11.59162, 19.67998, 146.8053, 145.3989, 143.7178, 145.6226, 132.2031, 2.642936, 8.713862, 9.683406, 0
15.90914, 153.564, 146.9274, 145.6462, 148.1921, 136.2778, 4.881463, 10.80134, 11.32809, 21.50681, 147.0683, 145.5333, 143.6449, 145.2961, 131.8243, 2.720597, 8.658006, 9.849079, 0
15.29261, 154.411, 147.4399, 146.0752, 148.3625, 135.8566, 5.072229, 10.46279, 11.16909, 20.16956, 146.6813, 145.273, 143.4482, 144.9128, 131.5583, 2.673861, 8.577689, 9.610734, 0
16.02102, 154.0605, 147.0379, 145.9479, 148.3052, 135.6886, 4.835698, 10.65211, 11.3367, 20.37094, 147.5368, 145.7292, 143.8872, 145.3365, 131.253, 2.719014, 8.544425, 9.767808, 0
17.21042, 154.1758, 147.3326, 146.2668, 148.6116, 136.1083, 4.89761, 10.55743, 11.12709, 21.7018, 147.8465, 146.4681, 144.7641, 146.2944, 131.2345, 2.423255, 8.508308, 9.9603, 0
18.41393, 153.5933, 146.7785, 145.8857, 148.1854, 136.5832, 4.928275, 10.74177, 11.57563, 20.80715, 147.3002, 145.6425, 143.8006, 145.3069, 131.5232, 2.783052, 8.700213, 10.27697, 0
17.67548, 154.2783, 147.5881, 146.6063, 149.0266, 136.9228, 4.948112, 10.67912, 11.25799, 20.06147, 147.4014, 145.9957, 144.2388, 145.8954, 131.6341, 2.433974, 8.562105, 10.05326, 0
19.0159, 154.4732, 147.6613, 146.6857, 149.3867, 136.3891, 4.757281, 10.89307, 11.20785, 19.69601, 146.9053, 145.4812, 143.6071, 145.341, 131.7439, 2.445046, 8.575973, 10.24352, 0
15.7833, 153.9988, 146.8265, 145.9285, 148.4129, 136.1963, 4.973742, 10.91118, 11.4831, 19.42224, 146.8239, 145.6806, 143.9001, 145.7009, 131.6394, 2.409647, 8.55366, 10.22945, 0
15.4024, 154.4754, 147.3522, 146.2172, 148.5183, 136.4002, 5.18357, 10.86149, 11.22523, 19.52428, 146.7626, 145.5566, 143.6865, 145.4247, 131.6691, 2.508114, 8.568595, 10.30299, 0
16.10284, 154.6436, 147.6961, 146.5518, 148.9648, 136.2619, 5.082224, 10.72879, 11.19721, 19.64607, 147.4074, 146.2728, 144.4007, 146.1039, 131.5217, 2.429386, 8.474425, 9.966322, 0
16.63123, 154.3429, 147.4781, 146.419, 148.8751, 136.1772, 5.14959, 10.82738, 11.57604, 19.55585, 147.6734, 146.4943, 144.7879, 146.4947, 131.2812, 2.402733, 8.453451, 9.849438, 0
18.71541, 154.0329, 147.4385, 146.6, 149.2748, 136.5931, 4.977601, 10.94089, 11.51011, 19.45429, 147.4527, 145.8691, 143.9268, 145.4919, 131.691, 2.825701, 8.647472, 10.2333, 0
17.55197, 154.4702, 147.5343, 146.5666, 149.254, 137.3227, 5.038823, 10.74276, 10.95867, 18.73367, 147.4722, 145.9993, 144.0724, 145.6747, 132.5691, 2.595104, 8.704479, 10.30859, 0
13.58366, 155.0078, 147.6433, 146.3756, 148.9536, 137.5757, 5.208684, 10.60534, 10.72791, 20.50984, 147.4434, 145.7751, 143.7104, 145.0973, 131.6886, 2.746377, 8.702967, 10.19974, 0
11.4986, 154.6615, 147.148, 145.8521, 148.4352, 137.2957, 4.989552, 10.51365, 10.51249, 19.65213, 147.7012, 146.0506, 144.0488, 145.5217, 132.023, 2.677153, 8.68211, 10.10034, 0
13.34569, 154.7956, 147.2619, 145.9823, 148.5723, 137.4764, 5.112014, 10.51691, 10.56455, 18.63733, 147.0286, 145.5757, 143.8274, 145.5829, 131.558, 2.426645, 8.554096, 10.16307, 0
15.14109, 154.3946, 146.9325, 145.5597, 148.0636, 137.0427, 5.168769, 10.42003, 10.64538, 16.09059, 147.2437, 145.7378, 144.0671, 145.6717, 132.299, 2.371659, 8.535456, 10.00235, 0
13.97021, 153.5025, 146.0184, 144.8399, 147.2501, 137.2877, 5.128277, 10.57045, 11.32249, 16.20089, 147.141, 145.5193, 143.664, 145.2697, 132.3787, 2.326499, 8.627599, 10.17458, 0
11.68515, 154.5391, 146.9952, 145.5958, 147.9701, 137.9118, 5.264549, 10.57486, 10.87431, 18.0538, 147.1142, 145.772, 143.9412, 145.747, 131.6731, 2.232831, 8.581902, 10.18165, 0
12.83951, 154.7418, 147.3862, 145.993, 148.57, 138.6436, 5.181529, 10.73196, 10.78377, 21.14963, 146.6908, 145.2316, 143.2723, 145.02, 131.4795, 2.650479, 8.759122, 10.51073, 0
13.30368, 154.3369, 146.6583, 145.4399, 148.1783, 138.8357, 5.030846, 10.84854, 10.77443, 23.01869, 146.6415, 145.2012, 143.2585, 144.9434, 130.9487, 2.878004, 8.716071, 10.44416, 0
13.33243, 153.8676, 146.3991, 144.9933, 147.7848, 138.4475, 4.948627, 10.74563, 10.91302, 22.55072, 146.9371, 145.469, 143.377, 145.0181, 131.4207, 2.890357, 8.741815, 10.29574, 0
14.89324, 154.2526, 146.9228, 145.5437, 148.4398, 138.1597, 4.97118, 10.89229, 11.05966, 23.2221, 146.3135, 144.7466, 142.7751, 144.4048, 131.2761, 3.185736, 8.750011, 10.26429, 0
16.89575, 154.19, 146.9022, 145.487, 148.6382, 138.2413, 4.866873, 11.0119, 11.36382, 23.14032, 146.1539, 144.6176, 142.8556, 144.5004, 131.0237, 3.023103, 8.585357, 10.07228, 0
16.55787, 154.5074, 147.2622, 145.6906, 148.7754, 138.1494, 5.096814, 10.95105, 11.36942, 23.6263, 145.2891, 144.1283, 142.1934, 143.9568, 130.461, 3.154798, 8.660592, 10.32781, 0
14.20497, 154.2163, 146.8066, 145.3045, 148.4057, 138.0677, 4.754521, 10.96656, 11.18039, 23.41987, 145.7024, 144.6104, 142.6752, 144.5065, 130.3795, 3.017983, 8.63711, 10.26579, 0
12.53883, 153.293, 145.9145, 144.5617, 147.4965, 137.7057, 4.638865, 10.6449, 10.73236, 19.81445, 146.8175, 145.5555, 143.518, 145.2887, 131.6088, 2.630985, 8.645656, 10.26458, 0
11.7973, 153.7482, 146.5695, 144.9604, 147.8841, 137.4271, 4.772124, 10.42075, 10.50485, 17.46959, 146.8239, 145.5948, 143.6756, 145.3471, 132.1859, 2.499593, 8.622634, 10.11486, 0
12.37596, 153.706, 146.3474, 144.9045, 147.7914, 137.636, 4.807216, 10.45286, 10.58275, 17.05539, 146.9814, 145.6866, 143.7878, 145.3591, 132.7745, 2.744309, 8.634926, 9.95153, 0
12.13053, 153.8679, 146.6406, 145.1149, 147.9024, 137.658, 4.860187, 10.39601, 10.54867, 17.46387, 146.8943, 145.6411, 143.755, 145.3691, 132.4759, 2.805609, 8.64161, 10.1034, 0
11.93527, 154.2657, 146.9129, 145.3812, 148.134, 137.8151, 5.05284, 10.48211, 10.55993, 17.80742, 146.8872, 145.597, 143.7368, 145.3651, 132.0158, 2.517384, 8.615433, 10.18381, 0
13.0409, 154.3836, 146.9782, 145.4279, 148.1805, 138.2784, 5.157499, 10.56295, 10.64701, 19.21464, 146.7766, 145.6083, 143.6255, 145.4132, 131.772, 2.53335, 8.648018, 10.38715, 0
13.70792, 154.2015, 146.8095, 145.3388, 148.0946, 138.3286, 5.186669, 10.59784, 10.82915, 20.85438, 146.3394, 145.4193, 143.3379, 145.1417, 131.7795, 2.591179, 8.655918, 10.49233, 0
14.10907, 154.2323, 146.8662, 145.2809, 148.0319, 138.1023, 5.229296, 10.59951, 10.88088, 22.27495, 146.2113, 145.1796, 143.0371, 144.7534, 131.66, 2.910604, 8.653444, 10.38726, 0
13.65215, 154.1882, 146.9467, 145.3968, 148.2007, 137.9565, 5.054507, 10.62671, 10.88517, 23.14307, 145.6251, 144.5267, 142.6064, 144.4057, 130.4848, 2.864847, 8.592766, 10.28256, 0
14.1121, 154.177, 146.8213, 145.351, 148.1317, 137.9741, 5.081144, 10.68028, 10.86096, 24.08056, 145.2018, 144.0345, 142.1, 143.9128, 130.4801, 3.007717, 8.60729, 10.2871, 0
13.95116, 154.2232, 146.7395, 145.3687, 148.1729, 137.9134, 5.075975, 10.71028, 10.90598, 23.99362, 145.6136, 144.6004, 142.7356, 144.5227, 130.8626, 2.887104, 8.594114, 10.2029, 0
14.17368, 154.1667, 146.7251, 145.2919, 148.1377, 138.0254, 5.119942, 10.72739, 10.98822, 24.19143, 145.4208, 144.3055, 142.2773, 144.0287, 130.6505, 3.051526, 8.66805, 10.30271, 0
13.9861, 153.9211, 146.6788, 145.1902, 148.0677, 137.841, 4.868604, 10.63615, 10.95005, 23.95229, 145.4223, 144.1912, 142.2464, 144.0216, 130.7612, 2.933582, 8.637155, 10.12949, 0
14.07539, 153.9804, 146.5675, 145.2653, 148.1828, 137.6967, 4.799508, 10.77749, 11.03351, 24.80586, 145.0501, 143.5842, 141.6299, 143.4228, 130.1562, 3.174285, 8.722941, 10.35233, 0
14.3822, 153.8121, 146.4764, 145.1128, 148.1189, 137.8116, 4.772862, 10.78522, 11.08722, 23.5838, 145.1667, 143.8255, 141.8324, 143.6277, 131.273, 3.144667, 8.733001, 10.33853, 0
14.69225, 154.2376, 146.6814, 145.4183, 148.407, 137.5796, 4.702446, 10.89757, 10.81085, 20.00626, 145.1363, 144.2732, 142.4228, 144.2135, 132.9767, 2.880248, 8.623067, 10.0234, 0
15.45977, 154.12, 146.7911, 145.4515, 148.4746, 137.3799, 4.755099, 10.9138, 11.11067, 18.52639, 145.1324, 144.1763, 142.2288, 144.0855, 133.4036, 2.978547, 8.729807, 10.23927, 0
16.19627, 153.9473, 146.6152, 145.256, 148.5405, 137.3533, 4.636204, 11.02982, 11.29939, 18.30298, 144.7723, 143.8405, 141.9238, 143.9391, 132.9881, 2.915644, 8.701094, 10.23764, 0
15.43861, 153.6991, 146.7316, 145.2605, 148.4898, 136.9642, 4.459883, 10.86314, 11.2384, 18.04782, 145.7778, 144.9436, 143.1771, 145.1074, 133.2247, 2.514583, 8.415966, 9.749937, 0
15.94905, 153.3796, 146.4436, 145.0862, 148.3138, 136.6762, 4.24939, 10.8395, 11.15127, 17.68718, 145.4467, 144.3066, 142.2142, 143.9996, 133.4253, 2.889612, 8.661635, 10.10616, 0
15.66078, 153.5648, 146.5063, 145.2888, 148.3931, 136.5242, 4.26471, 10.73532, 10.85629, 20.73788, 145.236, 144.0289, 142.1353, 143.8124, 132.0272, 3.132066, 8.617758, 9.936541, 0
16.22845, 153.7722, 146.8957, 145.7027, 148.6044, 136.751, 4.386062, 10.89659, 10.73884, 21.72101, 144.226, 143.0906, 141.3204, 143.1003, 131.7119, 3.423769, 8.606446, 10.01534, 0
16.4826, 153.9522, 147.0285, 145.858, 148.7713, 136.656, 4.484104, 10.86847, 10.88358, 22.31205, 144.588, 143.3434, 141.5239, 143.2511, 131.2527, 3.304049, 8.624137, 10.02285, 0
15.63906, 153.3046, 146.6694, 145.4004, 148.4857, 136.2916, 4.261264, 10.72341, 11.01188, 21.61352, 144.8361, 143.567, 141.7778, 143.4831, 131.8152, 3.229861, 8.599574, 9.958306, 0
15.53832, 153.3988, 146.6217, 145.2836, 148.4488, 136.5375, 4.534491, 10.69715, 11.26472, 20.64853, 144.3292, 143.1995, 141.4232, 143.1325, 132.1753, 3.450882, 8.601013, 10.07103, 0
15.77997, 153.8578, 146.9242, 145.5504, 148.5374, 136.9469, 4.784914, 10.64148, 10.99693, 17.168, 144.8591, 144.3206, 142.5594, 144.2073, 133.8398, 2.724264, 8.432354, 9.802752, 0
14.79898, 154.295, 147.2213, 145.9481, 148.931, 137.3505, 4.757734, 10.74558, 10.82284, 17.96573, 144.783, 144.0311, 142.0618, 143.6964, 133.2438, 2.927771, 8.578193, 10.04138, 0
14.63075, 153.9155, 146.812, 145.5565, 148.5013, 137.3952, 4.55909, 10.78686, 10.61126, 21.07939, 145.0785, 143.9863, 142.187, 143.8075, 131.9456, 2.962996, 8.487463, 9.983336, 0
13.30923, 153.7215, 146.8926, 145.5191, 148.4067, 136.7735, 4.575943, 10.59489, 10.62716, 19.21361, 145.0874, 144.2237, 142.294, 143.9629, 133.0262, 2.814734, 8.513201, 10.09658, 0
14.1286, 153.6089, 146.9374, 145.3905, 148.2849, 136.6863, 4.816458, 10.55221, 11.02468, 15.63332, 144.9721, 144.3836, 142.5486, 144.1732, 134.2856, 2.512714, 8.439919, 9.807243, 0
14.95956, 153.495, 146.7765, 145.1823, 148.0627, 136.4683, 4.594186, 10.49859, 10.94584, 12.37373, 145.2697, 144.5464, 142.6036, 144.2403, 135.2034, 2.367363, 8.539827, 9.762251, 0
17.0242, 152.5677, 145.6926, 144.8186, 147.5672, 136.6884, 4.724058, 10.58258, 11.97189, 11.94215, 146.257, 145.554, 143.5092, 145.1704, 134.6236, 2.029315, 8.587004, 9.727548, 0
16.89957, 153.2776, 146.4495, 145.4067, 148.3413, 136.8864, 4.499453, 10.57486, 11.36243, 13.46357, 146.6948, 145.9875, 143.9304, 145.6377, 134.4921, 2.003888, 8.515092, 9.509153, 0
16.85961, 153.2454, 146.542, 145.4457, 148.3613, 136.6734, 4.381237, 10.57017, 11.1563, 13.21755, 146.7264, 145.9193, 143.9711, 145.6988, 134.7605, 2.029798, 8.448524, 9.451035, 0
16.0813, 152.3949, 145.398, 144.5289, 147.2768, 136.7835, 4.408955, 10.52828, 11.65547, 14.43692, 146.3861, 145.4953, 143.3777, 145.0549, 134.8791, 2.25377, 8.507269, 9.60568, 0
15.78606, 153.593, 146.1495, 145.0472, 147.6136, 137.3235, 4.832659, 10.51732, 11.32632, 12.47471, 146.2967, 145.4588, 143.413, 145.041, 135.3865, 2.290209, 8.544264, 9.568545, 0
14.45637, 153.7679, 146.4109, 145.4038, 148.1005, 137.241, 4.583086, 10.60003, 11.20368, 12.33937, 145.9594, 145.4288, 143.6978, 145.3567, 135.2557, 2.178795, 8.413492, 9.314517, 0
14.77437, 153.836, 146.5125, 145.5913, 148.1876, 137.1536, 4.653116, 10.67595, 11.36337, 15.25224, 144.7272, 143.8438, 141.941, 143.4723, 134.4686, 2.954394, 8.535203, 9.738859, 0
14.89198, 154.1772, 146.8236, 145.7713, 148.2788, 137.5354, 4.598234, 10.68668, 11.08914, 14.14367, 144.3686, 143.9611, 142.2191, 143.8556, 135.7074, 2.89908, 8.473985, 9.616317, 0
13.63097, 153.6891, 146.1548, 145.075, 147.6111, 137.5446, 4.259609, 10.60857, 10.83231, 15.29648, 144.0697, 143.788, 142.1849, 143.9601, 134.2537, 2.898, 8.421867, 9.670302, 0
11.63032, 154.8912, 146.9475, 145.4848, 148.3502, 137.3081, 4.221739, 10.64784, 10.17981, 22.26616, 145.6506, 144.8768, 143.0785, 144.8462, 131.521, 2.703709, 8.47234, 10.03819, 0
12.94613, 153.8796, 146.1037, 145.0032, 147.732, 137.0938, 4.222991, 10.58411, 10.70066, 22.46286, 146.4654, 145.5565, 143.7011, 145.3615, 131.9438, 2.710578, 8.481722, 9.844345, 0
13.53386, 153.4915, 146.0061, 144.9873, 147.4669, 137.0073, 4.35595, 10.55449, 10.89753, 24.41857, 145.9005, 144.7073, 142.8924, 144.4946, 131.1652, 2.999374, 8.531981, 9.963341, 0
13.84364, 153.6095, 146.0737, 145.1235, 147.629, 136.9776, 4.382041, 10.59178, 11.171, 27.41146, 145.5048, 143.9397, 142.0373, 143.6183, 130.0984, 3.214976, 8.590845, 10.07599, 0
14.29074, 154.1542, 146.4897, 145.4001, 147.8431, 137.4613, 4.58548, 10.50232, 10.61689, 30.05472, 145.7188, 144.5359, 142.7341, 144.5368, 129.5212, 3.045425, 8.538286, 9.845744, 0
14.08216, 154.131, 146.481, 145.3781, 147.823, 137.5308, 4.581719, 10.54352, 10.81349, 27.34008, 145.8907, 144.3518, 142.3474, 143.9077, 131.207, 3.080704, 8.65047, 10.16678, 0
16.37059, 154.4093, 146.885, 145.8219, 148.0133, 137.5442, 5.008989, 10.74398, 11.08441, 23.66685, 146.1712, 144.8683, 143.0643, 144.6822, 131.2213, 2.967221, 8.539642, 9.997273, 0
18.20638, 153.9585, 146.8004, 145.7819, 147.9136, 137.2869, 4.865706, 10.62099, 11.12597, 25.93657, 146.3946, 145.1223, 143.2831, 144.9807, 130.0717, 3.157465, 8.598569, 9.995404, 0
17.25061, 153.7934, 146.4139, 145.5397, 147.9021, 137.039, 4.673447, 10.70703, 11.26241, 26.1608, 146.3938, 145.0362, 143.2067, 144.9365, 130.1713, 3.11439, 8.594388, 9.951392, 0
17.21484, 153.7834, 146.448, 145.4983, 147.9244, 136.9303, 4.692104, 10.70269, 11.20899, 25.40923, 146.2934, 144.9661, 143.1792, 144.9971, 129.9128, 3.242082, 8.672671, 9.894176, 0
17.32804, 154.2164, 146.7088, 145.515, 147.7956, 137.4419, 4.696486, 10.50348, 10.80249, 25.33752, 145.1951, 144.0367, 142.7666, 144.6125, 129.4672, 3.036284, 8.463758, 9.838672, 0
16.22751, 154.2422, 146.5324, 145.4139, 147.7229, 137.5471, 4.692271, 10.59479, 10.91369, 24.60836, 144.7182, 143.2796, 141.8974, 143.611, 130.1162, 3.292177, 8.522377, 10.01052, 0
14.96432, 154.2094, 146.1711, 145.1504, 147.517, 137.4033, 4.581548, 10.67929, 10.8809, 23.63419, 144.6301, 143.267, 141.8214, 143.5976, 130.5892, 3.273631, 8.634198, 10.10984, 0
14.57388, 153.6193, 145.9772, 145.0324, 147.4843, 137.1839, 4.344965, 10.70907, 11.13569, 22.36681, 144.7863, 143.5349, 142.2074, 143.9477, 131.1958, 3.173051, 8.513593, 9.989363, 0
10.64096, 155.0049, 147.1727, 145.7383, 148.5462, 137.6391, 4.354601, 10.49175, 10.13809, 21.14284, 144.6752, 143.3727, 142.0368, 143.69, 131.8354, 3.247813, 8.56027, 10.0344, 0
9.252172, 155.5663, 147.18, 145.5583, 148.3071, 137.4985, 4.92, 10.22864, 10.03152, 21.05514, 145.1877, 144.0481, 142.4438, 144.0557, 131.9819, 2.979007, 8.578673, 10.0532, 0
9.833014, 155.4067, 147.0315, 145.4499, 148.1192, 137.4494, 4.893168, 10.25601, 10.13667, 21.89201, 145.1509, 143.8478, 142.2573, 143.8375, 131.4781, 3.185674, 8.650788, 10.09757, 0
10.27918, 155.6371, 147.2654, 145.7138, 148.3359, 137.4771, 5.079602, 10.22131, 10.19769, 24.94032, 144.3781, 142.9145, 141.5669, 143.181, 130.3936, 3.42777, 8.576889, 10.14142, 0
10.15819, 155.2214, 147.0118, 145.39, 148.1336, 137.1634, 4.83501, 10.27249, 10.20912, 23.18129, 144.848, 143.681, 142.392, 144.0451, 131.0119, 3.187824, 8.499994, 9.824631, 0
10.83278, 155.3059, 146.9615, 145.4152, 147.9795, 136.9313, 5.002688, 10.2256, 10.26163, 22.26586, 144.0155, 142.8887, 141.412, 143.0267, 131.5791, 3.471641, 8.604962, 9.964447, 0
11.73277, 155.1395, 146.9143, 145.3793, 147.9449, 136.9635, 4.868604, 10.29434, 10.24285, 21.42351, 144.0598, 142.8059, 141.3837, 143.0652, 131.6983, 3.564801, 8.638974, 10.14559, 0
11.91704, 155.1496, 146.8345, 145.2871, 147.9339, 136.8705, 4.914701, 10.2982, 10.19837, 20.88141, 144.7868, 143.4173, 142.0516, 143.7055, 131.8551, 3.389804, 8.569121, 10.1169, 0
21.77131, 22.8401, 156.3856, 156.1612, 156.2126, 68.30927, 149.8306, 9.05612, 10.18621, 27.34893, 24.53005, 164.486, 165.0978, 163.5346, 69.26663, 145.0702, 10.23341, 14.81268, 2
21.25292, 21.25637, 157.5068, 157.1609, 157.3489, 68.06126, 150.784, 9.085428, 10.49807, 27.33294, 24.72374, 164.755, 165.3491, 163.9061, 68.18732, 144.559, 10.34244, 14.94491, 2
21.40191, 21.07054, 157.1145, 156.8841, 156.8782, 67.94416, 151.0579, 9.001956, 10.39834, 27.31223, 25.0935, 164.7935, 165.2118, 163.8306, 68.12398, 144.1153, 10.41265, 14.93907, 2
20.96312, 21.38202, 157.4318, 156.8793, 156.8503, 67.19846, 150.7763, 9.017766, 10.38251, 27.56901, 25.20127, 164.3713, 164.5609, 162.839, 68.97723, 144.6324, 10.50886, 15.1314, 2
21.49982, 21.34917, 157.7176, 156.9102, 156.806, 67.71228, 150.7989, 9.099519, 10.43296, 27.9094, 24.76171, 164.7173, 165.2365, 163.5252, 69.96516, 145.0362, 10.42532, 15.04159, 2
21.72048, 21.00968, 157.6295, 157.0095, 156.8834, 67.91559, 151.2448, 9.048936, 10.3827, 28.69326, 24.47704, 165.5605, 165.9747, 164.3535, 70.45058, 144.3407, 10.67654, 15.20059, 2
21.14031, 21.66225, 157.9066, 157.0828, 156.8644, 67.51788, 150.8792, 9.044005, 10.43649, 28.7796, 25.08741, 165.203, 165.7283, 164.3526, 70.15799, 144.2044, 10.82622, 15.2241, 2
20.53954, 21.91114, 158.5238, 157.4105, 157.2444, 67.02467, 150.3252, 9.079154, 10.20517, 28.03744, 25.02961, 165.1404, 165.9466, 164.5488, 70.36166, 144.5779, 10.46696, 14.84097, 2
20.83138, 21.05151, 158.0091, 157.2826, 157.1962, 67.4709, 151.4028, 9.084109, 10.49831, 27.8997, 25.04237, 164.7622, 165.6702, 164.3335, 69.82871, 144.5712, 10.40845, 14.94916, 2
21.03468, 21.85725, 156.6816, 156.3529, 156.2104, 67.69489, 150.7511, 9.060805, 10.41484, 27.92244, 25.13606, 164.6678, 165.4961, 163.9806, 69.44665, 144.2766, 10.45261, 15.01452, 2
22.03647, 22.83622, 156.4755, 155.9119, 155.8009, 68.44473, 149.9039, 9.138391, 10.41979, 28.54621, 24.81579, 164.6701, 165.6647, 164.5121, 69.55079, 144.8988, 10.74389, 15.25948, 2
22.81558, 23.26598, 156.3073, 155.6615, 155.4452, 68.21967, 149.6426, 9.143122, 10.5217, 28.4811, 25.01536, 163.8661, 164.8214, 162.926, 71.09979, 144.8193, 10.47375, 14.96779, 2
22.52579, 24.64913, 156.3003, 155.2958, 155.1403, 68.51189, 148.8548, 9.128968, 10.29172, 27.5055, 26.48777, 163.2018, 163.862, 161.9606, 69.65385, 144.3513, 10.50455, 15.01323, 2
21.3578, 22.47739, 157.5795, 156.6218, 156.3965, 68.34597, 150.4131, 9.163816, 10.47636, 27.76123, 25.48386, 163.8135, 164.6241, 162.8164, 69.92657, 144.333, 10.77256, 14.85686, 2
21.83118, 22.53279, 158.1023, 156.9371, 156.838, 67.74543, 149.522, 9.152766, 10.83841, 28.25724, 25.98222, 164.5051, 165.3212, 163.5576, 69.67118, 143.6574, 10.89717, 15.29299, 2
22.1989, 22.43613, 158.267, 157.0912, 156.9744, 68.13527, 149.1762, 9.185535, 10.80917, 27.70712, 26.58804, 164.4235, 165.406, 163.9826, 68.88348, 143.6795, 10.87455, 15.35634, 2
22.82886, 21.92302, 157.5735, 156.5796, 156.4088, 69.01831, 149.747, 9.225796, 10.6541, 27.38863, 26.39715, 164.9458, 165.4772, 163.5109, 69.22315, 142.7594, 10.78239, 15.14156, 2
23.02153, 22.43813, 157.145, 156.1989, 155.9665, 69.20763, 149.5563, 9.134778, 10.69741, 27.20671, 26.76408, 164.6948, 165.393, 163.4433, 69.56214, 142.6319, 10.66644, 15.07026, 2
24.0693, 24.84346, 155.7754, 154.5982, 154.1469, 71.20525, 148.7004, 9.008785, 10.36506, 26.993, 25.09235, 164.6887, 165.61, 163.4167, 69.27345, 144.3576, 10.5162, 14.9949, 2
24.92716, 25.76043, 155.819, 154.6836, 154.2001, 71.4299, 148.4083, 8.941163, 10.36931, 26.67004, 25.25595, 163.9653, 164.8598, 162.9654, 69.14049, 143.7141, 10.63236, 14.71879, 2
24.90867, 24.42562, 156.2328, 155.1569, 154.706, 71.8069, 148.8508, 9.072421, 10.57659, 26.45617, 27.81116, 164.0156, 164.8063, 162.9382, 69.03392, 142.164, 10.86359, 14.61, 2
24.98536, 24.9312, 156.5499, 155.0856, 154.5146, 71.27739, 148.6908, 9.001083, 10.43799, 27.02324, 27.82236, 163.7302, 164.4628, 162.4869, 68.73367, 142.4921, 10.83701, 14.63629, 2
24.61681, 25.81722, 156.5067, 155.1631, 154.4918, 71.17429, 147.8069, 9.008327, 10.65924, 28.057, 29.0894, 163.1378, 163.6548, 161.6848, 69.69219, 142.0116, 11.09093, 14.69836, 2
24.64049, 27.93949, 155.4324, 154.2489, 153.631, 71.74543, 146.462, 8.964929, 10.48104, 28.32549, 28.46098, 163.1894, 163.7377, 161.6739, 70.2299, 143.1472, 11.12309, 14.91746, 2
24.93858, 29.70608, 155.1634, 153.8889, 152.9413, 70.18659, 146.2143, 8.954733, 10.34014, 28.58867, 29.33594, 162.2623, 162.9537, 161.3378, 70.45355, 142.5429, 11.13086, 15.08162, 2
23.43046, 29.21757, 155.8167, 154.5903, 153.7112, 70.12391, 145.7392, 9.07515, 10.49271, 27.91894, 28.75103, 162.4542, 163.025, 161.1707, 69.54597, 143.5623, 10.96174, 14.84636, 2
22.74867, 28.4432, 156.9407, 155.5587, 154.6549, 69.91091, 145.6639, 9.124878, 10.78887, 28.05827, 29.05664, 162.4284, 162.8764, 160.9652, 69.55142, 143.4475, 10.8511, 15.21858, 2
22.12002, 27.35953, 157.0556, 155.6597, 154.9081, 69.20017, 145.8405, 9.123435, 10.95249, 28.20463, 30.47931, 163.6201, 163.9548, 162.2187, 69.27946, 140.9277, 11.44795, 15.48909, 2
22.55585, 26.81212, 156.8208, 155.5424, 154.7876, 71.0921, 146.497, 9.159783, 11.14875, 28.81816, 30.07026, 163.8264, 163.7465, 161.8112, 69.93013, 141.0364, 11.38809, 14.95619, 2
24.16428, 28.31058, 155.949, 154.6346, 154.014, 72.45557, 145.8521, 9.165275, 10.73152, 28.92213, 31.08227, 162.4554, 162.9299, 161.0433, 69.59282, 140.9559, 11.15101, 15.3901, 2
24.26188, 26.77748, 155.6752, 154.5948, 154.3632, 72.11018, 145.886, 9.26934, 10.85215, 28.3708, 30.104, 163.0361, 163.5506, 161.3802, 69.23042, 141.9083, 10.94159, 15.44181, 2
24.54807, 26.15376, 156.2789, 154.8303, 154.4711, 70.19969, 146.8625, 9.084455, 10.79197, 28.78669, 29.88726, 163.487, 163.8337, 161.8884, 70.22428, 142.0606, 11.0016, 15.41982, 2
24.45571, 28.37792, 154.7746, 153.7263, 153.375, 70.98535, 146.1642, 8.967164, 10.69183, 27.75881, 30.35046, 163.942, 164.3318, 162.261, 69.6554, 141.2846, 10.89544, 15.35894, 2
24.30462, 28.18423, 155.0238, 153.6495, 153.3153, 71.28406, 145.68, 9.018661, 10.89717, 28.77858, 29.39702, 163.4498, 163.8708, 162.0914, 69.27726, 141.3095, 11.18902, 15.17999, 2
23.85497, 25.75407, 155.4086, 154.3588, 153.8077, 70.44438, 147.7419, 9.004859, 10.75186, 28.95305, 30.29465, 162.824, 163.6566, 161.9101, 69.01643, 141.5052, 10.88494, 15.37583, 2
23.04317, 25.62349, 156.445, 155.407, 154.962, 69.15421, 147.3927, 9.194067, 10.95111, 28.93731, 29.07828, 163.6044, 164.4386, 162.5441, 70.91606, 142.6, 10.9235, 15.4863, 2
24.23603, 26.14339, 156.3128, 155.1422, 154.6219, 70.34081, 147.0608, 9.189491, 10.85342, 28.20552, 28.16398, 164.1832, 165.0915, 163.381, 68.97345, 142.3273, 10.90467, 15.44739, 2
24.00162, 23.63222, 155.9123, 154.7887, 154.7307, 70.40129, 148.6366, 9.099584, 10.93898, 28.56691, 28.39207, 162.7226, 163.5681, 161.9341, 70.5526, 143.0135, 10.83138, 15.23327, 2
24.55165, 23.71596, 155.325, 154.2572, 154.1811, 69.94791, 148.7292, 9.103621, 10.92009, 28.87655, 28.72366, 162.4367, 163.1824, 161.6434, 70.41142, 143.0506, 10.89343, 15.0675, 2
22.89703, 23.10897, 155.9216, 154.9446, 154.4554, 67.68003, 150.6664, 9.026085, 10.52097, 28.61692, 28.80111, 161.9256, 162.8667, 161.3721, 70.15196, 142.8041, 10.86508, 14.82492, 2
22.99564, 21.67429, 156.655, 155.7428, 155.4383, 68.11524, 150.9739, 9.154698, 10.66516, 27.96223, 27.01969, 163.1824, 164.2312, 162.3811, 69.30628, 144.3352, 10.64298, 15.11948, 2
22.19051, 21.6034, 156.3932, 155.5653, 155.3407, 67.39244, 151.0269, 9.08586, 10.69181, 26.10622, 26.81561, 162.9577, 163.891, 161.9511, 68.50033, 143.9911, 10.43645, 14.61982, 2
22.43975, 22.31128, 155.8629, 155.13, 154.9522, 67.43361, 150.9213, 9.156801, 10.69065, 25.75424, 27.40753, 163.3326, 164.3338, 162.618, 68.19646, 142.8903, 10.53975, 14.65779, 2
22.75889, 24.1543, 155.6216, 154.7471, 154.2461, 67.38614, 149.7393, 9.107893, 10.38366, 24.99587, 29.1473, 163.5264, 164.2447, 162.5731, 66.16792, 141.399, 10.67809, 14.61409, 2
24.65106, 26.03274, 154.2108, 153.5146, 153.0804, 68.51479, 149.3139, 8.967449, 10.30198, 26.61518, 28.5014, 162.5669, 163.2576, 161.581, 67.99244, 142.34, 10.80023, 13.99603, 2
24.59008, 25.80713, 154.7137, 154.1262, 153.9929, 68.57676, 148.8344, 9.163816, 10.49329, 27.07224, 28.68698, 162.5641, 163.2502, 161.553, 68.51262, 142.6629, 10.76898, 14.36314, 2
24.31866, 26.13581, 154.7358, 154.1282, 153.8763, 68.83745, 148.5375, 9.081275, 10.35655, 26.29172, 29.00569, 162.7204, 163.2963, 161.4567, 68.01786, 142.3405, 10.68076, 14.23571, 2
29.29038, 24.95653, 155.0202, 154.2104, 154.4374, 70.01832, 147.2082, 8.745071, 10.40932, 26.65057, 29.2756, 162.567, 163.389, 161.8398, 67.79233, 142.5358, 10.70081, 14.63765, 2
29.66683, 25.89086, 153.5331, 153.3562, 153.6093, 67.89873, 148.1763, 8.624365, 10.21746, 26.67013, 28.30506, 162.0859, 162.947, 161.3066, 67.5941, 143.3213, 10.58212, 14.5838, 2
29.82218, 26.79337, 153.3642, 153.3522, 153.686, 69.5588, 147.7206, 8.690522, 10.33064, 25.74166, 27.33686, 163.4995, 164.0902, 162.5074, 66.75599, 143.0616, 10.61645, 14.54742, 2
29.31015, 27.86055, 153.3988, 153.2668, 153.4709, 69.57365, 145.5638, 8.63911, 10.37424, 26.3645, 28.9742, 162.3861, 163.1145, 161.5699, 68.01244, 142.5603, 10.50363, 14.64989, 2
29.07856, 27.90713, 152.7819, 152.866, 153.0178, 67.4847, 147.1982, 8.583915, 10.36642, 25.98066, 28.97858, 162.4072, 163.245, 161.7239, 67.7076, 142.3352, 10.54122, 14.63668, 2
29.50204, 27.75462, 153.6045, 153.2722, 153.2657, 68.56976, 147.5587, 8.60099, 9.965512, 26.39399, 27.98868, 162.6457, 163.5282, 161.8323, 68.22562, 142.8007, 10.59569, 14.57174, 2
26.5421, 29.09354, 153.0807, 153.1721, 153.2023, 68.20477, 145.9085, 8.626779, 10.12255, 25.17201, 28.29978, 162.3753, 163.4057, 161.7741, 67.69501, 142.5846, 10.19152, 14.49136, 2
27.17957, 28.2396, 153.1734, 153.0577, 153.0637, 67.60893, 146.2668, 8.534075, 10.1931, 26.26994, 28.69372, 162.8713, 163.6935, 162.1313, 68.00005, 142.0443, 10.71801, 13.94946, 2
27.39706, 27.17378, 153.0615, 153.2099, 153.3278, 66.19956, 147.4173, 8.664763, 10.37096, 24.98005, 30.79911, 161.9303, 162.7681, 161.4992, 67.14067, 141.1313, 10.48389, 14.62416, 2
27.86834, 29.48907, 153.0107, 153.0602, 153.1482, 66.95919, 146.6458, 8.724405, 10.07316, 25.8844, 30.20151, 162.4822, 163.049, 161.5364, 68.31624, 141.5385, 10.75557, 14.23769, 2
29.55497, 28.55444, 153.3277, 153.1049, 153.3731, 69.27003, 146.5191, 8.946787, 10.13595, 26.96071, 29.06829, 162.7463, 163.4864, 162.3117, 69.03841, 142.3808, 10.73746, 14.49501, 2
27.17585, 27.56313, 153.4378, 153.4606, 153.7315, 68.48609, 146.7459, 8.903025, 10.00616, 27.57605, 28.20429, 162.0601, 162.9316, 161.5491, 69.27815, 143.2947, 10.58762, 14.50225, 2
26.41622, 27.741, 153.6528, 153.535, 153.6692, 67.35094, 147.5438, 8.937098, 10.24692, 26.23648, 29.05425, 162.2078, 163.0117, 161.6302, 68.33398, 142.6277, 10.36997, 14.44263, 2
27.21609, 27.14462, 153.2648, 153.4473, 153.4995, 68.00368, 148.4536, 8.888206, 10.24171, 25.21826, 28.08415, 162.4236, 163.2243, 161.7341, 67.71296, 143.5687, 10.29902, 14.37992, 2
28.76811, 28.82417, 153.001, 153.2073, 153.1986, 68.67262, 147.1692, 8.70563, 9.939508, 25.80592, 27.82763, 163.309, 164.2003, 162.4458, 67.99462, 142.8891, 10.50644, 14.5838, 2
29.81679, 28.62433, 154.0152, 153.7145, 153.7643, 69.08561, 146.5846, 8.830575, 10.19779, 25.79577, 28.4461, 162.6142, 163.4086, 161.5814, 68.26256, 143.1668, 10.50264, 14.59079, 2
28.07884, 26.96455, 154.2497, 154.1797, 154.2644, 67.68602, 147.366, 8.860046, 10.39943, 26.6283, 28.42212, 162.8308, 163.6842, 162.1494, 69.39175, 142.6844, 10.53413, 14.60621, 2
27.65256, 29.26276, 151.8977, 152.3991, 152.3978, 69.34923, 147.3312, 8.382252, 9.894157, 25.25787, 28.18614, 163.5847, 164.3411, 162.8754, 68.26739, 142.2115, 10.43854, 14.46023, 2
27.42374, 30.83154, 152.7325, 152.7607, 152.876, 69.09634, 144.963, 8.46399, 9.748928, 25.04533, 28.74946, 163.0937, 163.9579, 162.3831, 68.51657, 142.303, 10.28937, 14.37735, 2
28.14399, 30.77478, 152.6848, 152.5067, 152.5956, 68.91267, 145.8267, 8.4935, 9.597121, 25.84829, 28.44677, 163.3933, 164.1703, 162.7465, 68.77504, 142.0575, 10.50631, 14.20042, 2
28.09385, 30.89803, 152.1451, 152.3238, 152.3829, 70.73337, 145.4532, 8.50683, 9.530091, 25.66084, 27.34068, 164.1424, 165.2557, 163.6412, 67.98383, 142.551, 10.65045, 14.84381, 2
27.60251, 29.69044, 153.3693, 153.0072, 153.0343, 70.90221, 146.2423, 8.738646, 9.461801, 26.36407, 26.43327, 164.4468, 165.623, 163.7215, 68.28196, 142.5961, 10.68086, 14.42072, 2
28.8107, 28.57958, 152.0975, 152.2376, 152.1771, 71.09796, 147.4198, 8.71981, 9.605067, 29.82317, 28.43468, 161.936, 163.3116, 161.4703, 71.36781, 143.8521, 10.39856, 14.87251, 2
27.4747, 28.18468, 151.8308, 152.0758, 151.857, 70.86063, 148.7237, 8.539872, 9.508821, 28.20747, 28.2683, 162.8253, 163.9231, 161.9098, 70.23917, 143.0481, 10.43892, 14.73157, 2
27.22774, 29.47074, 152.2642, 152.452, 152.4354, 71.33784, 146.5222, 8.647586, 9.530483, 27.55002, 28.17138, 162.2998, 163.5961, 161.6023, 69.26907, 143.1507, 10.27958, 14.70589, 2
26.96929, 28.71513, 152.8093, 152.8383, 152.9221, 71.38551, 146.1844, 8.705066, 9.431818, 26.95402, 27.70975, 161.7495, 163.0042, 161.5527, 68.45852, 143.2517, 10.06695, 14.35374, 2
26.9275, 27.5264, 153.5199, 153.2859, 153.2869, 70.42399, 147.8596, 8.62571, 9.593618, 27.83101, 25.13992, 161.5974, 162.8651, 161.4565, 68.38421, 145.4397, 9.921567, 14.30718, 2
29.31001, 21.92116, 154.6284, 154.2521, 154.5269, 70.31846, 149.951, 8.653943, 10.52486, 27.42029, 25.19466, 163.5233, 164.4927, 162.9836, 71.16663, 143.9775, 10.40993, 14.15614, 2
27.10557, 22.81686, 155.8376, 154.9866, 155.0643, 69.89555, 148.5847, 8.783108, 10.68288, 28.17838, 25.99634, 163.5271, 163.8943, 162.1682, 72.26652, 144.0784, 10.44598, 14.26404, 2
27.73427, 23.76961, 156.6209, 155.6829, 155.5485, 70.56375, 147.6245, 8.755308, 11.38526, 29.62244, 26.4694, 164.9088, 164.7079, 162.6458, 73.03636, 142.8911, 10.55687, 14.50314, 2
26.8385, 35.73798, 156.7071, 154.9934, 154.1796, 74.69775, 132.8806, 9.176866, 12.15051, 30.30134, 26.12291, 166.2446, 165.8172, 164.0372, 71.55161, 141.5806, 11.04855, 15.63277, 2
31.14518, 31.97801, 155.9644, 155.1643, 155.1236, 83.94578, 131.7026, 9.479485, 12.99396, 29.47449, 28.57241, 165.9117, 165.0012, 163.3952, 70.52705, 139.0622, 11.28432, 15.67817, 2
28.07089, 32.05768, 156.9989, 156.5214, 156.3816, 77.36143, 132.285, 9.848859, 13.52075, 29.42645, 26.89295, 166.2932, 165.8156, 164.3688, 69.91844, 139.5151, 11.22437, 15.41633, 2
25.51241, 32.85435, 158.3217, 156.2491, 155.7166, 74.2543, 132.1794, 9.191587, 13.01109, 28.88875, 24.6005, 166.353, 166.3699, 165.388, 69.85098, 141.8109, 10.97408, 15.11631, 2
30.40353, 33.23133, 154.3454, 154.4527, 152.9577, 68.73407, 144.3735, 7.828597, 12.47146, 28.11812, 24.10351, 162.8362, 164.1869, 162.6886, 70.07643, 145.5259, 10.40269, 14.80747, 2
28.69353, 31.91163, 154.9411, 153.5175, 152.7504, 71.76887, 135.2547, 8.633106, 12.01767, 28.37226, 29.27666, 160.8733, 161.5143, 159.5999, 69.68261, 144.2775, 10.6213, 15.05143, 2
28.53575, 44.98388, 157.2958, 154.1991, 154.789, 77.74474, 122.4454, 10.33506, 14.20821, 33.15263, 35.67009, 158.0972, 159.2214, 157.8632, 71.62385, 142.4547, 10.51659, 15.15649, 2
28.01757, 38.87551, 157.3053, 154.3721, 154.8838, 74.0513, 125.0276, 9.582485, 14.05912, 32.5501, 29.52206, 159.3205, 159.9953, 158.5091, 72.40409, 144.1096, 10.73422, 14.0254, 2
29.12863, 34.34884, 155.3985, 154.1145, 152.6288, 69.92594, 144.5303, 7.989547, 12.96172, 30.32579, 31.54972, 158.9593, 159.4296, 157.861, 71.28976, 144.2656, 10.31826, 14.61017, 2
28.3908, 30.15873, 158.4654, 155.5087, 154.2835, 69.2905, 141.5376, 8.763494, 13.37791, 31.5199, 27.91111, 161.4064, 161.1378, 159.4681, 69.71385, 143.3516, 10.91042, 14.77808, 2
28.22631, 33.13129, 154.4604, 152.7616, 151.4962, 72.83849, 138.5241, 8.337057, 13.31379, 28.1298, 31.72983, 160.7066, 159.2074, 157.3589, 71.78268, 139.9305, 10.62119, 14.07542, 2
29.93053, 28.82673, 157.4676, 156.2477, 155.2621, 69.91772, 137.76, 9.523984, 14.51455, 27.91217, 32.04104, 160.2014, 158.8236, 156.8346, 69.59931, 140.6869, 10.4742, 13.65429, 2
28.4244, 28.80328, 157.8103, 157.1862, 156.1042, 68.62448, 137.3107, 9.744127, 14.7932, 26.28157, 30.57292, 160.8635, 159.5404, 157.7117, 67.81626, 141.021, 10.58348, 13.54308, 2
28.72015, 29.64792, 158.164, 157.3561, 156.2558, 67.38595, 135.2648, 10.21259, 15.07659, 27.5435, 30.78302, 160.5794, 159.3593, 157.6514, 65.95178, 140.2403, 10.85487, 13.35051, 2
28.47944, 33.05299, 157.2547, 156.5406, 155.7081, 62.89501, 133.4592, 10.53633, 14.92776, 32.1088, 30.21728, 159.0119, 158.6108, 157.1621, 68.03303, 142.0999, 10.46458, 14.06662, 2
29.19257, 30.46697, 160.0564, 159.7639, 158.398, 65.48187, 133.3477, 11.00285, 15.0615, 34.0448, 26.67408, 159.1359, 159.7936, 158.4484, 73.33755, 146.8481, 10.18018, 14.19006, 2
27.6963, 32.29812, 157.5661, 157.0333, 156.203, 63.62774, 135.1295, 10.64422, 14.47573, 30.59999, 26.60681, 158.2253, 158.7383, 157.1779, 69.28671, 146.5824, 10.02637, 13.85213, 2
28.30302, 34.01656, 159.6147, 158.6382, 157.61, 66.38074, 132.1562, 10.93917, 14.86129, 30.58263, 29.32924, 157.6765, 158.5336, 156.5767, 70.87324, 144.6249, 9.777666, 13.52605, 2
27.73167, 34.25155, 160.3594, 159.3598, 158.362, 63.52971, 131.7766, 11.24891, 14.33658, 30.0526, 28.33166, 157.944, 158.4606, 156.2298, 73.13215, 146.1059, 9.78024, 12.74407, 2
28.1605, 34.37559, 159.1806, 158.302, 157.4323, 68.91868, 133.3257, 11.18386, 13.94737, 29.40324, 26.8469, 157.9196, 157.8806, 155.6322, 71.31817, 147.5657, 9.546784, 12.3514, 2
28.62634, 35.76806, 159.6225, 158.6644, 157.4317, 69.40128, 131.4774, 11.19039, 14.03037, 31.23996, 28.71756, 158.8474, 159.1547, 157.0222, 72.05528, 145.3345, 9.831254, 12.93042, 2
27.74555, 34.0118, 159.6213, 158.5046, 157.4479, 65.35679, 132.5999, 11.31122, 13.73389, 32.40993, 27.85604, 158.9901, 159.4008, 157.4523, 71.14905, 145.9165, 10.00547, 13.00867, 2
27.79181, 30.97764, 160.2472, 159.5075, 158.5026, 67.41222, 134.6902, 11.41513, 13.75136, 32.71672, 26.9576, 158.8084, 159.1426, 157.1582, 73.26391, 146.8148, 9.707436, 13.08023, 2
27.44068, 31.00965, 158.2074, 157.6351, 156.6647, 65.15193, 135.8738, 10.81836, 13.42894, 29.96239, 25.83984, 160.3105, 160.3578, 158.2104, 70.51019, 146.5893, 10.19783, 13.21846, 2
25.17187, 32.43032, 158.5466, 158.0124, 156.9929, 64.45788, 135.1993, 10.94185, 13.51354, 33.16575, 26.39871, 159.7143, 159.7277, 157.73, 72.98386, 146.0219, 10.10523, 12.72297, 2
29.46184, 28.87112, 157.8273, 157.6389, 156.8243, 69.03093, 138.7501, 10.88893, 13.35511, 33.45239, 26.49045, 160.5204, 160.3957, 158.2811, 72.03797, 145.7724, 10.25992, 12.74938, 2
30.47862, 29.91445, 157.7369, 157.3143, 156.7125, 69.03905, 138.137, 10.69538, 13.29292, 34.11643, 26.70076, 159.8531, 160.34, 158.2489, 73.43593, 146.7679, 10.35083, 13.08298, 2
28.76731, 30.20795, 158.3148, 157.8072, 157.0007, 66.29578, 137.7737, 11.04077, 13.50429, 34.08971, 26.1707, 160.0574, 160.7909, 158.9838, 74.63605, 147.2098, 10.12077, 13.20264, 2
25.55813, 31.2413, 157.6606, 157.2581, 156.4218, 64.06602, 137.5774, 10.69875, 13.21345, 33.5741, 26.56379, 159.3475, 159.9467, 157.8862, 73.98582, 147.1184, 9.994932, 12.9318, 2
25.17567, 29.43055, 157.4687, 157.1787, 156.5025, 65.48936, 139.3665, 10.65117, 13.05365, 32.95954, 26.20737, 159.2828, 160.0746, 158.2523, 73.66266, 147.6225, 9.882483, 13.01877, 2
27.45687, 30.34722, 156.7003, 156.4877, 155.9893, 67.12765, 139.5839, 10.56894, 13.06799, 31.26168, 24.90392, 158.9601, 159.4008, 157.5555, 72.14641, 149.0775, 9.56051, 12.55917, 2
27.23888, 29.16158, 157.6966, 157.5839, 157.0485, 65.80407, 139.64, 10.84829, 13.18497, 32.86446, 24.46326, 158.9428, 159.505, 157.5036, 72.54223, 149.7196, 9.685172, 12.59906, 2
25.29282, 30.41834, 157.6251, 157.6642, 157.024, 65.03734, 138.4604, 10.66265, 13.27604, 31.13375, 25.28251, 158.6919, 159.0548, 157.1529, 71.79286, 148.6071, 9.623612, 12.32307, 2
23.71885, 31.85922, 158.5023, 158.256, 157.9706, 62.61742, 136.2381, 10.71739, 13.47155, 30.75354, 25.52061, 158.9214, 159.3194, 157.3779, 71.78261, 148.6005, 9.637249, 12.39487, 2
23.80853, 33.10352, 157.7995, 157.7043, 157.5092, 62.62104, 136.1505, 10.81987, 13.58011, 31.0609, 25.15626, 159.0058, 159.2511, 157.1838, 72.42732, 149.2498, 9.555182, 12.40214, 2
23.79656, 30.92129, 158.4462, 158.1714, 157.5844, 63.00716, 137.3418, 10.7613, 13.43786, 31.80985, 24.46991, 159.5949, 159.8256, 157.7206, 72.31864, 149.416, 9.743299, 12.60886, 2
25.76716, 30.12062, 157.0278, 156.8633, 156.0704, 65.79979, 139.352, 10.45513, 13.27795, 33.29651, 24.81554, 159.4628, 159.6703, 157.6922, 72.3883, 148.9534, 9.782853, 12.58232, 2
26.73494, 30.3189, 156.3487, 156.2429, 155.5225, 66.95791, 140.1066, 10.35606, 13.40421, 32.18125, 24.20949, 159.6549, 159.891, 157.7556, 72.27689, 149.2275, 9.755844, 12.67302, 2
26.28495, 30.24047, 156.3858, 156.3479, 155.6005, 66.49389, 140.0492, 10.40951, 13.39568, 31.9409, 23.46701, 160.1239, 160.4699, 158.4559, 73.04699, 149.9017, 9.820787, 12.80127, 2
26.76998, 30.60219, 156.6428, 156.382, 155.7954, 65.75554, 139.6382, 10.61483, 13.48135, 39.41701, 23.8288, 159.3045, 160.3211, 158.994, 75.34183, 149.1498, 9.845304, 12.05362, 2
26.65325, 30.66594, 157.3922, 157.1627, 156.657, 65.72219, 139.0148, 10.70986, 13.58088, 35.43747, 23.73261, 158.4872, 159.1393, 157.7062, 72.40137, 149.2539, 9.706929, 11.86221, 2
27.578, 30.87315, 157.8963, 157.8208, 157.7818, 67.93452, 138.7195, 10.69618, 13.65612, 34.21764, 24.56929, 158.0658, 158.205, 157.1754, 72.29115, 148.9665, 9.176031, 11.42874, 2
28.17867, 30.12842, 158.3018, 158.3927, 158.1824, 68.41154, 138.6991, 10.49593, 13.53037, 35.70503, 23.00049, 158.1438, 158.7003, 157.3641, 73.50419, 150.6034, 9.234376, 11.53808, 2
27.58922, 31.5909, 158.4007, 157.9567, 157.4653, 68.23729, 137.7881, 10.50524, 13.63685, 37.16421, 21.51669, 159.1379, 159.8561, 158.4618, 73.44971, 151.2303, 9.500094, 11.82267, 2
27.35229, 29.72429, 158.5999, 158.3518, 157.7184, 67.79043, 139.2655, 10.50127, 13.42902, 37.02323, 22.49937, 159.5157, 160.0238, 158.752, 72.90283, 149.9289, 9.765131, 11.83964, 2
26.71152, 27.8953, 159.1463, 159.2343, 158.6131, 67.07829, 140.0038, 10.57829, 13.29804, 37.53411, 20.23059, 162.2243, 162.8381, 161.2099, 73.48547, 150.4353, 10.61845, 12.23793, 2
26.02066, 31.33947, 156.3652, 156.3868, 155.9534, 65.2065, 139.7088, 10.25288, 13.18331, 38.64013, 19.40547, 161.3767, 162.1991, 160.6797, 74.00912, 152.0108, 10.42743, 12.43693, 2
26.55212, 30.05803, 156.8461, 157.0554, 156.4911, 65.83849, 140.6733, 10.20064, 13.0896, 39.18508, 20.05027, 161.559, 162.2041, 160.5237, 76.20251, 151.7273, 10.37847, 12.39408, 2
26.6991, 28.78854, 157.2772, 157.2199, 156.4742, 66.02413, 140.9386, 10.50146, 13.24264, 37.0655, 19.46223, 160.4809, 160.7942, 159.0278, 74.52278, 153.4532, 10.03119, 11.77748, 2
25.85368, 28.93388, 158.1311, 158.1033, 157.1078, 65.43849, 139.7276, 10.71217, 13.1118, 34.49141, 20.68565, 159.5322, 159.3888, 157.7408, 72.47639, 153.3339, 9.784822, 11.49852, 2
26.65445, 29.52576, 158.0528, 158.961, 158.2441, 65.8372, 139.938, 10.60432, 13.50882, 33.0599, 22.208, 158.9534, 158.7094, 157.1567, 71.63287, 152.1572, 9.518988, 11.89368, 2
27.19247, 29.71078, 157.6135, 158.3128, 157.6145, 65.44162, 139.9125, 10.59329, 13.47916, 32.79114, 22.56812, 159.0547, 158.7135, 157.0013, 72.16772, 151.252, 9.669224, 12.13802, 2
26.55285, 29.48974, 157.1509, 157.5725, 156.7612, 64.17451, 140.7395, 10.48404, 13.39198, 33.12617, 21.97208, 158.7031, 158.9651, 157.1802, 72.61874, 151.8121, 9.697608, 11.66088, 2
24.55677, 28.93863, 156.6147, 156.5095, 155.3179, 63.87426, 141.2248, 10.37523, 13.26391, 33.07364, 20.963, 159.8541, 160.3913, 158.6219, 73.19233, 151.5818, 9.959057, 12.33177, 2
25.62729, 29.16085, 157.5566, 157.6928, 156.421, 64.49435, 140.4078, 10.56304, 13.59511, 32.3548, 21.78378, 159.6598, 160.0183, 158.3692, 72.46667, 150.9514, 9.930502, 12.28622, 2
26.73454, 27.49723, 157.6901, 158.4337, 157.4076, 66.92884, 142.086, 10.09783, 13.7391, 32.45575, 21.68675, 159.4849, 159.8275, 157.573, 73.3167, 150.9671, 10.13917, 11.79545, 2
26.37283, 27.93408, 157.8984, 158.4013, 157.4643, 66.15622, 140.9473, 10.29994, 13.74009, 31.87275, 22.75374, 159.3684, 159.2181, 157.4423, 71.95174, 150.5018, 10.07199, 11.70573, 2
24.98807, 28.89653, 157.5316, 158.1046, 157.1229, 64.19037, 140.0321, 10.35805, 13.69952, 31.38259, 23.29769, 160.2042, 159.8932, 158.1428, 71.14601, 149.7215, 10.18138, 11.8628, 2
23.75605, 30.08414, 156.8606, 157.1669, 156.3029, 62.4924, 139.4847, 10.44005, 13.66816, 31.71521, 22.92394, 160.1189, 159.7941, 157.9976, 71.27177, 149.92, 10.14393, 11.96659, 2
24.77254, 28.68463, 157.2377, 157.5643, 156.5252, 64.29807, 141.666, 10.20652, 13.60592, 32.0417, 23.07467, 160.3762, 159.9413, 158.2884, 71.5023, 149.9637, 10.18431, 12.13218, 2
25.37976, 27.67925, 156.7504, 157.3289, 156.0737, 64.39545, 142.3354, 10.11968, 13.34441, 32.34169, 23.71769, 159.4679, 159.0941, 157.6087, 71.52283, 149.5475, 9.916432, 11.90729, 2
25.2764, 27.73279, 156.4812, 156.7507, 155.61, 63.55418, 142.5103, 10.02946, 13.51236, 33.06817, 21.80899, 159.2468, 159.5408, 157.8368, 71.40247, 150.9419, 9.913279, 12.0247, 2
25.51443, 28.0689, 156.562, 157.119, 155.9299, 63.03413, 142.3793, 10.12588, 13.44876, 33.81253, 20.4417, 159.2448, 159.7863, 158.0865, 71.54482, 151.9429, 10.05739, 11.92066, 2
25.66026, 28.72152, 156.6813, 157.1184, 156.0797, 62.96055, 141.2454, 10.23702, 13.6256, 32.71566, 22.23245, 158.8434, 158.8711, 157.339, 71.14085, 150.7386, 10.00345, 11.65552, 2
24.34947, 28.64851, 158.5946, 158.6954, 157.5087, 62.39568, 139.188, 10.66398, 13.7051, 32.02233, 22.93317, 158.8524, 158.5292, 156.6719, 71.1736, 150.3898, 9.72787, 11.63754, 2
23.29157, 28.66932, 158.3642, 158.6, 157.3934, 62.52135, 139.5571, 10.68332, 13.53702, 34.28242, 21.84877, 158.8454, 159.1513, 157.2453, 71.82149, 150.8592, 9.845045, 11.85097, 2
22.91559, 26.0253, 158.6619, 159.0517, 157.713, 64.04555, 141.4477, 10.62501, 13.2835, 33.39939, 23.83084, 160.3021, 159.5809, 158.0535, 72.04543, 149.475, 10.05532, 11.88437, 2
25.93034, 21.94541, 159.3471, 160.334, 159.0078, 62.69941, 143.9606, 10.87352, 13.62255, 32.59233, 22.27165, 160.2364, 160.3372, 158.5613, 71.7466, 150.5573, 10.14133, 11.8778, 2
27.09003, 20.76746, 158.9037, 160.0728, 158.4113, 63.10739, 145.4033, 10.89105, 13.62521, 32.95076, 20.88624, 160.2416, 160.616, 158.5369, 72.43989, 151.4856, 10.13442, 11.96645, 2
27.58489, 20.29087, 158.5501, 159.5944, 157.8373, 64.25151, 146.7286, 10.72273, 13.68337, 32.76347, 20.9468, 159.6745, 159.8697, 157.886, 72.90967, 151.9038, 9.944256, 11.92132, 2
28.10081, 20.83461, 158.1683, 159.3284, 157.8122, 64.28978, 146.4471, 10.59132, 13.7914, 32.43874, 22.70792, 159.0045, 158.8118, 156.9478, 72.45517, 150.8956, 9.865696, 11.72689, 2
28.49055, 21.94831, 158.2448, 159.5085, 158.0848, 63.86477, 146.0015, 10.56637, 13.73933, 32.93968, 23.19435, 159.2727, 158.4343, 156.8458, 72.01936, 150.5993, 9.812916, 11.88765, 2
24.41655, 23.30749, 158.2358, 159.1297, 157.9201, 63.08857, 144.7251, 10.53592, 13.34393, 34.0023, 23.33757, 159.4562, 158.6161, 157.1029, 72.61871, 150.3867, 9.831774, 11.95398, 2
26.56601, 21.65246, 157.5612, 158.8145, 157.2508, 63.85893, 146.2366, 10.51665, 13.18825, 34.45984, 23.17354, 159.393, 158.679, 157.0324, 72.64245, 150.1985, 9.642531, 11.84495, 2
29.18804, 21.10965, 157.6164, 158.8472, 157.2543, 65.75671, 147.06, 10.47978, 13.69295, 34.44777, 22.70968, 159.13, 158.6019, 157.0623, 72.66067, 150.4989, 9.723302, 12.33334, 2
28.31047, 22.53224, 157.7494, 159.217, 157.7846, 64.0511, 145.3618, 10.53028, 13.80024, 35.62179, 23.83847, 158.0902, 158.1019, 155.9853, 72.12303, 149.3136, 9.838771, 11.58182, 2
25.99264, 24.76245, 156.715, 157.8557, 156.5124, 62.47051, 144.3326, 10.40308, 13.06489, 34.33458, 23.90753, 158.9704, 158.7169, 157.1043, 71.76543, 148.352, 10.15337, 11.38465, 2
25.87135, 25.88918, 156.83, 157.708, 156.8222, 64.15353, 143.9647, 10.18486, 13.28124, 36.10024, 24.35378, 159.3474, 158.7352, 157.4021, 72.48266, 148.4659, 9.965058, 11.92734, 2
27.33803, 23.17158, 156.9671, 158.0973, 157.1267, 65.48772, 145.8761, 10.3382, 12.91064, 35.89304, 23.41615, 160.7577, 159.7637, 158.0788, 74.07735, 149.7575, 10.30326, 12.43654, 2
27.62765, 22.91344, 156.7971, 157.3994, 155.8286, 64.9317, 146.0537, 10.34604, 12.98065, 36.3985, 23.566, 160.0952, 159.8994, 158.488, 74.56013, 148.9799, 10.22054, 11.80295, 2
27.26347, 24.63784, 156.856, 157.2068, 155.6374, 64.66201, 144.2959, 10.50781, 13.07337, 37.04006, 22.48014, 158.6382, 159.369, 157.9019, 74.67297, 150.5897, 9.882921, 11.61243, 2
26.96237, 24.97736, 156.6527, 156.9388, 155.5459, 64.37591, 144.1611, 10.47568, 13.09761, 34.85903, 22.08919, 159.0426, 159.2907, 157.4945, 72.3471, 150.7549, 9.658625, 11.67972, 2
26.3528, 25.65227, 156.463, 156.5857, 155.2648, 64.35619, 143.986, 10.33944, 12.89654, 33.18184, 22.96085, 159.33, 158.9951, 157.4406, 71.24302, 149.927, 9.66357, 11.49819, 2
26.2675, 26.10299, 156.3592, 156.6411, 155.2578, 64.58403, 143.9877, 10.46439, 12.66241, 32.27976, 23.80252, 159.3734, 159.242, 157.732, 71.61285, 149.3717, 9.831054, 11.70097, 2
26.70563, 26.51929, 156.8133, 156.7267, 155.257, 65.1068, 143.4187, 10.58996, 12.68986, 36.07888, 21.14183, 159.3139, 159.7592, 157.9718, 73.35842, 151.3273, 9.882086, 12.02774, 2
25.86608, 26.57438, 157.8675, 157.7879, 156.6483, 65.77085, 142.4238, 10.74197, 13.00618, 34.77044, 21.69299, 158.7344, 159.1028, 157.267, 73.29993, 151.4086, 9.963243, 11.59143, 2
26.34978, 25.67151, 157.5429, 157.4811, 155.8627, 66.46366, 143.3314, 10.61771, 12.89507, 32.65219, 23.08918, 158.5397, 157.8186, 156.2032, 71.48837, 151.1028, 9.506921, 11.48226, 2
26.8868, 24.94585, 156.4138, 156.7088, 154.8828, 65.41813, 145.2955, 10.307, 12.45487, 32.7082, 23.86541, 157.9879, 157.6931, 155.7243, 70.19144, 148.6932, 9.896899, 11.25851, 2
26.61294, 23.56066, 156.7308, 157.0767, 155.2007, 65.77866, 146.1491, 10.31767, 12.42192, 33.64913, 23.7401, 158.3916, 158.0623, 156.1164, 71.17196, 148.8602, 10.02287, 11.21533, 2
27.01223, 23.62525, 157.0395, 157.2411, 155.3519, 66.45156, 145.7634, 10.47356, 12.52801, 33.16467, 23.95292, 158.3362, 157.9326, 156.3728, 71.0553, 148.6331, 9.804497, 11.43678, 2
27.27427, 23.81419, 156.7812, 156.9769, 155.1412, 66.82466, 145.7653, 10.43724, 12.46571, 33.04644, 23.75439, 158.5582, 158.3084, 156.8996, 71.03457, 148.9977, 9.905122, 11.55849, 2
26.69227, 25.29328, 156.392, 156.9153, 155.4742, 65.76796, 144.1865, 10.56047, 12.47827, 32.74006, 24.56523, 158.4486, 157.9556, 156.5499, 70.91145, 148.3439, 9.758464, 11.47283, 2
26.76511, 24.57161, 156.8484, 156.9806, 155.4481, 67.02859, 144.7613, 10.33866, 12.57316, 34.01364, 24.8402, 159.1455, 158.6347, 156.9875, 71.76439, 147.8666, 9.876472, 11.50925, 2
28.16262, 23.79905, 157.6302, 158.2369, 157.004, 68.22938, 145.2334, 10.44126, 12.78927, 35.7638, 23.97372, 160.1056, 158.9965, 157.5773, 73.72484, 149.1073, 9.749997, 11.81705, 2
26.65641, 24.93713, 156.7238, 156.9778, 155.3335, 65.61964, 145.2421, 10.32344, 12.43159, 37.38176, 24.58131, 159.8901, 159.2412, 158.2569, 72.51109, 147.5782, 10.11822, 11.67492, 2
25.89618, 23.97936, 156.7104, 157.1702, 155.4746, 64.89033, 145.7154, 10.12605, 12.31598, 38.06132, 24.70889, 160.2595, 159.3866, 158.1463, 72.95972, 147.6234, 10.04353, 11.84608, 2
26.20179, 25.03647, 157.3513, 157.3572, 155.7521, 65.92707, 144.6505, 10.40518, 12.57121, 37.88326, 23.84891, 161.2885, 160.2124, 158.883, 74.1021, 148.1562, 10.25051, 12.08741, 2
26.23292, 26.75639, 157.3209, 156.9906, 155.8063, 65.96178, 143.3207, 10.40524, 12.7622, 38.33395, 24.37994, 161.6857, 160.4353, 159.188, 74.63873, 147.8807, 10.36101, 12.12356, 2
26.51136, 26.83358, 157.0451, 156.7561, 155.4675, 65.8237, 143.4746, 10.29734, 12.74201, 36.26233, 24.64668, 161.8033, 160.4986, 159.1116, 73.53255, 147.747, 10.32779, 12.0544, 2
26.35134, 27.02213, 156.665, 156.4427, 154.9883, 65.39449, 142.8342, 10.49402, 12.95121, 32.90288, 22.81214, 160.093, 159.5356, 158.0446, 71.27599, 150.4319, 9.896124, 11.21066, 2
26.27668, 27.2861, 157.712, 157.6324, 156.3364, 66.26882, 141.8813, 10.77744, 12.88941, 35.57786, 19.27188, 159.2502, 159.7801, 158.1776, 71.41207, 154.3625, 9.476208, 11.18546, 2
26.66369, 26.70658, 157.4909, 157.3928, 155.9593, 66.26241, 143.0438, 10.56125, 12.8349, 32.2957, 20.70812, 159.5148, 159.1359, 157.5423, 71.33783, 152.3382, 9.615908, 11.03919, 2
26.31484, 26.09636, 158.2297, 158.2509, 157.037, 66.46765, 142.6202, 10.74585, 12.67434, 32.38041, 20.96293, 160.0318, 159.4889, 157.8438, 70.68412, 151.5919, 9.843307, 11.85922, 2
26.34317, 25.86217, 158.1779, 158.4495, 157.5721, 66.85658, 143.2124, 10.51986, 12.52152, 34.0248, 21.26431, 159.8642, 159.6448, 158.0196, 71.18031, 151.5763, 9.619955, 11.84175, 2
26.41448, 25.67699, 157.7475, 157.7573, 156.4582, 67.29284, 143.4272, 10.57196, 12.68839, 33.88663, 20.60088, 160.8172, 160.4774, 158.806, 71.23553, 151.9578, 9.798438, 11.944, 2
26.34382, 26.14607, 157.8398, 158.2735, 157.1543, 65.72881, 142.3415, 10.57176, 12.76147, 34.2181, 19.43016, 159.8407, 160.1812, 158.4054, 70.34424, 151.7002, 9.82357, 11.61805, 2
26.87204, 26.95176, 157.8075, 158.1061, 157.3914, 66.86701, 143.1394, 10.46132, 12.86075, 34.69819, 22.94122, 159.0257, 158.5737, 156.5578, 70.70413, 150.1441, 9.602938, 11.05941, 2
27.58846, 26.03283, 157.8206, 158.0865, 157.2184, 67.55605, 143.8918, 10.45604, 12.84442, 34.57029, 22.58023, 159.0968, 158.8188, 156.8127, 71.61375, 150.4512, 9.543448, 11.2163, 2
26.92797, 26.2858, 157.6973, 157.9738, 156.8094, 66.79511, 142.8472, 10.42636, 12.83416, 34.67115, 21.59671, 160.6171, 159.9473, 158.3632, 71.2273, 151.0083, 9.912941, 11.35465, 2
26.53264, 26.87779, 157.9739, 158.2086, 157.0623, 66.98415, 142.2946, 10.52353, 12.82372, 37.16161, 20.56992, 162.2466, 161.3832, 159.7247, 73.40359, 150.9936, 10.15333, 12.08575, 2
27.4907, 27.39668, 157.4449, 157.7774, 157.0121, 66.70873, 142.7318, 10.42098, 13.0379, 36.69841, 21.94947, 161.8805, 160.8536, 159.5537, 73.36468, 149.7286, 10.18366, 12.15761, 2
27.84993, 27.90802, 157.5453, 157.7527, 156.9782, 66.55057, 142.3901, 10.56827, 13.03212, 35.27235, 23.14957, 160.6588, 159.7775, 158.6156, 71.3887, 149.1077, 10.18818, 11.83208, 2
27.54186, 27.49613, 157.2021, 157.7272, 156.9315, 65.41182, 142.386, 10.39748, 12.76852, 39.28979, 23.63994, 160.3368, 159.7768, 158.1956, 72.50424, 148.4737, 10.2687, 11.76638, 2
26.80651, 27.90163, 157.3906, 157.7176, 157.1157, 65.15427, 141.6112, 10.42547, 12.90327, 41.78115, 21.19329, 161.1359, 160.304, 158.4507, 74.60321, 150.4801, 10.16041, 11.45146, 2
26.25314, 28.37885, 157.6292, 157.9552, 157.5755, 65.53793, 141.7952, 10.56664, 13.20312, 41.23325, 20.80736, 161.7266, 160.4582, 158.7552, 74.75233, 151.1147, 10.20488, 11.56625, 2
26.53082, 27.75924, 157.9734, 158.4099, 157.4849, 67.46487, 141.5385, 10.57055, 12.84821, 39.83088, 20.75139, 161.7787, 160.5085, 159.1827, 74.01079, 151.525, 10.08596, 11.46047, 2
26.88573, 27.54055, 157.7202, 158.0471, 157.2453, 67.94082, 141.9458, 10.47737, 12.89168, 34.76712, 21.4401, 161.3795, 160.4661, 158.77, 72.17926, 150.383, 10.08042, 11.98296, 2
26.69768, 27.12716, 158.0433, 158.462, 157.8456, 67.63805, 142.7752, 10.40915, 13.00845, 36.36884, 23.06164, 161.3687, 160.2919, 158.9568, 71.92097, 149.924, 10.00954, 12.14195, 2
26.71267, 27.30233, 158.0394, 158.4847, 157.9171, 67.62466, 142.5681, 10.39879, 12.72676, 37.19684, 19.7355, 164.3997, 163.1191, 161.8121, 72.65628, 150.8513, 10.70677, 11.71274, 2
25.91681, 26.50792, 157.2922, 157.7999, 156.875, 66.99944, 143.4809, 10.35214, 12.55331, 40.0491, 20.42557, 162.3425, 161.446, 160.0522, 73.75546, 150.9647, 10.10163, 11.52938, 2
25.12631, 26.89573, 157.7062, 157.6414, 156.632, 66.04264, 142.9749, 10.36663, 12.52457, 39.03569, 23.01092, 159.6712, 159.5285, 158.0239, 71.37344, 149.4884, 9.519195, 11.60583, 2
26.95593, 27.83796, 156.9168, 157.4242, 156.5636, 65.33762, 141.967, 10.17537, 13.08613, 33.95304, 23.63553, 160.1905, 159.5849, 158.2609, 69.77224, 148.7474, 9.770907, 11.58228, 2
27.55858, 26.81907, 156.5827, 157.2268, 156.291, 65.83833, 143.4114, 10.05624, 13.07592, 34.94547, 22.71169, 161.3223, 160.528, 159.1338, 71.18872, 149.058, 10.08629, 11.95578, 2
27.97246, 26.82735, 156.4978, 157.0578, 156.3097, 65.56461, 143.5673, 9.9384, 13.03561, 35.06855, 22.48946, 160.1364, 159.6876, 158.3013, 71.06082, 149.4419, 9.742189, 11.65166, 2
25.44, 28.66982, 157.1225, 157.1095, 156.0492, 64.01215, 141.4807, 10.45843, 12.97213, 35.14762, 23.35316, 159.7538, 159.5044, 157.9643, 70.22771, 148.8718, 9.689191, 11.4641, 2
25.21942, 27.90775, 157.8617, 157.9205, 157.2008, 65.16565, 141.406, 10.39669, 12.82194, 34.92293, 24.38962, 159.7367, 159.2751, 157.9522, 69.86067, 147.839, 9.697284, 11.40311, 2
26.15672, 27.4994, 158.472, 158.7171, 157.9354, 65.0395, 141.3071, 10.75676, 12.91359, 33.8688, 23.65807, 159.3562, 158.9042, 157.5132, 68.84991, 148.8165, 9.400339, 11.26026, 2
25.47734, 27.63648, 158.5049, 158.6437, 157.6668, 65.52044, 141.0503, 10.59396, 12.88872, 37.5938, 23.79972, 160.0145, 159.4998, 158.2621, 70.88223, 148.5037, 9.625002, 11.50068, 2
26.94622, 28.03749, 158.0462, 158.4761, 158.0178, 66.46819, 141.983, 10.37077, 13.14636, 39.99377, 21.85663, 160.3493, 160.0975, 158.6429, 72.66142, 150.2266, 9.695905, 11.62508, 2
26.91707, 28.01429, 157.864, 158.1982, 157.6067, 67.5694, 142.2724, 10.19337, 12.92503, 39.41368, 20.70922, 162.3766, 161.2697, 160.1064, 74.6193, 151.025, 10.05369, 11.88188, 2
26.97415, 27.35441, 157.5872, 158.1384, 157.438, 67.51126, 142.444, 10.09703, 12.80383, 37.86528, 21.83554, 162.9291, 161.4113, 160.3331, 73.9875, 149.4595, 10.29772, 11.84543, 2
26.54586, 27.70653, 157.4511, 157.9294, 157.1137, 66.04378, 141.9979, 10.16868, 12.98408, 36.34598, 22.3391, 162.9478, 161.5319, 160.3162, 73.43851, 148.7759, 10.32727, 11.92188, 2
26.70408, 28.17245, 157.2074, 157.4902, 156.9502, 64.88811, 142.0127, 10.17028, 12.94333, 33.2789, 22.97333, 162.1361, 161.0426, 159.4016, 70.60246, 148.9725, 9.830093, 12.23864, 2
26.51864, 29.21174, 157.4554, 157.4192, 156.8883, 65.6726, 140.7236, 10.19399, 12.80056, 33.55072, 23.5099, 160.4289, 159.797, 158.4689, 68.72195, 149.0045, 9.535473, 11.8909, 2
27.0347, 29.72735, 158.4709, 158.6211, 158.3572, 65.02131, 139.4223, 10.74442, 13.12537, 34.26125, 23.61411, 159.598, 159.2119, 158.04, 68.95123, 149.5591, 9.423082, 12.04258, 2
27.64274, 28.81316, 158.2096, 158.5188, 158.3264, 66.4831, 140.9109, 10.68948, 13.14541, 33.29442, 25.55131, 158.2455, 157.5584, 155.8609, 69.01344, 148.0798, 9.464563, 11.56594, 2
27.42899, 28.10811, 158.6251, 159.0377, 158.4966, 66.78266, 140.8303, 10.63965, 13.02328, 34.49323, 25.72895, 159.5768, 158.5915, 157.1645, 71.5821, 147.0286, 9.672762, 11.81648, 2
27.42937, 27.82684, 158.1743, 158.3429, 157.8134, 67.73355, 141.9136, 10.53469, 13.02627, 35.18212, 26.03457, 159.7381, 158.7277, 157.5125, 71.26342, 146.6291, 9.654879, 11.85124, 2
28.73117, 27.19536, 157.2135, 157.5141, 156.7625, 67.04818, 143.0633, 10.14697, 12.95424, 35.73526, 25.32893, 159.4809, 158.5291, 157.2061, 70.24978, 147.5653, 9.706605, 11.81458, 2
27.11928, 27.75788, 157.1719, 157.402, 156.699, 64.69359, 142.4197, 10.19057, 12.97961, 36.92741, 21.63851, 161.4555, 160.5657, 159.2654, 72.6155, 150.151, 9.730477, 12.07409, 2
26.07179, 27.54779, 157.7935, 157.8944, 157.3015, 63.55795, 141.9828, 10.34098, 12.98882, 37.76159, 21.47825, 161.7987, 160.9589, 159.1443, 72.18892, 149.8059, 9.75028, 12.03486, 2
27.21563, 25.09193, 158.2782, 158.3601, 157.2202, 64.83015, 143.4961, 10.32405, 13.01182, 36.40516, 23.10152, 160.4331, 159.5061, 158.586, 71.54642, 149.5511, 9.327484, 11.83644, 2
28.81816, 26.33334, 157.2479, 157.2219, 156.6557, 64.50783, 143.3596, 10.11235, 12.80269, 32.20108, 23.79992, 162.5221, 161.2717, 160.047, 70.50432, 147.9326, 10.09081, 12.5693, 2
30.25848, 26.98256, 156.8723, 156.347, 155.909, 64.53236, 142.5943, 9.472058, 12.88228, 36.37833, 23.88694, 161.8491, 160.7287, 159.3728, 71.19585, 148.8568, 9.96417, 12.6819, 2
27.70926, 26.99931, 156.9149, 156.5354, 156.0832, 61.05774, 143.0911, 9.557692, 12.79265, 31.24705, 24.78617, 161.0672, 160.1421, 158.6636, 70.51881, 148.477, 9.999889, 12.65791, 2
31.7137, 23.80184, 157.148, 157.1136, 156.7874, 66.51019, 144.6665, 9.483257, 12.874, 32.20335, 24.67624, 162.1224, 161.0885, 159.6682, 72.45658, 147.6293, 10.25478, 13.01219, 2
29.7233, 23.30653, 157.5517, 157.2919, 156.2164, 65.1962, 143.9957, 9.758786, 12.26905, 32.75142, 24.11788, 162.8714, 161.912, 160.3619, 71.14307, 147.6572, 10.40949, 12.92578, 2
30.84157, 23.73035, 157.4752, 157.4099, 156.512, 64.82787, 143.027, 10.17593, 13.02471, 34.38292, 24.00744, 162.4012, 161.5834, 159.9032, 70.40016, 147.9651, 10.32464, 12.60085, 2
28.57437, 26.08571, 157.6025, 156.5941, 155.8571, 65.17175, 142.6355, 9.986606, 12.45517, 33.47904, 25.25529, 160.6962, 159.8597, 158.076, 70.11233, 148.3378, 10.25528, 12.77873, 2
31.32103, 24.52711, 159.794, 159.8003, 159.2314, 65.64966, 141.5156, 10.43087, 13.28583, 30.18725, 22.42879, 159.8045, 159.0561, 156.6698, 71.04855, 150.6041, 10.04639, 12.01805, 2
31.7425, 24.07061, 159.3791, 159.5014, 158.9276, 65.60796, 142.1007, 10.39695, 13.38642, 29.79995, 21.54121, 160.262, 159.2893, 156.8686, 71.25063, 150.9249, 10.0105, 12.06351, 2
31.90335, 24.23817, 159.0171, 159.2355, 158.6714, 65.50513, 142.4187, 10.25615, 13.33735, 30.13453, 22.68888, 159.786, 158.7785, 156.4401, 70.74901, 149.8907, 10.0338, 12.03455, 2
30.75015, 24.93764, 158.4842, 158.628, 157.883, 65.06548, 142.7809, 10.29889, 13.05394, 32.91007, 23.44092, 159.826, 159.1486, 156.7681, 71.74107, 148.8512, 10.10492, 12.31104, 2
29.44676, 24.23352, 158.4913, 158.2626, 156.9776, 65.10347, 143.2153, 10.32613, 12.66297, 31.77253, 22.81745, 160.5104, 159.6898, 157.4608, 71.44034, 149.0326, 10.02986, 12.0232, 2
30.83983, 25.64209, 160.2451, 160.8052, 160.2116, 64.80754, 140.6573, 10.49299, 13.40377, 34.44086, 20.47312, 160.6705, 159.8757, 157.7269, 71.74882, 151.9592, 10.05166, 12.35805, 2
28.77474, 26.73621, 160.3543, 160.864, 160.3643, 64.92589, 139.6588, 10.72649, 13.44199, 36.29265, 21.97071, 161.5857, 160.835, 158.8321, 71.45819, 149.474, 10.12147, 12.61865, 2
28.84372, 25.92342, 158.911, 159.505, 159.0786, 66.03316, 141.3391, 10.87261, 13.2584, 36.86916, 23.13511, 160.1076, 159.3731, 157.4142, 72.74184, 150.0264, 9.985897, 12.61299, 2
26.40838, 23.17943, 157.9208, 158.4464, 157.5266, 65.28497, 145.6004, 10.47495, 12.53484, 36.6348, 22.67872, 160.6945, 160.2323, 158.1822, 71.89459, 149.4182, 10.0246, 12.47818, 2
29.27111, 23.79796, 157.9734, 158.1503, 157.1765, 66.96136, 144.205, 10.64827, 12.82828, 36.04776, 21.86109, 160.4265, 159.7877, 158.0605, 71.5044, 151.0508, 10.01235, 12.6428, 2
28.23204, 25.96503, 156.6481, 156.4993, 155.4537, 65.98249, 143.3317, 10.36435, 12.55471, 33.74542, 23.87607, 160.7231, 159.8755, 157.649, 71.34364, 148.5278, 10.3283, 12.14825, 2
27.31508, 27.3815, 157.068, 156.9068, 155.979, 65.12336, 141.9839, 10.41161, 12.7959, 35.64308, 20.68776, 161.8752, 161.4194, 159.3081, 73.148, 150.3111, 10.63643, 11.70329, 2
25.24647, 29.53209, 157.7966, 157.7202, 156.9704, 63.17917, 139.8762, 10.79251, 12.85885, 33.95756, 20.89817, 159.8045, 159.5795, 157.166, 71.44801, 151.0487, 10.01914, 11.41735, 2
26.00892, 27.12478, 157.9469, 157.9974, 157.3945, 64.06352, 141.851, 10.60538, 12.59412, 34.9125, 20.43993, 160.6397, 160.0602, 157.6189, 71.29707, 151.5568, 10.3923, 11.46286, 2
27.4291, 26.50498, 157.4089, 157.7252, 157.527, 65.20856, 142.5317, 10.39387, 12.57871, 37.02921, 19.41243, 162.8836, 161.834, 159.6947, 72.61422, 151.5434, 10.71011, 11.74276, 2
27.66432, 25.16704, 157.5186, 158.3228, 157.5796, 64.76875, 143.6236, 10.26165, 12.70083, 35.45165, 20.42096, 161.8059, 161.2075, 159.1234, 72.08616, 150.7428, 10.33864, 11.6851, 2
28.09423, 26.59003, 157.4891, 158.2529, 157.6994, 65.02765, 142.5264, 10.39394, 12.86029, 33.74319, 21.80516, 161.1, 160.3996, 158.4241, 71.50515, 149.8533, 10.3727, 11.2832, 2
26.85225, 28.04061, 157.4493, 157.7593, 157.5735, 64.81049, 141.3492, 10.51232, 12.87587, 36.79955, 21.32934, 161.574, 160.9862, 158.9536, 72.26492, 150.2194, 10.38078, 11.37851, 2
27.61018, 26.67278, 157.5669, 158.0629, 157.7726, 65.5154, 142.3285, 10.59561, 12.82383, 38.25241, 20.77603, 160.3311, 159.9983, 158.1707, 71.76679, 152.0681, 9.979493, 11.30169, 2
27.28014, 26.42711, 158.2382, 159.2923, 158.6385, 62.87206, 141.8997, 10.90723, 12.90006, 37.30852, 21.34775, 160.8674, 160.4119, 159.0002, 71.91457, 151.1785, 9.957082, 11.5329, 2
26.83471, 26.96931, 158.5759, 159.4073, 159.0828, 63.2662, 141.6096, 10.91957, 12.85831, 37.96767, 22.13173, 160.6031, 160.0631, 158.7566, 71.82073, 150.6328, 9.865197, 11.68086, 2
26.70038, 26.26823, 158.8981, 159.8152, 159.0855, 63.38904, 141.6904, 10.98989, 12.77166, 37.03033, 21.92624, 161.0856, 160.5703, 159.412, 71.48168, 150.7378, 9.896661, 11.64403, 2
26.59337, 26.2648, 159.1594, 160.03, 159.5905, 63.08112, 141.5969, 10.98121, 12.70708, 40.46116, 21.80037, 161.2371, 160.8454, 159.479, 72.26639, 150.3255, 9.974704, 11.66366, 2
26.3227, 25.34221, 159.2208, 160.1537, 159.547, 62.99462, 142.3197, 10.99931, 12.59692, 43.28664, 21.23931, 161.5597, 161.3414, 159.7075, 74.01197, 150.1624, 10.19422, 11.39822, 2
26.59542, 25.15664, 159.0894, 160.0391, 159.6027, 63.37333, 142.7737, 10.98118, 12.65555, 41.29119, 18.55952, 163.1245, 162.505, 161.6045, 73.20576, 152.9339, 10.70555, 11.99174, 2
26.41971, 25.316, 159.298, 160.2767, 159.7824, 63.34321, 142.5586, 10.93686, 12.7443, 39.64595, 19.92038, 162.5128, 161.8561, 160.8963, 71.76543, 151.1957, 10.5065, 12.09201, 2
27.22881, 24.66639, 159.9151, 160.9335, 160.203, 63.68171, 142.464, 11.04961, 12.86713, 40.81457, 20.09928, 162.5336, 161.856, 161.0629, 72.62089, 151.4558, 10.30607, 11.92322, 2
26.5115, 24.95821, 159.7168, 160.6982, 160.0529, 64.01213, 142.1873, 10.92236, 12.86405, 38.74678, 22.11192, 164.4332, 162.728, 162.1679, 77.08763, 148.9676, 10.97569, 12.14843, 2
27.58794, 25.46413, 159.5451, 160.089, 159.6933, 64.6665, 141.8452, 10.79249, 12.7145, 39.76205, 21.68484, 164.0683, 162.7607, 161.8378, 78.01463, 151.0092, 10.82697, 12.47814, 2
27.71758, 26.26123, 157.7771, 158.1176, 157.9936, 64.99194, 142.5253, 10.35465, 12.75826, 39.77202, 20.41428, 163.3143, 162.5382, 161.2527, 75.13432, 151.8713, 11.00412, 12.50768, 2
27.1953, 25.46882, 159.5284, 160.0669, 159.3081, 65.91455, 142.3041, 10.55592, 12.65791, 37.29007, 18.93811, 160.9903, 160.8095, 159.0481, 71.96175, 153.5467, 10.46052, 12.33691, 2
26.82368, 26.08125, 158.8315, 159.1163, 158.6078, 65.95344, 142.0697, 10.49631, 12.47901, 36.61756, 20.20183, 161.5042, 161.0239, 159.3996, 73.95506, 152.3127, 9.979553, 12.04593, 2
27.51267, 23.70371, 160.2491, 160.6057, 159.3218, 66.222, 142.6656, 10.84927, 12.44846, 35.33192, 21.38522, 159.3817, 158.998, 157.5859, 73.40096, 152.4112, 9.377039, 11.66871, 2
29.34554, 22.45608, 157.9212, 158.0816, 157.5219, 68.2151, 145.443, 10.31841, 12.09465, 34.08049, 20.31889, 160.0468, 159.6807, 158.1834, 73.09119, 152.6409, 9.54386, 11.66532, 2
32.16053, 21.81696, 157.9999, 158.193, 157.3535, 68.98009, 145.8221, 10.33388, 12.00764, 31.33936, 18.49719, 161.7179, 161.5858, 159.8275, 70.79429, 152.7702, 10.07206, 11.80938, 2
30.54175, 23.66669, 158.054, 158.0478, 157.2198, 67.92764, 144.6475, 10.45656, 11.92658, 35.47242, 18.34389, 159.8021, 160.2186, 158.4425, 73.57491, 154.3562, 9.386446, 11.78328, 2
27.38233, 23.56056, 158.9937, 158.9784, 157.9137, 66.46239, 143.5495, 10.38944, 12.06348, 32.66216, 18.95288, 160.4647, 160.2919, 158.5802, 71.79851, 152.5914, 9.898231, 12.16471, 2
30.0256, 22.81862, 158.7821, 158.5658, 157.734, 68.25053, 144.3736, 10.06654, 12.19605, 35.50086, 19.9112, 159.706, 159.6135, 158.1203, 73.80468, 152.2783, 9.579428, 12.19642, 2
30.30406, 23.55709, 158.1713, 158.5049, 156.9264, 67.1963, 143.2505, 10.30133, 12.824, 33.74803, 21.5983, 159.1273, 158.7226, 157.1303, 73.41702, 151.7507, 9.473823, 12.05555, 2
28.67202, 24.65984, 159.1159, 159.3654, 158.1364, 65.96614, 141.5199, 10.42702, 12.90289, 33.12217, 21.17777, 159.3642, 159.0068, 157.384, 73.56232, 151.756, 9.602365, 12.28142, 2
31.86469, 21.70103, 157.1058, 157.8697, 157.0896, 67.82291, 145.7056, 10.12125, 12.75346, 37.20357, 18.83015, 157.5138, 158.3748, 156.3407, 75.40051, 154.2962, 9.325778, 12.05594, 2
32.59803, 21.60238, 157.3831, 158.0602, 157.079, 68.60577, 145.0099, 10.26537, 12.93622, 39.70641, 17.01785, 158.1478, 159.2252, 157.3655, 77.42808, 154.5065, 9.363321, 12.07654, 2
30.99175, 23.2448, 157.582, 158.094, 157.1434, 67.6167, 143.8242, 10.36487, 12.54251, 39.99823, 17.12568, 158.7281, 159.6021, 157.624, 77.25527, 153.6981, 9.471415, 12.13461, 2
32.06731, 24.54266, 157.5135, 157.7177, 157.0723, 67.36198, 143.562, 10.24121, 12.39737, 38.10084, 17.3711, 158.7822, 159.5872, 157.6732, 75.08497, 154.1997, 9.342223, 12.60745, 2
30.15693, 24.59322, 156.2872, 156.5854, 155.8403, 65.46913, 144.7269, 9.824031, 11.88989, 33.04579, 22.39428, 158.5213, 158.6522, 157.0014, 72.98873, 150.4457, 9.723807, 12.33373, 2
30.5066, 23.26561, 156.6943, 156.8978, 156.2111, 65.14425, 145.9021, 9.816141, 12.09954, 30.92866, 23.03518, 157.5942, 157.5117, 155.9489, 71.67928, 150.6215, 9.469276, 12.49378, 2
31.91471, 22.78173, 156.9004, 157.3029, 156.7848, 67.11867, 145.6671, 10.04741, 12.15813, 31.41895, 22.60666, 158.627, 158.2952, 156.6174, 71.75307, 150.2096, 9.663346, 12.50235, 2
33.09184, 21.92833, 157.7935, 158.7485, 158.1801, 68.07683, 145.1663, 10.3363, 12.58884, 37.13846, 24.24212, 158.2216, 157.8918, 156.5524, 75.19971, 149.1171, 9.623592, 12.53183, 2
32.10307, 21.97702, 158.4483, 159.3031, 158.596, 67.33497, 144.8573, 10.48228, 12.68204, 37.63572, 24.68792, 157.3649, 157.2622, 155.7845, 74.43554, 149.6204, 9.325862, 12.25445, 2
32.37199, 23.01577, 158.8289, 159.5627, 158.8242, 67.65308, 143.9473, 10.4652, 12.83484, 37.00356, 23.77334, 158.6936, 158.7367, 157.2403, 74.37071, 149.9594, 9.8746, 12.23238, 2
31.93728, 23.38556, 159.3293, 160.0986, 159.0065, 67.12344, 142.393, 10.64309, 12.82731, 40.44559, 21.57994, 159.5393, 159.4746, 158.0391, 75.20277, 151.4825, 10.35697, 12.45202, 2
29.56187, 22.88641, 158.9544, 159.8729, 158.9022, 65.03078, 143.8382, 10.53695, 12.58083, 39.70966, 21.25832, 159.655, 159.7417, 158.1207, 74.71445, 151.1908, 10.15619, 12.63068, 2
29.22313, 25.65053, 158.8207, 159.1978, 158.2167, 66.17611, 142.3371, 10.35824, 12.59302, 38.8535, 22.14969, 158.1815, 158.7013, 156.9313, 77.17011, 150.8565, 9.862545, 12.717, 2
30.69761, 25.48834, 159.4887, 160.3108, 158.9363, 66.73748, 140.812, 10.79572, 13.16201, 37.55977, 20.77232, 159.7497, 160.1372, 158.2762, 76.23849, 151.3754, 10.47707, 12.80178, 2
30.36501, 23.32841, 158.9276, 159.9957, 158.7932, 65.81364, 143.2357, 10.84493, 13.25857, 33.12584, 21.52609, 160.5134, 160.4226, 158.682, 72.46679, 151.1404, 10.6161, 11.97823, 2
29.38687, 25.42557, 158.6759, 159.512, 158.2147, 63.97958, 142.9984, 10.6323, 12.93057, 32.26797, 21.86188, 160.2164, 160.5816, 158.4389, 72.1148, 150.6466, 10.57077, 11.99327, 2
31.13001, 26.20507, 160.1682, 161.1582, 159.6171, 67.57901, 140.8494, 10.79915, 13.548, 32.6501, 22.39103, 159.8519, 160.2474, 158.2105, 75.6048, 150.5239, 10.60434, 12.60029, 2
29.87591, 23.58479, 158.583, 159.8151, 158.4152, 64.84412, 143.6696, 10.61042, 13.61389, 31.17054, 23.49968, 159.757, 159.6296, 157.7047, 72.80807, 149.6465, 10.72785, 12.7682, 2
29.30166, 24.1659, 158.3182, 159.1719, 157.7687, 66.44617, 143.8266, 10.50921, 13.33552, 30.54926, 24.50733, 158.7727, 158.8906, 156.7204, 73.72753, 148.0545, 10.70648, 12.96913, 2
29.23808, 23.44936, 157.0857, 158.2975, 156.7126, 67.3013, 145.0224, 10.37147, 13.31165, 33.54282, 24.02471, 158.9132, 158.7399, 157.0678, 72.34378, 149.2561, 10.72315, 12.99936, 2
26.82921, 26.31259, 157.1136, 158.2057, 156.364, 65.87611, 141.5064, 10.58268, 13.71262, 31.32248, 25.15424, 157.8471, 158.2673, 156.4577, 72.54591, 147.4178, 10.58753, 12.86491, 2
27.44515, 27.15773, 157.6403, 158.6587, 156.8567, 68.11912, 139.5079, 10.73495, 13.60169, 31.88541, 24.52572, 158.3145, 158.3017, 156.6119, 73.80384, 148.5415, 10.47595, 12.86377, 2
25.6363, 27.9666, 155.584, 156.2337, 153.8676, 65.30022, 141.6405, 10.58764, 12.99762, 29.86988, 23.88124, 158.0824, 158.4859, 156.5234, 70.2855, 148.6006, 10.46441, 12.65315, 2
26.36756, 28.78307, 156.4308, 156.9957, 155.0613, 66.3168, 140.2601, 10.57058, 13.53837, 30.47672, 25.32566, 157.8829, 158.2212, 156.5367, 72.62969, 148.9731, 10.25051, 12.91853, 2
25.86418, 27.53593, 156.1977, 156.6736, 154.9733, 66.66396, 141.5525, 10.20132, 13.25657, 31.22965, 25.30063, 157.3106, 157.6656, 155.933, 73.161, 149.4977, 10.23702, 12.97887, 2
27.16776, 25.75299, 155.1293, 155.9962, 153.8129, 66.76291, 143.4436, 10.23407, 12.83226, 32.12513, 22.00558, 157.4693, 158.2587, 156.4539, 73.39015, 151.2535, 10.20045, 13.2939, 2
26.06541, 27.50313, 155.3225, 156.2621, 154.0316, 65.8215, 141.7961, 10.33472, 13.05655, 31.68433, 21.35051, 157.8338, 158.4565, 156.7363, 73.87142, 151.3656, 10.26284, 13.29881, 2
26.03869, 29.25421, 156.6221, 157.6646, 155.5695, 65.50307, 139.5301, 10.67758, 13.48014, 31.50497, 21.2296, 157.4564, 158.1078, 156.2729, 73.34992, 151.2488, 10.25628, 13.19181, 2
26.17047, 27.25235, 155.8929, 157.0413, 154.7136, 65.80267, 142.1022, 10.46217, 13.19521, 30.93144, 20.77519, 157.4588, 158.1348, 156.2703, 73.1117, 150.9387, 10.10396, 13.05292, 2
26.70577, 26.6897, 156.3844, 157.4457, 155.0867, 66.49913, 142.0671, 10.49991, 12.98969, 29.79822, 21.96037, 157.9348, 158.5743, 156.6461, 72.98787, 149.7251, 10.11935, 13.07942, 2
25.70679, 26.79642, 155.8003, 156.5358, 154.386, 64.77675, 142.5234, 10.38142, 12.68976, 29.92472, 18.86648, 157.7408, 158.756, 156.8259, 73.12012, 151.6562, 9.755945, 13.14734, 2
25.37943, 27.24364, 155.734, 156.3459, 154.2627, 66.44313, 142.5709, 10.36301, 12.53894, 30.17439, 17.02161, 159.363, 160.5941, 158.6047, 71.81145, 153.0154, 9.883777, 13.11288, 2
28.54923, 24.6192, 155.0125, 156.1014, 154.0588, 67.83096, 143.9574, 10.45242, 12.66958, 28.86846, 19.77544, 159.1383, 160.2833, 158.3684, 69.55285, 152.0477, 9.289862, 12.67236, 2
28.28769, 24.19399, 155.6629, 156.3934, 154.3528, 67.93792, 144.1987, 10.41565, 12.7545, 31.38197, 16.20234, 160.3323, 162.2223, 160.8204, 71.26992, 153.5585, 9.977208, 12.77655, 2
28.88702, 24.20598, 155.3362, 155.8952, 153.8726, 67.98268, 145.1934, 10.10108, 12.7597, 30.84216, 17.85757, 159.4465, 161.1975, 159.5181, 69.05708, 153.5329, 9.343738, 13.02447, 2
27.6793, 25.05642, 155.3309, 155.733, 153.9942, 67.34801, 144.4482, 10.07837, 12.43073, 29.46758, 17.80018, 160.609, 162.0615, 160.7578, 69.51949, 152.9368, 9.37532, 12.57183, 2
27.35978, 26.3017, 156.7704, 157.2253, 155.6497, 66.46467, 142.5267, 10.56343, 12.45494, 30.36695, 18.18259, 161.3083, 162.772, 161.8479, 71.93613, 152.7723, 9.272689, 12.09843, 2
25.52247, 26.4536, 157.778, 158.6004, 156.9822, 66.64323, 140.7545, 10.62621, 12.47351, 30.89932, 19.23101, 161.2717, 162.6583, 161.8215, 71.81636, 152.8693, 9.208355, 12.22589, 2
26.36238, 26.63298, 156.4933, 157.1913, 155.4275, 65.83482, 142.7767, 10.2781, 12.28931, 31.63426, 20.14973, 160.8518, 162.3054, 161.4492, 71.52452, 152.838, 9.19614, 11.9237, 2
23.25373, 28.77159, 157.4632, 157.7484, 156.0115, 66.11665, 139.6752, 10.75656, 12.35623, 31.44926, 18.99345, 161.6642, 162.9545, 161.8907, 71.0736, 153.2335, 9.411247, 12.27824, 2
24.19864, 28.95753, 156.1609, 156.8037, 155.1137, 64.85359, 141.2868, 10.53797, 11.84478, 31.07082, 19.66531, 161.8104, 162.9611, 161.8263, 70.51759, 152.6862, 9.285524, 12.17375, 2
24.39812, 27.95233, 156.6274, 157.6384, 155.4747, 66.82755, 141.5886, 10.41748, 12.11496, 31.96194, 21.27684, 159.9789, 161.4966, 160.8251, 73.63648, 152.4302, 9.299123, 12.14471, 2
22.75698, 28.2307, 156.9854, 157.6994, 155.7586, 65.50713, 141.1466, 10.54421, 11.63645, 31.22141, 20.1818, 161.6276, 163.0384, 162.2231, 73.31746, 152.4449, 9.769015, 12.38537, 2
23.47819, 28.55967, 156.2752, 157.1212, 154.9515, 65.53388, 141.7788, 10.44448, 12.27747, 32.90222, 19.7937, 160.0133, 160.8957, 159.754, 75.59662, 152.9098, 9.528935, 12.69091, 2
23.70691, 29.94148, 157.3832, 158.1708, 156.0672, 66.22343, 139.9252, 10.70169, 12.40397, 33.04937, 19.79027, 160.4843, 161.2048, 160.0792, 76.24815, 152.3867, 9.600071, 12.51706, 2
23.38098, 29.0092, 157.9642, 158.7308, 156.5406, 66.35767, 140.2421, 10.55721, 12.31754, 34.31117, 19.74648, 160.375, 161.2346, 160.2665, 74.99203, 152.6434, 9.991842, 12.9048, 2
22.69308, 28.61905, 157.783, 158.1765, 156.3936, 66.12659, 140.6053, 10.69242, 12.07486, 33.11526, 18.13833, 160.2584, 161.1957, 159.8139, 72.44964, 152.9727, 10.34815, 13.18762, 2
22.49705, 28.41291, 157.4221, 157.8173, 156.313, 64.50134, 141.007, 10.53564, 11.99224, 32.54498, 18.47183, 161.4672, 162.3319, 161.3993, 74.0728, 153.094, 10.15338, 12.53186, 2
21.95838, 27.6867, 156.9128, 157.2123, 155.9059, 64.15389, 142.2047, 10.30284, 11.89012, 33.31848, 19.19035, 160.8791, 161.844, 161.3232, 75.09669, 153.2812, 10.3891, 12.81479, 2
23.05061, 24.67647, 157.3483, 158.0558, 156.5155, 65.96561, 144.9726, 10.04455, 11.95693, 38.18446, 12.70046, 166.8109, 164.2063, 163.9946, 80.47246, 151.6139, 10.51655, 13.89909, 2
22.64252, 25.12435, 157.0152, 157.5228, 155.5573, 66.42077, 144.5261, 10.23341, 11.50282, 37.9347, 9.684361, 165.5055, 163.1912, 162.9792, 81.49294, 154.1257, 10.26075, 13.1408, 2
23.10021, 26.48605, 157.6901, 157.7309, 156.137, 66.62386, 142.837, 10.33607, 11.52784, 38.51535, 10.72134, 163.8783, 162.2523, 161.7881, 83.08652, 153.4527, 10.16152, 13.29078, 2
22.54948, 25.40265, 157.8041, 158.0188, 156.534, 65.59216, 143.8506, 10.2647, 11.67352, 37.82946, 10.26715, 163.552, 162.1563, 161.8663, 82.29269, 153.061, 10.25829, 13.47026, 2
23.26099, 25.8875, 157.4106, 157.1505, 155.4292, 64.92865, 142.8992, 10.6864, 11.42877, 37.31387, 15.43385, 163.0264, 161.814, 161.639, 83.42582, 152.0817, 10.24674, 13.62378, 2
24.40587, 23.69324, 158.4185, 158.5237, 157.0645, 64.98238, 144.0108, 10.55555, 12.03175, 32.04992, 19.33979, 162.4681, 163.7735, 163.4825, 73.29865, 153.0621, 10.72429, 12.2879, 2
23.08818, 25.75203, 158.1254, 157.907, 156.6766, 64.78577, 143.5401, 10.43153, 11.47214, 31.44606, 17.68907, 161.5478, 163.3069, 162.9982, 71.78584, 154.0295, 10.22495, 12.06611, 2
24.09708, 23.4344, 158.5226, 158.6997, 157.5229, 63.10183, 144.5674, 10.55354, 11.55301, 32.32973, 18.4606, 162.5191, 164.0324, 163.343, 72.18794, 152.4717, 10.80451, 12.55363, 2
24.2206, 23.43968, 159.0873, 158.6315, 157.6026, 64.66782, 145.2191, 10.49184, 11.46955, 31.6024, 16.47437, 162.4326, 164.7148, 164.8273, 70.18753, 154.3097, 10.23441, 12.23825, 2
24.81566, 22.98357, 159.3193, 158.9787, 157.7151, 64.84773, 145.5534, 10.52863, 11.59082, 30.94893, 18.88606, 163.4387, 164.752, 164.5694, 71.50498, 152.4068, 10.02178, 11.65058, 2
23.86717, 24.9564, 158.502, 157.9251, 157.22, 64.42763, 144.9876, 10.36293, 11.69812, 30.99334, 17.72457, 163.272, 164.9639, 164.63, 68.73878, 153.9291, 10.21011, 12.17291, 2
25.08687, 26.2291, 158.1581, 158.1195, 157.0723, 65.84837, 143.3935, 10.42438, 11.94336, 31.38319, 18.44686, 162.9009, 165.0821, 164.9334, 68.71447, 153.9495, 10.66132, 12.42178, 2
25.00929, 25.55517, 158.9307, 158.9428, 157.869, 66.51622, 143.1303, 10.49361, 11.94359, 30.49682, 19.38829, 162.8134, 164.4889, 164.6029, 70.41003, 153.5414, 10.4382, 12.19091, 2
23.20699, 25.56276, 158.5016, 158.4152, 157.2081, 65.56909, 143.566, 10.42896, 11.64305, 31.85284, 19.61448, 163.377, 164.4567, 164.3607, 72.24504, 153.031, 10.63869, 12.62379, 2
23.29958, 26.41941, 158.1521, 158.2469, 157.2481, 64.92789, 143.2561, 10.34284, 11.95874, 31.95568, 23.97223, 163.3513, 164.2319, 164.3562, 74.52654, 151.5598, 10.76883, 12.25868, 2
22.92641, 26.13557, 158.8345, 158.6304, 157.6314, 64.5809, 142.6735, 10.60655, 11.76512, 32.2277, 25.24089, 162.2522, 163.2135, 162.8793, 74.33831, 150.8199, 10.49854, 12.07365, 2
24.20692, 26.12082, 158.8936, 158.6921, 157.6382, 65.42892, 142.7992, 10.48845, 11.76564, 32.2065, 21.62007, 162.7925, 163.3464, 163.1174, 74.11749, 151.1201, 10.39811, 12.12532, 2
24.71807, 27.19646, 159.0293, 158.699, 157.7967, 65.18921, 141.6645, 10.72862, 11.85754, 32.51973, 19.54159, 164.4497, 164.4879, 164.3153, 74.00689, 151.9192, 10.80527, 12.46867, 2
23.82102, 25.56513, 158.7901, 158.4454, 157.1914, 65.30002, 143.1785, 10.50571, 11.67877, 31.55639, 18.8722, 163.0706, 163.8635, 163.5002, 72.91695, 152.1162, 10.76282, 12.12876, 2
24.19555, 26.6085, 159.1331, 158.7925, 157.7339, 65.59218, 142.458, 10.43405, 11.8836, 31.41847, 18.44006, 163.2911, 164.4986, 164.3019, 71.53021, 153.2048, 10.79357, 12.29775, 2
24.57272, 24.20869, 159.4119, 159.3254, 158.1255, 66.00303, 143.7032, 10.58376, 12.15273, 31.7029, 19.40219, 163.1058, 164.2337, 164.0861, 71.58389, 152.4991, 10.68111, 12.25844, 2
25.00257, 24.52821, 158.8113, 158.7005, 157.3468, 65.65556, 143.9595, 10.4464, 12.10708, 32.03296, 19.26106, 163.9847, 164.8407, 164.813, 72.82169, 152.359, 11.05663, 12.54459, 2
24.56591, 25.10699, 158.7903, 158.7141, 157.4446, 64.8619, 142.8944, 10.48241, 11.68823, 31.68206, 18.59301, 163.8399, 164.5247, 164.2482, 73.11411, 151.7932, 10.77545, 12.43156, 2
24.49013, 24.54781, 160.1272, 160.0295, 159.1575, 63.68821, 142.6128, 10.81814, 12.10123, 31.55822, 19.01731, 162.671, 163.7758, 163.7149, 72.13298, 152.6121, 10.50002, 12.55206, 2
24.96665, 25.66734, 159.9274, 159.933, 158.9597, 64.7627, 141.7199, 10.78897, 12.42592, 31.55342, 18.97503, 162.38, 164.0063, 163.8696, 69.60851, 153.437, 10.40427, 12.46937, 2
24.76409, 25.20808, 159.4441, 159.7531, 158.4567, 65.20842, 142.5268, 10.59375, 12.35713, 31.38547, 19.69549, 165.1686, 165.4976, 165.5189, 72.65583, 151.7075, 10.80615, 12.0357, 2
25.343, 25.37549, 159.9405, 159.9766, 158.9074, 64.32699, 142.7631, 10.8003, 12.86037, 31.53801, 20.22505, 165.2786, 165.9827, 166.1518, 72.50556, 151.7016, 11.03628, 12.17866, 2
25.28964, 25.26555, 160.3551, 160.7307, 159.3902, 64.85038, 142.1807, 10.82769, 12.73247, 30.67631, 20.30387, 164.1572, 164.3602, 164.3509, 72.31232, 151.3422, 10.3347, 12.22452, 2
24.68399, 24.65961, 160.0269, 160.5631, 159.0701, 64.00031, 143.0013, 10.70085, 12.78588, 31.67881, 19.54157, 164.6127, 164.9397, 164.8109, 72.92799, 152.3282, 10.71754, 12.6863, 2
24.38589, 27.17788, 160.1985, 160.5421, 159.6705, 64.19608, 140.5482, 10.78051, 13.03848, 32.34215, 19.88376, 162.8204, 163.7335, 163.7489, 70.80507, 152.9802, 9.915441, 12.02903, 2
23.05006, 28.96306, 160.0938, 160.48, 159.7769, 64.064, 139.1279, 10.69901, 12.75637, 31.45959, 20.21423, 163.3668, 164.3605, 164.1663, 69.97139, 152.4601, 10.09559, 11.92775, 2
23.79601, 27.38335, 160.045, 160.5261, 159.4501, 65.57708, 140.9497, 10.59682, 12.71386, 31.41946, 19.04222, 162.2587, 163.8451, 163.869, 69.29093, 153.2476, 9.941487, 12.36027, 2
23.7505, 27.87269, 160.4322, 160.7057, 159.4496, 65.63696, 139.6421, 10.77687, 12.56294, 31.21312, 19.20058, 162.9147, 164.0973, 164.2437, 70.04353, 152.6284, 10.43875, 12.43843, 2
24.48216, 27.58276, 159.6037, 159.9651, 159.0713, 66.83411, 141.1365, 10.59983, 13.01821, 31.2695, 20.0636, 163.015, 164.5226, 164.7894, 70.09566, 153.3166, 10.33133, 12.40488, 2
24.72281, 27.31861, 160.0597, 160.3469, 159.2193, 66.13942, 140.781, 10.74902, 12.62837, 31.46607, 20.38513, 162.4299, 163.8314, 164.0273, 70.1552, 152.6287, 10.13207, 12.24836, 2
24.73741, 28.30719, 159.9093, 160.0197, 159.3637, 65.8051, 140.1602, 10.76478, 12.78534, 31.61396, 20.93853, 162.8515, 164.0634, 163.9944, 70.10542, 152.506, 9.944256, 12.06603, 2
24.23314, 28.09235, 160.1344, 160.1707, 159.4014, 65.70153, 140.2417, 10.78166, 12.67923, 31.76583, 20.66718, 163.0017, 164.2067, 163.9418, 70.42216, 152.4022, 9.937213, 12.01826, 2
24.31586, 27.05366, 159.8989, 159.7545, 158.7212, 66.52583, 141.0133, 10.71484, 12.55909, 32.42954, 20.49618, 163.785, 164.7964, 164.9791, 71.77971, 151.756, 10.1176, 12.31595, 2
25.20241, 26.18694, 159.472, 159.5257, 158.6837, 65.65114, 142.662, 10.55201, 12.50845, 32.09651, 19.95854, 164.0663, 165.0513, 165.2433, 71.67129, 152.5659, 10.68458, 12.73905, 2
25.04549, 25.53605, 159.5871, 159.6068, 158.7239, 64.64011, 143.1682, 10.58193, 12.34362, 31.49301, 19.65051, 164.3187, 165.2479, 165.0942, 71.22478, 152.0968, 10.8495, 12.45843, 2
25.76231, 27.5799, 160.6893, 160.4603, 159.9193, 65.84541, 140.1083, 10.73497, 12.44399, 31.5286, 19.33685, 166.064, 166.3059, 166.2453, 72.04548, 151.3804, 11.0611, 12.43352, 2
25.78923, 27.33362, 160.7262, 161.0971, 160.1745, 65.48633, 140.6178, 10.76913, 12.95168, 32.63913, 20.18155, 164.2982, 165.049, 165.0819, 72.49773, 151.8084, 10.51958, 12.21894, 2
23.86044, 27.82179, 161.1652, 161.1129, 160.4695, 64.58527, 139.9408, 10.65756, 12.30552, 34.80526, 18.53705, 165.6544, 165.5941, 165.0843, 72.76034, 152.9176, 11.09079, 13.04783, 2
23.65061, 27.68813, 161.2375, 161.3089, 160.4959, 64.24605, 139.7006, 10.79507, 12.30604, 35.39694, 20.64541, 164.1452, 163.7747, 163.2782, 73.83327, 151.1167, 10.58141, 12.38626, 2
23.85591, 26.51816, 161.3442, 161.7444, 160.8784, 63.76598, 140.7937, 10.73631, 12.43941, 34.44042, 21.51874, 164.7381, 164.665, 164.1888, 75.44088, 149.8158, 10.844, 12.40226, 2
24.12701, 26.26214, 160.078, 160.6835, 159.9436, 64.19062, 142.1318, 10.40371, 12.52996, 35.05108, 21.5944, 164.6633, 164.6029, 164.6363, 75.16567, 150.1249, 10.85634, 12.52347, 2
24.2658, 26.10147, 160.0511, 160.5526, 159.8201, 64.27885, 142.3683, 10.46864, 12.43685, 35.25222, 20.95197, 164.5234, 164.3869, 164.3259, 72.97061, 150.2988, 10.40017, 12.54832, 2
23.70855, 25.94308, 160.3307, 160.8489, 159.9576, 64.06693, 141.8125, 10.50273, 12.4103, 35.69591, 19.5769, 165.1129, 165.4265, 164.9392, 71.92478, 151.8946, 10.25484, 12.24819, 2
23.65143, 26.14929, 160.2194, 160.5849, 159.7404, 63.68277, 141.6081, 10.47777, 12.23346, 36.77483, 19.21404, 166.3595, 166.5737, 166.0244, 72.80221, 151.09, 10.5452, 12.17349, 2
25.77813, 26.43007, 160.2869, 160.7463, 160.0464, 64.85323, 141.6922, 10.82206, 12.71454, 35.70588, 18.70489, 166.4818, 166.9543, 166.4389, 72.11127, 152.5995, 10.67627, 12.77614, 2
26.35585, 25.55608, 159.7331, 160.2471, 159.2377, 65.2864, 142.9712, 10.51202, 12.41416, 35.8905, 20.43498, 167.814, 167.5517, 167.2452, 74.11974, 149.8612, 11.15222, 12.56658, 2
25.68879, 25.34476, 160.2789, 160.5741, 159.3739, 64.48248, 142.6896, 10.6704, 12.30403, 33.4048, 18.76817, 166.2902, 166.3577, 165.916, 71.48547, 151.9097, 10.61736, 12.33532, 2
24.96578, 26.18944, 160.1017, 160.4509, 159.5283, 64.07416, 142.1408, 10.58978, 12.46334, 32.92706, 19.82846, 165.0515, 165.7411, 165.4772, 71.43803, 151.4283, 10.22757, 12.14835, 2
25.87143, 25.08844, 160.3651, 161.3151, 160.5186, 64.38602, 142.7847, 10.58809, 12.70644, 32.44212, 19.86306, 167.5747, 167.2775, 166.9196, 72.82139, 150.641, 10.86908, 12.58197, 2
26.62187, 25.18383, 160.7265, 161.4494, 159.9629, 66.25155, 141.9929, 10.83894, 12.57485, 32.28805, 18.48335, 166.6096, 166.3272, 165.816, 71.6851, 151.1558, 10.67522, 12.61837, 2
26.09223, 26.32533, 160.5422, 161.1946, 160.2267, 65.15148, 141.9258, 10.68097, 12.62579, 32.09186, 18.20925, 166.1486, 166.1217, 165.5693, 71.29422, 152.1982, 10.57324, 12.84137, 2
25.52579, 26.19683, 159.4743, 160.5108, 159.446, 64.04396, 142.4481, 10.39919, 12.65948, 32.53523, 19.00777, 166.9794, 166.9308, 166.5995, 72.34608, 151.0958, 10.59606, 12.23593, 2
25.80497, 26.0911, 159.7717, 160.6497, 159.5427, 64.73029, 142.3996, 10.50736, 12.74164, 32.58984, 17.98608, 163.7947, 165.1746, 164.7636, 69.11997, 153.2225, 10.03605, 12.07302, 2
25.27683, 27.60068, 159.7021, 160.3597, 159.3856, 64.72453, 141.1842, 10.25496, 12.68742, 32.32241, 19.01165, 164.9922, 165.5006, 164.9643, 71.38585, 151.1564, 10.43632, 12.32771, 2
24.93716, 29.02386, 160.9393, 161.4413, 160.5239, 65.7048, 138.5518, 10.60228, 12.91749, 32.09587, 18.92409, 164.5766, 165.44, 165.1361, 70.47814, 151.9213, 10.40503, 12.0862, 2
25.44108, 28.77087, 160.832, 161.4587, 160.7479, 66.21903, 139.3387, 10.63216, 13.05082, 31.89251, 18.25158, 164.3583, 165.7443, 165.6888, 69.57877, 152.8618, 10.45209, 12.12584, 2
27.08288, 28.23482, 159.5307, 160.3547, 159.5592, 66.49095, 140.9132, 10.39784, 12.95634, 31.75858, 19.62339, 163.711, 164.8714, 164.932, 70.71973, 151.6822, 9.895905, 12.1337, 2
26.59898, 28.30679, 160.5627, 161.1528, 160.2761, 67.4092, 140.1324, 10.58463, 12.89702, 31.80403, 18.94895, 166.2937, 166.774, 166.4776, 72.16716, 150.4275, 10.51011, 11.49552, 2
25.37157, 29.99147, 159.7639, 160.1775, 159.7424, 66.16089, 139.5205, 10.45086, 12.82125, 34.16249, 18.1203, 167.5866, 168.3376, 168.5264, 70.82182, 151.9985, 10.65976, 11.74398, 2
25.79863, 32.01927, 159.6897, 159.7176, 159.3252, 66.69439, 137.8277, 10.0348, 12.60032, 32.11875, 19.19657, 166.077, 166.3476, 166.1301, 70.78886, 151.6095, 10.1843, 12.3954, 2
25.5419, 30.55265, 159.7141, 159.8057, 158.9907, 64.94209, 137.798, 10.16779, 12.38351, 31.60096, 18.19308, 165.7004, 166.4409, 166.4021, 69.03495, 152.0388, 10.23576, 12.1145, 2
23.69029, 30.80486, 158.6956, 158.8406, 158.5409, 63.31604, 138.7727, 10.24574, 12.38373, 32.13113, 21.93664, 167.766, 167.5152, 167.646, 71.90974, 149.5334, 11.80455, 12.45023, 2
23.59287, 31.53913, 158.9799, 159.5711, 159.1953, 63.99014, 138.2497, 10.22268, 12.68148, 31.00718, 19.5121, 166.3675, 167.2033, 167.5156, 68.46577, 151.3919, 11.90964, 12.21716, 2
24.9748, 32.40731, 160.5679, 160.6221, 160.3815, 66.12152, 136.039, 10.49976, 12.75793, 29.65429, 19.68057, 165.3909, 166.3744, 166.7724, 67.39604, 152.3086, 11.45084, 11.89478, 2
26.82395, 32.31341, 159.3278, 159.5516, 159.6159, 65.47438, 137.106, 10.81472, 12.89907, 31.05606, 21.03815, 167.5639, 167.6292, 167.8303, 68.34811, 151.013, 11.76981, 11.77421, 2
26.90724, 30.10204, 158.6682, 158.9931, 158.6646, 66.21878, 139.6292, 10.50103, 12.6285, 31.9594, 20.91235, 167.0862, 167.5315, 167.4301, 70.15025, 150.967, 11.68358, 11.89507, 2
24.61769, 29.97159, 159.6303, 159.6257, 158.802, 64.47749, 138.7584, 10.54749, 12.62257, 32.85554, 20.8452, 164.9418, 165.7079, 165.6179, 70.48355, 151.4306, 11.06007, 11.88698, 2
23.57608, 30.33647, 158.4605, 158.9367, 158.4754, 64.97888, 139.5062, 10.35685, 12.34184, 32.06873, 19.2602, 166.5148, 166.6563, 165.929, 69.28022, 152.2977, 11.26914, 12.23599, 2
24.72059, 29.86334, 159.4309, 159.5625, 159.4724, 66.83649, 139.0866, 10.51197, 12.04025, 31.88711, 18.20526, 166.7229, 166.2333, 165.335, 69.63731, 152.6032, 11.13922, 12.09993, 2
26.42586, 28.9957, 159.0151, 159.2143, 158.8578, 65.85059, 139.5635, 10.56714, 12.12367, 33.40245, 18.12112, 165.5212, 165.8821, 165.0554, 71.41719, 153.799, 10.16489, 11.79513, 2
25.73205, 28.39561, 157.8466, 158.0149, 156.8299, 66.16843, 140.8809, 10.35264, 11.86857, 32.72388, 19.14767, 164.869, 164.9546, 164.2521, 70.6508, 153.0545, 10.13384, 11.62085, 2
26.45742, 29.2757, 158.438, 158.3216, 157.5074, 67.08086, 139.8319, 10.45175, 12.17019, 32.12799, 17.94594, 164.8273, 165.0022, 163.9846, 69.5126, 153.641, 10.15054, 11.65298, 2
24.95809, 28.78313, 157.6392, 157.8557, 156.9011, 64.81954, 140.583, 10.29476, 11.99053, 32.4417, 16.25749, 164.9625, 165.427, 164.3696, 68.75049, 154.9003, 10.18304, 11.47492, 2
25.19857, 28.7879, 158.0278, 158.1314, 157.1779, 65.96461, 140.2399, 10.43058, 12.1627, 32.90664, 16.32265, 165.2684, 165.5949, 164.7856, 69.40794, 154.5975, 10.34509, 11.58107, 2
27.92956, 28.65134, 157.4891, 157.0972, 156.2939, 67.08357, 141.1469, 10.07031, 12.02639, 33.29539, 18.8475, 165.9098, 165.4819, 164.6382, 71.24116, 152.3192, 10.66614, 11.89981, 2
27.29908, 29.51016, 157.4808, 157.2422, 156.422, 66.25056, 140.0097, 10.36042, 12.18067, 34.99363, 17.62234, 165.9785, 165.9507, 165.2346, 72.38571, 153.0985, 10.58433, 11.12263, 2
27.60857, 30.03082, 158.434, 158.1306, 157.5473, 67.57214, 139.004, 10.46285, 12.27991, 35.07751, 17.21621, 166.8603, 166.3666, 165.0413, 72.84472, 152.397, 10.77444, 11.25172, 2
27.93105, 29.4311, 158.1425, 157.8605, 156.9685, 67.79179, 139.7701, 10.22056, 12.13593, 32.71811, 18.88357, 166.4832, 165.5297, 164.2945, 71.04691, 151.4487, 10.66609, 11.60038, 2
26.45843, 30.06873, 158.0069, 157.9361, 157.1518, 65.98153, 139.3917, 10.11645, 12.0769, 33.14085, 18.78617, 166.0757, 165.3222, 164.0162, 71.85341, 151.9718, 10.47467, 11.5777, 2
25.87943, 30.34338, 158.0465, 157.8277, 157.2608, 66.37922, 139.0813, 10.25555, 12.13323, 33.12717, 19.27133, 166.5278, 165.5129, 164.5302, 72.4994, 151.257, 10.61969, 11.61793, 2
25.95411, 30.48181, 158.3464, 157.8187, 157.2715, 67.00069, 138.7109, 10.35714, 12.04068, 32.46246, 19.2684, 166.7189, 165.7418, 164.8061, 74.31889, 151.3058, 10.71957, 11.65374, 2
25.17541, 30.62753, 158.7267, 158.5621, 158.0829, 66.04588, 138.2985, 10.29597, 12.24699, 33.38715, 18.38569, 166.324, 165.7846, 164.555, 72.34832, 152.1589, 10.58178, 11.73373, 2
24.62734, 31.14896, 159.1487, 158.9771, 158.3466, 65.19393, 137.4524, 10.45269, 12.39745, 34.34887, 17.84208, 167.007, 167.0353, 166.1978, 73.54869, 152.1136, 10.86064, 11.05904, 2
24.249, 30.61079, 158.656, 158.4064, 157.914, 65.35424, 138.0412, 10.4746, 12.1774, 34.34519, 18.17017, 166.1031, 166.3154, 165.2536, 73.74831, 152.0534, 10.44167, 11.28016, 2
24.12844, 30.78289, 158.8253, 158.6314, 158.1184, 65.24401, 137.5112, 10.4812, 12.07832, 32.71309, 19.09599, 166.5469, 166.1616, 165.2477, 72.20138, 151.3725, 10.58311, 11.76444, 2
25.74569, 30.84596, 158.6406, 158.6669, 157.8903, 65.83701, 138.0191, 10.34513, 12.23024, 32.97016, 17.52354, 166.7314, 166.3725, 165.2912, 69.57, 153.5244, 10.79837, 12.12751, 2
25.5407, 29.85169, 158.9081, 158.81, 157.7588, 66.49404, 138.6254, 10.31456, 12.15361, 32.50084, 18.9769, 166.6767, 165.7869, 165.1088, 71.13408, 151.9014, 11.1295, 12.0028, 2
26.25674, 30.19894, 158.3774, 157.8358, 157.3513, 67.42094, 138.6385, 10.44843, 12.05156, 32.22844, 19.6472, 167.1506, 166.3343, 165.5677, 72.50095, 150.9202, 11.20296, 11.89362, 2
26.9225, 30.4314, 158.5972, 158.0467, 157.4774, 67.79958, 138.3778, 10.51539, 12.25067, 32.5633, 20.11012, 166.3537, 165.8184, 165.0289, 72.37605, 151.199, 10.72961, 11.78571, 2
28.70849, 30.32001, 158.5332, 157.6863, 156.8399, 67.06655, 138.4208, 10.21783, 12.2215, 31.95889, 20.29637, 165.7682, 165.14, 164.5883, 72.81194, 151.4319, 10.80733, 11.76467, 2
26.78341, 27.88216, 158.4608, 158.3236, 156.9704, 64.93711, 140.5292, 10.19009, 12.14226, 32.78985, 20.14897, 165.921, 165.6948, 165.155, 73.59579, 150.856, 11.15572, 11.79373, 2
26.8818, 29.12329, 158.2128, 158.2849, 157.2752, 65.00443, 139.9352, 10.18895, 12.2088, 32.294, 20.05609, 166.0484, 165.8306, 165.4631, 71.27768, 151.5055, 10.51195, 11.55002, 2
26.22864, 30.11596, 158.8201, 158.5294, 157.6917, 66.83543, 138.173, 10.41152, 12.1356, 32.18847, 20.37692, 165.9982, 165.6914, 165.5155, 73.34451, 151.3338, 10.46854, 11.54966, 2
27.31952, 29.83797, 158.268, 158.3106, 157.4211, 66.95596, 138.5933, 10.56142, 12.50285, 31.35684, 17.585, 163.8031, 164.4296, 163.2328, 69.23716, 153.7996, 9.889764, 11.24066, 2
26.50687, 29.4101, 158.6796, 158.6669, 157.9952, 66.49364, 138.7174, 10.66865, 12.49677, 31.78716, 16.10002, 164.6171, 165.7119, 164.7978, 69.01841, 154.6397, 10.10328, 11.01968, 2
27.00744, 29.15533, 158.6521, 158.3735, 157.4639, 67.02665, 138.9551, 10.66682, 12.45988, 32.22073, 16.45485, 164.7118, 165.6992, 164.9582, 69.6605, 154.2998, 10.12224, 11.15118, 2
27.33045, 29.79193, 158.2393, 157.9573, 157.4576, 65.77351, 139.3081, 10.69047, 12.26577, 31.64585, 21.05838, 164.6573, 164.106, 163.4435, 72.95744, 150.571, 9.838712, 11.32462, 2
26.40054, 26.53076, 157.8317, 157.9904, 156.8789, 64.66574, 142.5802, 10.5368, 12.06617, 32.82478, 21.21692, 165.3083, 164.9815, 164.8421, 73.31843, 150.789, 9.929017, 11.34953, 2
28.45744, 27.14722, 157.3481, 157.0049, 155.648, 64.5643, 142.5278, 10.1996, 12.14983, 31.79614, 20.34172, 165.693, 165.3049, 165.3233, 71.97845, 151.0278, 10.22614, 11.69486, 2
27.82314, 29.38318, 157.5946, 156.6934, 155.5323, 66.30238, 140.3317, 9.908199, 11.89593, 32.47344, 18.52893, 165.9527, 166.4218, 166.1925, 73.71421, 152.323, 10.67769, 11.37705, 2
28.74506, 27.00368, 159.2958, 159.5168, 158.9551, 65.39055, 141.032, 10.39875, 12.3498, 31.63363, 19.66839, 164.6713, 164.2325, 163.8978, 71.1252, 151.7596, 10.08491, 11.99755, 2
26.64398, 28.27362, 159.0768, 158.2467, 157.3384, 63.43411, 139.3313, 10.19449, 12.03319, 30.44282, 19.32169, 164.8899, 164.3295, 164.0912, 70.55196, 151.7249, 10.12813, 12.01757, 2
28.4151, 27.11921, 157.0319, 156.8963, 155.796, 66.19268, 142.5962, 9.830853, 12.08283, 31.5367, 20.36398, 165.5129, 164.9831, 164.664, 71.49361, 150.1049, 10.4175, 11.76207, 2
30.17476, 27.6784, 157.0289, 156.6138, 155.8164, 66.14465, 142.2408, 9.806862, 12.23259, 32.64032, 18.82245, 165.1427, 166.0313, 165.9207, 72.50089, 152.4071, 10.39765, 11.31238, 2
30.07621, 29.16576, 158.1856, 157.8797, 157.6119, 66.81714, 139.6644, 9.915856, 12.44063, 31.34024, 17.26182, 163.344, 164.2943, 163.4596, 70.03997, 153.3353, 9.752054, 11.26886, 2
29.94188, 27.85172, 157.8564, 157.8686, 157.4955, 67.01762, 141.0103, 10.02854, 12.55619, 30.97753, 16.73059, 164.1092, 165.1442, 164.6674, 69.83895, 153.9687, 9.95159, 11.31555, 2
30.00581, 27.37541, 158.3811, 158.4254, 157.8577, 65.96591, 140.9993, 10.17423, 12.64419, 32.69621, 18.66629, 163.7047, 164.2769, 163.8235, 72.15763, 151.8503, 9.806822, 11.36053, 2
30.41842, 28.44697, 158.0883, 157.7216, 157.6367, 66.43312, 140.9692, 10.08904, 12.64523, 32.6157, 18.87099, 164.9383, 165.1735, 164.7101, 70.26255, 152.8577, 10.21144, 11.99705, 2
29.30842, 27.43369, 158.469, 158.455, 157.968, 64.89818, 141.8512, 10.19381, 12.37362, 31.40356, 18.26366, 165.088, 165.3813, 164.8276, 70.37538, 152.7777, 10.21735, 11.89557, 2
26.44003, 27.35127, 159.201, 159.0592, 158.1291, 63.51099, 140.3705, 10.42153, 12.11123, 32.12667, 17.67585, 164.6202, 165.109, 164.3121, 71.83668, 153.0323, 9.77833, 11.29118, 2
27.48006, 27.55641, 159.5432, 159.2388, 158.7285, 64.98853, 140.4037, 10.33653, 12.47993, 31.19486, 17.72225, 164.8593, 165.2325, 164.7199, 70.60608, 152.9192, 9.999673, 11.79251, 2
29.03018, 26.51719, 159.358, 159.8914, 159.0574, 67.1548, 140.8667, 10.42166, 12.78867, 31.48973, 17.73128, 164.2095, 164.6983, 164.1015, 72.53429, 152.7569, 9.649603, 11.35317, 2
29.71905, 25.8245, 160.0856, 160.8027, 160.2005, 67.89027, 141.1901, 10.65189, 12.50675, 32.43983, 15.30925, 164.9316, 165.1923, 163.9316, 71.38311, 155.3707, 9.805158, 10.65069, 2
28.79415, 24.05067, 159.7316, 160.4672, 159.3986, 69.0277, 142.9311, 10.67442, 12.82388, 32.43923, 15.56462, 164.7012, 164.918, 163.499, 71.80621, 154.8544, 9.828433, 10.90044, 2
29.9026, 24.81004, 159.5566, 160.3051, 159.3514, 68.9955, 142.4752, 10.69671, 12.87201, 32.14047, 16.18824, 163.9023, 163.8804, 162.6208, 70.97844, 154.0386, 9.752155, 10.65244, 2
27.92064, 26.05128, 159.4132, 160.0896, 159.7014, 66.02765, 141.6484, 10.6176, 12.21827, 34.26884, 17.40794, 164.2378, 164.4405, 163.4917, 71.834, 153.4244, 9.907087, 10.88909, 2
26.23117, 25.72854, 159.8467, 160.3597, 159.5328, 65.21228, 141.1756, 10.75704, 12.02482, 32.54786, 16.61441, 164.0103, 164.3296, 162.9566, 72.27016, 154.0737, 9.744914, 10.77927, 2
26.40468, 25.76749, 158.9876, 159.3387, 158.7138, 65.4173, 143.0651, 10.51728, 12.09285, 31.41908, 15.91469, 164.9992, 164.2177, 162.9614, 70.92245, 154.4051, 10.03795, 11.03626, 2
26.69892, 26.00871, 158.2884, 158.4326, 157.4629, 64.99866, 142.8994, 10.48894, 11.9594, 32.17868, 16.41466, 165.1304, 164.6179, 163.4004, 71.5331, 154.1846, 10.11775, 11.03562, 2
25.98761, 25.35696, 157.5842, 157.9267, 157.1021, 64.28825, 144.1782, 10.45837, 11.66545, 32.20498, 17.61453, 165.582, 164.8869, 163.6099, 72.82654, 152.9845, 10.17146, 11.16953, 2
26.06102, 25.14963, 158.1629, 158.6141, 157.8052, 64.6733, 144.004, 10.42994, 11.8331, 32.05957, 18.00865, 165.6228, 164.8731, 163.7593, 72.49863, 152.6317, 10.04813, 11.40277, 2
27.12549, 25.63596, 157.9243, 158.3785, 157.2328, 65.58133, 143.7473, 10.39569, 11.94405, 32.40833, 18.06262, 165.3301, 164.833, 163.744, 73.16257, 152.3795, 10.01278, 10.94958, 2
28.35741, 25.3193, 158.3774, 158.8525, 157.7001, 65.83878, 143.8634, 10.45478, 12.20502, 32.51779, 16.60877, 166.3254, 166.3604, 164.961, 71.55196, 153.7492, 10.07187, 10.19431, 2
28.33098, 25.3483, 158.6689, 159.1865, 157.6154, 65.65147, 142.7338, 10.5259, 12.27581, 34.35483, 17.78307, 168.6188, 167.5462, 166.0187, 71.21214, 150.9893, 10.44273, 10.72543, 2
28.85976, 26.05477, 158.8429, 159.1034, 158.0804, 66.60317, 142.5768, 10.3222, 12.22635, 33.30029, 18.15132, 168.3143, 167.7273, 167.0828, 70.47644, 151.7037, 10.67116, 10.72383, 2
29.56134, 26.52875, 157.9702, 158.2542, 157.5465, 67.46745, 142.7872, 10.10713, 12.44671, 32.50197, 18.32281, 168.3281, 167.585, 166.7101, 72.20901, 151.512, 10.70291, 10.63303, 2
29.93557, 26.39381, 158.2848, 158.8432, 158.1897, 67.35946, 142.7773, 10.23689, 12.48002, 33.42318, 18.58649, 167.7525, 166.8043, 165.9664, 71.95406, 151.3833, 10.44898, 11.05072, 2
29.49622, 26.588, 157.6418, 157.7181, 157.0192, 67.17812, 142.8442, 10.23799, 12.44586, 31.69566, 20.00735, 164.7752, 163.6186, 162.3891, 72.001, 150.6277, 9.813156, 11.14479, 2
33.68189, 25.42171, 157.8027, 158.7464, 157.8602, 67.78128, 143.4358, 10.30192, 12.61931, 34.61077, 17.10117, 164.1409, 164.6621, 163.686, 73.17763, 153.3798, 9.746427, 10.57864, 2
32.90037, 26.24151, 157.5047, 158.0967, 157.56, 67.0974, 143.1875, 10.22185, 12.39895, 34.5847, 17.45217, 164.2053, 164.452, 163.2927, 71.81586, 152.8819, 9.76082, 10.53715, 2
28.65961, 26.23182, 158.6306, 159.029, 158.171, 65.96377, 142.3332, 10.43479, 12.35942, 36.46367, 19.97721, 163.9938, 164.2151, 163.2553, 73.91546, 150.7406, 9.659541, 10.73517, 2
28.06573, 26.71076, 158.3233, 158.5666, 157.8106, 65.40169, 142.3603, 10.33363, 12.467, 35.92086, 19.08417, 164.5282, 165.136, 164.118, 74.58382, 151.9157, 9.854647, 10.93909, 2
28.49383, 27.09195, 158.3059, 158.2684, 157.7098, 65.99411, 141.7912, 10.26797, 12.45459, 35.89485, 18.12452, 164.2167, 164.6996, 163.6329, 74.44016, 152.8822, 9.783838, 10.73383, 2
29.33189, 26.81565, 158.8825, 159.0815, 158.2143, 66.52898, 141.3621, 10.40541, 12.25787, 35.19039, 19.897, 164.3545, 164.19, 163.4129, 73.34584, 151.4428, 10.16872, 10.81851, 2
28.79423, 26.68211, 158.8679, 159.2027, 158.1672, 65.98296, 142.1292, 10.39099, 12.08842, 32.76967, 21.00655, 165.1599, 164.3446, 163.0178, 73.07848, 150.0072, 10.55257, 11.68478, 2
26.88669, 26.27418, 158.6294, 159.0058, 158.2983, 64.40829, 142.6744, 10.16161, 12.12897, 31.82944, 19.42408, 164.687, 164.4762, 163.5905, 70.3927, 152.6994, 10.13308, 11.50775, 2
26.25293, 26.0971, 159.4497, 159.6757, 158.8271, 65.70678, 141.9711, 10.29235, 12.16744, 31.99457, 21.03148, 164.7739, 164.1318, 163.1893, 71.60351, 150.7416, 10.12168, 11.4819, 2
27.52427, 26.35765, 158.8335, 158.9288, 158.1605, 66.56244, 142.3337, 10.31803, 12.30628, 31.14465, 19.13825, 164.2705, 164.1884, 163.3157, 69.98316, 153.1213, 10.15271, 11.57006, 2
27.77973, 27.20939, 158.2994, 158.2748, 157.6217, 67.37164, 141.9925, 10.25735, 12.14049, 33.51993, 19.83084, 163.996, 164.1714, 163.6849, 72.59985, 151.6517, 9.945857, 10.88179, 2
28.39803, 27.21127, 158.4999, 158.5583, 158.0102, 66.50161, 141.6722, 10.37796, 12.09016, 33.71851, 18.91531, 163.8604, 164.2401, 163.5216, 72.98654, 151.8622, 10.12149, 10.69831, 2
28.59956, 27.17904, 158.212, 158.4112, 157.8937, 66.85102, 142.2734, 10.29669, 12.12925, 33.13847, 19.69231, 163.5765, 163.9934, 163.3923, 72.15051, 151.6342, 10.1033, 10.94334, 2
27.5724, 27.44044, 158.7193, 158.8565, 158.3299, 66.84958, 141.9915, 10.18051, 12.02975, 32.66546, 18.03769, 164.0314, 164.7682, 163.8704, 71.28282, 153.0611, 10.23948, 10.83747, 2
26.33393, 27.57951, 159.2953, 159.1957, 158.6114, 65.82037, 141.3989, 10.28574, 11.99015, 32.74177, 17.68496, 164.2568, 165.0042, 164.2172, 71.18507, 153.0558, 10.36811, 10.7872, 2
27.13267, 26.93389, 159.438, 159.4233, 158.8151, 65.81236, 141.5695, 10.42655, 12.11082, 32.75373, 19.9429, 163.5699, 163.8947, 163.195, 71.32629, 151.1448, 10.15782, 11.31298, 2
27.77541, 26.84387, 159.4687, 159.6772, 159.2551, 66.14194, 141.8504, 10.51084, 12.27159, 32.57501, 19.89856, 163.6045, 164.0351, 163.3833, 71.34604, 151.5929, 10.19742, 11.27985, 2
29.49917, 26.19449, 159.262, 159.6448, 158.6897, 66.82941, 142.2813, 10.36065, 12.88545, 33.52596, 19.28038, 163.5668, 164.2355, 163.565, 71.80398, 152.194, 10.26843, 11.23994, 2
27.83649, 25.96055, 159.3049, 159.5617, 158.4917, 65.46258, 142.4065, 10.18024, 12.57592, 32.65785, 18.28343, 163.6267, 164.4448, 163.4308, 70.978, 152.6219, 10.21621, 11.24407, 2
28.26044, 26.87681, 159.4737, 159.6992, 159.0027, 66.07357, 140.7825, 10.53159, 12.57691, 31.78412, 17.30719, 163.9686, 164.8388, 163.7984, 70.24156, 153.5488, 10.22035, 11.09847, 2
27.69932, 27.27887, 159.914, 160.107, 159.5998, 65.36202, 140.6909, 10.58842, 12.32315, 32.64388, 18.34642, 164.5808, 165.2588, 164.5804, 71.90536, 152.4793, 10.40743, 10.93785, 2
27.5727, 26.76612, 160.0736, 160.279, 159.6258, 66.17809, 141.2484, 10.56794, 12.39355, 32.89392, 18.73457, 164.2275, 164.7757, 164.2328, 72.03645, 152.5135, 10.29895, 10.93632, 2
29.09545, 26.41549, 159.1494, 159.3913, 158.5727, 66.95415, 142.4357, 10.33224, 12.37989, 32.21206, 18.8303, 163.7744, 164.1518, 163.596, 71.3617, 152.3109, 10.10603, 10.84591, 2
29.09106, 26.65666, 159.3613, 159.1716, 158.4638, 66.16173, 142.2193, 10.40622, 12.30296, 31.2508, 19.57764, 163.2619, 163.4632, 162.9216, 70.04162, 151.5283, 9.990936, 11.19827, 2
27.8765, 27.00511, 158.9144, 158.7959, 157.8717, 64.93578, 141.7645, 10.35636, 12.25562, 30.38104, 20.73672, 163.0789, 163.3143, 163.0919, 69.71465, 150.6448, 10.03962, 11.68538, 2
27.69996, 26.68336, 159.0974, 158.7847, 158.2898, 65.52039, 142.036, 10.32163, 11.97668, 33.34232, 19.91035, 164.0283, 164.3327, 164.0702, 72.23581, 151.2002, 10.32748, 11.05218, 2
28.1315, 25.52147, 159.5969, 159.685, 159.0946, 66.39639, 142.7543, 10.46437, 12.28198, 33.56859, 17.38175, 165.2718, 165.672, 165.402, 72.23699, 152.7575, 10.36976, 10.97757, 2
25.52553, 25.57902, 158.4787, 158.6004, 158.066, 64.95875, 143.2522, 10.21943, 11.69838, 30.83568, 19.45872, 164.5172, 164.6862, 164.276, 70.22873, 150.9537, 10.48393, 11.44312, 2
26.00895, 26.39416, 159.3548, 159.5564, 159.123, 65.38926, 141.73, 10.52491, 12.18196, 31.18182, 21.18215, 164.7267, 164.2031, 163.9801, 70.64849, 150.0526, 10.48222, 11.67631, 2
26.60998, 26.96943, 159.8302, 160.0988, 159.3108, 65.51498, 141.3305, 10.54508, 12.32226, 31.18046, 20.67814, 164.9816, 164.3527, 164.1315, 70.17284, 150.2282, 10.34482, 11.6378, 2
25.74713, 26.15306, 159.6751, 159.7932, 158.6729, 65.3982, 141.6385, 10.50318, 12.13429, 30.73297, 21.27452, 164.228, 163.4616, 163.1588, 70.51606, 150.3572, 10.22039, 11.59027, 2
25.00668, 26.02852, 159.0724, 159.1642, 158.37, 63.84762, 141.9364, 10.76797, 11.79361, 32.01337, 19.71686, 165.6375, 165.0683, 164.4125, 71.30066, 150.5141, 10.3713, 11.17026, 2
24.59196, 24.24735, 158.296, 158.6534, 157.6117, 65.46832, 144.1143, 10.6718, 11.61004, 30.89712, 21.09214, 164.9059, 164.1365, 163.6576, 70.27383, 149.9778, 10.0307, 11.63167, 2
25.99181, 24.94367, 157.9267, 158.2632, 157.1044, 66.71577, 143.7697, 10.39485, 11.55486, 31.13356, 21.16115, 165.0701, 164.2907, 164.1346, 70.60907, 150.0616, 10.11789, 11.58322, 2
26.6709, 25.32944, 158.7341, 158.7337, 157.8109, 67.91929, 143.3216, 10.52753, 11.55139, 30.70963, 20.03718, 165.098, 164.533, 164.0196, 69.59834, 150.4099, 10.02705, 11.57025, 2
26.67249, 24.77625, 158.9627, 159.0237, 158.1339, 67.39452, 143.2476, 10.63626, 11.46693, 31.24443, 19.86016, 165.5565, 165.2021, 164.8508, 71.70423, 150.956, 10.42307, 10.93648, 2
27.25509, 25.09047, 158.0075, 158.1284, 157.0116, 67.08649, 143.5411, 10.43034, 11.33713, 31.58457, 17.6151, 163.4325, 164.1138, 163.3918, 70.15968, 153.7258, 10.00036, 10.59797, 2
29.13831, 25.11172, 158.1198, 158.1924, 157.0042, 68.45403, 143.6338, 10.45158, 11.52851, 31.20172, 17.33518, 163.6256, 164.1827, 163.3423, 69.84241, 153.9689, 9.858856, 10.82686, 2
28.31549, 24.98952, 158.6737, 158.8854, 157.7041, 67.90749, 143.2269, 10.50946, 11.55156, 30.14022, 20.01975, 164.3756, 163.4121, 162.9109, 68.99693, 151.4355, 9.933333, 11.8541, 2
28.12624, 24.7676, 158.3678, 158.4684, 157.1924, 67.97305, 143.6398, 10.38815, 11.54513, 30.43629, 19.9571, 165.0039, 164.2551, 163.487, 69.88476, 150.8359, 10.34433, 11.94222, 2
29.6871, 24.04196, 158.7179, 159.1901, 157.6391, 68.66909, 143.8134, 10.35799, 11.88418, 30.53891, 19.53193, 164.6556, 164.1744, 163.5959, 69.58248, 151.509, 10.2108, 11.95175, 2
30.01002, 24.36435, 158.6967, 159.1259, 157.6651, 68.81173, 143.6337, 10.4128, 11.80756, 31.25193, 18.23198, 165.7044, 164.8224, 163.8211, 71.07842, 151.0878, 10.17198, 10.83456, 2
29.63419, 25.94439, 158.7105, 159.0577, 158.0176, 68.74349, 142.5328, 10.45009, 11.98734, 30.99581, 20.10331, 164.6352, 163.6346, 163.0222, 69.75283, 151.0501, 10.14045, 11.69961, 2
29.4019, 24.93529, 158.8035, 159.0191, 157.6788, 68.72187, 143.0532, 10.54658, 11.887, 30.58938, 19.68448, 164.2364, 163.567, 162.9306, 69.19912, 151.8401, 9.887218, 11.74608, 2
28.07748, 23.7443, 158.9508, 159.2975, 157.9946, 67.61778, 143.7744, 10.40422, 11.71657, 31.54095, 18.51436, 164.6607, 164.2761, 163.5964, 69.41435, 151.9057, 10.14955, 11.12502, 2
28.7581, 25.13171, 159.1028, 159.7201, 158.3271, 68.02843, 142.1971, 10.50807, 12.14744, 30.7336, 20.25, 164.7379, 163.6775, 162.8716, 69.34864, 150.4579, 10.00748, 11.82265, 2
28.67132, 25.8748, 158.9759, 159.4181, 158.1661, 68.10204, 141.9891, 10.52013, 12.12408, 30.74911, 20.48789, 165.0619, 164.1842, 163.7734, 70.39392, 150.9154, 9.972377, 11.54067, 2
28.88993, 25.81898, 159.3568, 159.7701, 158.5164, 68.17999, 141.6738, 10.52338, 12.1885, 30.71148, 19.18072, 165.3844, 164.9979, 164.696, 70.36351, 151.3129, 9.999084, 10.98673, 2
28.32809, 27.59835, 159.4801, 159.6004, 158.7671, 67.75737, 140.4096, 10.68194, 12.21869, 31.0638, 19.19347, 165.3135, 165.0273, 164.7334, 70.87196, 151.3574, 10.02868, 11.02719, 2
28.45026, 27.37497, 158.9311, 159.182, 157.971, 67.36385, 141.031, 10.51754, 12.18288, 31.5247, 19.5462, 165.3535, 164.7329, 164.3491, 72.33807, 150.7702, 10.05974, 11.07146, 2
29.13412, 26.21364, 158.6129, 158.7327, 157.4823, 66.80231, 142.318, 10.50418, 12.09471, 31.40652, 19.69909, 165.2465, 164.7332, 164.6714, 72.33904, 151.1796, 10.12176, 10.99515, 2
27.54213, 26.00362, 158.2793, 158.2689, 157.0998, 66.00586, 142.6332, 10.5045, 11.98209, 31.03041, 18.86962, 165.227, 164.9363, 164.5778, 71.42678, 151.6485, 10.12234, 11.13201, 2
21.9637, 15.80378, 33.31594, 175.1542, 179.5232, 45.8763, 13.7011, 114.657, 18.21521, 13.71086, 34.18967, 43.22018, 169.9176, 172.8661, 38.34444, 17.19698, 103.5463, 29.36401, 4
23.19332, 13.67101, 28.66576, 178.756, 179.6961, 41.42296, 13.50037, 126.8076, 12.89674, 14.12973, 44.4028, 44.27288, 166.7153, 172.1848, 38.61042, 16.32204, 104.0917, 29.17869, 4
18.95019, 17.34243, 25.06522, 165.6756, 175.7048, 41.05462, 10.61995, 124.8874, 19.99688, 14.52755, 43.35008, 37.86197, 166.9429, 173.3877, 38.49955, 15.27143, 87.11263, 47.3395, 4
17.20612, 21.85385, 23.4208, 166.4944, 174.9135, 38.91341, 10.19665, 128.9069, 16.9709, 15.5553, 27.57426, 37.1969, 121.7576, 169.7403, 39.90097, 12.30605, 31.93061, 100.3651, 4
19.65263, 19.78418, 22.70937, 165.1233, 176.8403, 40.71822, 9.777868, 120.7904, 22.08412, 13.8963, 27.36591, 34.41818, 80.59002, 173.5524, 40.47386, 12.18605, 5.219206, 134.0472, 4
21.21867, 19.37388, 25.882, 165.6562, 176.9791, 41.94644, 10.55225, 117.5882, 23.70934, 14.74041, 24.80523, 31.8493, 69.04501, 171.2256, 40.13824, 12.98808, 8.896337, 126.8753, 4
19.3814, 19.64261, 27.47002, 166.7327, 176.5078, 40.07982, 12.01405, 124.2224, 18.19279, 17.02624, 28.39005, 33.69691, 85.01582, 171.4992, 39.22615, 13.14351, 11.85275, 124.5075, 4
22.87646, 16.56452, 23.28756, 169.0032, 177.5648, 40.97963, 12.4991, 124.7537, 18.38313, 14.61357, 27.56166, 36.33712, 52.40659, 171.0892, 38.70383, 12.86353, 47.25933, 85.467, 4
21.23569, 17.45635, 22.07634, 167.4984, 177.0461, 40.66203, 11.37866, 121.672, 21.95497, 15.44243, 26.74937, 35.41109, 39.60572, 171.4733, 39.146, 13.09697, 34.18541, 99.90858, 4
21.90403, 17.52098, 22.23559, 167.6106, 177.27, 41.06742, 11.32745, 120.4557, 22.73302, 15.05364, 28.19673, 37.8825, 25.81166, 171.3578, 39.17785, 13.50707, 19.61298, 115.1722, 4
22.09568, 17.85328, 22.32564, 167.2288, 176.9125, 41.36256, 10.94089, 121.8793, 21.57571, 14.12745, 28.84186, 40.08552, 34.66159, 171.1705, 39.14799, 13.33424, 27.98953, 104.8583, 4
21.86296, 17.98881, 22.22559, 166.8475, 176.9595, 41.14308, 10.66042, 123.8277, 20.06988, 14.96177, 32.33607, 37.82764, 53.2154, 173.1564, 39.6774, 13.46111, 38.12516, 96.46548, 4
21.63426, 16.8266, 19.27861, 166.1927, 177.631, 40.98876, 10.79598, 122.8566, 21.81356, 15.4613, 45.89148, 35.47277, 108.6526, 177.1395, 39.01461, 15.13062, 18.26484, 119.713, 4
18.95788, 16.84615, 18.21513, 164.7416, 177.5352, 40.01964, 10.11904, 121.6963, 22.93275, 15.47921, 34.05569, 24.76728, 143.9372, 175.0475, 38.84573, 13.84847, 119.7948, 26.22657, 4
18.04069, 18.17593, 19.49664, 162.6006, 176.8375, 40.29077, 9.246392, 118.2504, 26.11967, 10.7372, 34.12923, 26.88976, 5.102385, 171.5663, 40.3443, 9.692376, 3.757131, 135.1466, 4
18.57671, 19.25302, 21.98622, 164.7518, 176.0662, 39.98882, 9.409556, 117.8366, 27.13394, 8.60026, 36.62576, 33.78822, 29.49851, 171.7736, 43.78965, 5.689442, 21.96709, 102.7965, 4
17.90124, 18.33112, 21.79413, 165.6548, 175.9029, 39.64697, 9.565442, 120.7051, 24.79793, 15.80829, 30.42273, 31.70118, 42.12334, 171.6983, 42.61055, 9.87466, 33.13018, 112.386, 4
19.09981, 19.00793, 23.93112, 162.4604, 175.0216, 40.45418, 9.905341, 124.048, 20.97103, 14.2731, 27.23334, 28.3129, 164.9205, 171.1489, 41.36609, 10.98702, 144.5576, 13.8351, 4
20.68864, 20.18425, 25.73977, 162.9725, 174.2659, 41.70158, 9.787756, 126.7954, 18.62534, 14.72519, 26.77653, 27.71247, 163.9788, 172.5624, 40.89389, 11.6786, 142.5249, 14.07066, 4
20.55379, 19.61306, 24.69454, 163.7405, 174.7343, 41.28178, 9.865576, 126.0382, 19.30346, 14.26885, 27.55415, 27.58231, 163.8645, 172.8219, 39.67728, 13.05186, 145.0568, 14.67615, 4
20.54591, 19.67893, 23.1103, 163.1357, 175.6054, 41.801, 9.743785, 124.252, 20.56671, 14.20063, 29.81053, 29.63184, 165.7922, 173.2381, 39.59248, 13.1105, 142.8291, 14.38833, 4
20.66902, 19.43986, 22.49504, 161.5331, 176.4319, 42.266, 9.436735, 120.0932, 23.92299, 14.16007, 32.70995, 30.49037, 164.0201, 173.1963, 39.80926, 13.37463, 141.9576, 14.62737, 4
20.92358, 19.06242, 21.9164, 161.6724, 176.6037, 42.02317, 9.632597, 120.4083, 23.99554, 14.38908, 31.7254, 29.1053, 164.5744, 173.7733, 39.49426, 13.38976, 142.4382, 14.60796, 4
21.26903, 18.70795, 22.0025, 161.5455, 176.7221, 42.18222, 9.927234, 121.362, 23.14573, 15.04567, 29.29336, 28.00228, 165.6328, 173.694, 39.94927, 13.53079, 143.5897, 14.62125, 4
22.32766, 17.65598, 18.68299, 160.4314, 177.7968, 42.43798, 10.38374, 117.3703, 27.99596, 15.10799, 28.67636, 28.98779, 165.9345, 173.5173, 40.14491, 13.63084, 143.1058, 14.59238, 4
22.31066, 17.53735, 18.78032, 158.4992, 177.5859, 42.52493, 10.554, 115.9986, 29.5069, 15.01699, 30.31424, 28.77193, 166.8031, 173.8763, 39.93805, 13.97341, 143.2168, 14.47935, 4
19.92253, 18.14911, 20.57457, 165.0269, 177.3303, 41.08012, 11.14587, 123.3132, 21.55083, 14.97903, 33.38231, 29.53609, 168.2694, 173.666, 40.01669, 13.97121, 143.5893, 14.71809, 4
20.1044, 18.02746, 23.65134, 164.7638, 175.9089, 41.69751, 10.90071, 124.2692, 20.60921, 14.92589, 32.32631, 31.22027, 168.7619, 173.1813, 39.42237, 14.09144, 142.7431, 14.82949, 4
19.47187, 18.42468, 21.73615, 162.829, 176.7279, 41.10709, 9.855145, 122.9095, 22.39547, 14.7933, 37.37093, 29.88248, 166.3733, 173.8569, 39.03961, 14.05561, 142.5707, 14.56165, 4
19.20955, 19.15068, 20.88006, 161.2405, 177.0156, 41.70833, 9.266646, 120.564, 24.83286, 14.81098, 38.91372, 28.90207, 166.4021, 174.0161, 38.84803, 14.23286, 143.454, 14.55689, 4
20.0183, 18.93821, 16.37681, 158.5853, 178.0739, 41.93401, 9.750643, 118.6476, 28.43554, 14.77132, 39.43892, 28.82111, 165.9556, 173.855, 38.795, 14.31562, 144.1066, 14.52839, 4
18.77086, 18.82359, 15.13238, 156.5477, 178.1962, 40.98675, 9.458082, 115.903, 30.56818, 14.20849, 37.85144, 29.02577, 163.9264, 174.6249, 38.97309, 14.06541, 143.4966, 14.2462, 4
19.18918, 18.62536, 16.43398, 158.2694, 177.9525, 41.22672, 9.156866, 117.9121, 28.12943, 14.96375, 38.48482, 28.94783, 165.0716, 174.9145, 39.1511, 14.22736, 142.714, 14.4561, 4
18.78853, 18.47745, 17.52639, 160.7426, 177.5747, 41.11684, 9.226051, 121.4539, 24.6103, 14.67496, 39.71884, 28.58438, 164.7178, 174.2671, 38.90572, 14.31248, 144.5517, 14.51051, 4
17.02322, 19.05202, 19.31042, 162.3404, 176.739, 39.90978, 10.18984, 126.3105, 20.83925, 12.24973, 28.44318, 36.26784, 156.4012, 176.7819, 36.05343, 13.2508, 134.046, 19.27636, 4
15.99191, 17.4482, 14.28794, 163.5553, 178.0872, 38.48867, 11.82335, 122.5574, 24.85082, 10.73973, 26.87963, 40.13417, 164.1442, 173.46, 36.10108, 12.43536, 122.9702, 16.08385, 4
16.92929, 18.00643, 13.52254, 160.8676, 178.1592, 39.57785, 11.64784, 119.1445, 28.32865, 11.40652, 29.43999, 39.21911, 172.0155, 172.6509, 35.9785, 12.97038, 127.1705, 22.06755, 4
18.6853, 18.99376, 13.44868, 156.0688, 179.0224, 40.43927, 11.87411, 122.6025, 25.22041, 12.80007, 29.15431, 42.38086, 173.6879, 174.2299, 37.07558, 13.72532, 127.6247, 20.79055, 4
18.50896, 18.56321, 14.20106, 157.6639, 178.79, 40.75282, 11.64706, 123.4288, 24.45507, 12.56354, 28.26366, 41.32199, 169.1291, 174.2808, 36.97297, 13.49629, 126.0264, 22.00158, 4
20.51875, 18.13281, 14.99963, 158.4242, 178.0956, 41.75559, 11.01213, 121.5841, 25.96756, 12.87834, 28.05148, 39.62246, 164.3095, 173.917, 37.55004, 12.77818, 126.4053, 13.46677, 4
19.93342, 19.39904, 18.41162, 160.5459, 177.0885, 42.47807, 9.465395, 117.7223, 28.24748, 13.26357, 27.62958, 40.77597, 161.0223, 175.3478, 38.37856, 13.16123, 123.4863, 16.1925, 4
19.80878, 18.82682, 20.37704, 164.627, 176.9097, 42.06704, 9.817284, 120.2932, 24.67132, 13.93823, 26.94564, 41.52808, 160.397, 177.0341, 39.08732, 13.48286, 121.9342, 17.61407, 4
20.79095, 19.69319, 20.45446, 160.5708, 176.3573, 42.46703, 10.20722, 123.4312, 23.10822, 13.52859, 26.67636, 40.32149, 160.3858, 177.8782, 38.92931, 13.32628, 124.7164, 15.90684, 4
20.30027, 19.24351, 19.90784, 159.907, 176.8974, 41.89847, 10.58985, 123.0425, 23.65279, 13.71841, 27.95873, 40.5118, 163.4205, 177.4106, 38.0817, 13.28857, 131.3288, 10.82566, 4
20.23275, 19.67371, 20.00382, 159.5952, 176.6208, 41.60201, 10.75792, 123.2009, 23.50424, 13.71283, 27.59294, 39.89729, 163.3442, 175.2995, 37.93975, 13.22751, 133.1873, 10.72192, 4
20.42533, 19.25596, 20.51608, 161.7503, 176.085, 42.25138, 10.56235, 125.4571, 21.79927, 13.26169, 27.71079, 35.71419, 163.2037, 173.6703, 37.24153, 12.72387, 138.0941, 10.42672, 4
19.6102, 19.77614, 20.31878, 161.9416, 176.0317, 41.8101, 10.40187, 126.4145, 21.58361, 14.1873, 28.62306, 28.51268, 170.3507, 170.7071, 36.78395, 12.91647, 139.6404, 23.31236, 4
19.29154, 20.41571, 20.8322, 162.1403, 176.2053, 41.78004, 10.29149, 126.3937, 21.14161, 13.63775, 27.86318, 33.93526, 158.6348, 172.3186, 37.67455, 13.49413, 129.2177, 24.09708, 4
19.81255, 20.50074, 21.1444, 161.3374, 176.1653, 42.10202, 10.28042, 125.8133, 21.63204, 16.67611, 27.26009, 41.34959, 162.1356, 174.5969, 38.12324, 14.47901, 127.7552, 10.61057, 4
17.59211, 22.35321, 20.23873, 163.6415, 176.7864, 40.67339, 10.38002, 127.1401, 19.92647, 15.94989, 26.4274, 40.79354, 160.6094, 175.4392, 37.37402, 15.36101, 131.2221, 10.18843, 4
15.84493, 23.36458, 21.38954, 169.1305, 176.0594, 40.44187, 10.29361, 130.457, 17.88052, 13.77879, 26.30821, 38.56251, 159.4347, 177.6703, 36.36342, 14.37815, 132.8425, 9.138391, 4
15.06601, 22.72044, 20.86966, 168.5538, 175.6546, 40.12059, 10.49051, 131.1468, 18.09718, 13.3146, 26.35698, 37.84312, 161.8237, 177.5248, 36.33142, 14.19546, 132.393, 8.61028, 4
15.12551, 23.70903, 21.46411, 168.5874, 176.1688, 40.43217, 9.933135, 129.7943, 18.29117, 13.69748, 26.7165, 36.82484, 161.6846, 177.0242, 35.92241, 14.29876, 140.1371, 9.021578, 4
15.28716, 23.48568, 22.06952, 168.5742, 176.551, 40.46936, 9.569203, 128.5807, 18.75, 13.47987, 28.39681, 35.9133, 178.7488, 176.4291, 35.76876, 13.83685, 141.376, 19.38144, 4
15.86247, 22.05205, 22.04031, 168.8929, 176.9792, 40.63958, 9.524273, 127.1889, 19.47966, 14.04434, 30.61178, 39.78268, 178.2057, 173.94, 36.55305, 13.60824, 136.3875, 20.1592, 4
15.75427, 22.37449, 20.69654, 167.1968, 176.1232, 40.97161, 9.524128, 126.8576, 20.92163, 13.85687, 28.25329, 46.82572, 169.3071, 173.0345, 38.30859, 14.59554, 121.1116, 23.65507, 4
15.63215, 22.53189, 20.98, 168.6765, 176.1491, 40.52578, 9.801568, 128.7411, 18.95181, 14.25521, 28.40736, 47.1064, 164.0563, 174.6413, 38.28926, 14.71412, 118.9414, 24.45059, 4
17.26682, 24.04606, 22.03701, 168.181, 175.851, 40.50637, 9.957991, 130.4578, 17.4675, 13.65661, 28.39028, 46.30955, 164.2471, 175.192, 37.83045, 14.29862, 119.4236, 24.18304, 4
17.5495, 24.37156, 21.66513, 168.6211, 176.1534, 40.01333, 10.63275, 130.7894, 17.07879, 15.15856, 28.85413, 42.88738, 162.8731, 177.1173, 38.07449, 14.27141, 131.2311, 9.041745, 4
16.75363, 24.49974, 21.2154, 170.4703, 176.4352, 40.04272, 10.46046, 131.0789, 16.94783, 14.65208, 27.58091, 39.33193, 162.8313, 177.6329, 38.28413, 13.52259, 131.4565, 9.582588, 4
19.47256, 24.55685, 22.53513, 168.8649, 175.5163, 41.4934, 10.25563, 130.3017, 17.27182, 15.53184, 26.98499, 38.01545, 176.722, 177.4352, 39.40606, 13.25337, 132.4802, 17.3444, 4
19.97765, 23.96708, 20.22871, 167.0461, 175.6054, 41.81755, 10.64448, 129.9185, 18.52948, 14.92209, 26.17731, 37.72456, 172.9881, 177.8036, 38.6286, 13.2783, 130.9041, 18.52901, 4
19.52841, 23.93584, 19.98416, 166.1872, 175.3269, 41.8792, 10.43909, 129.8848, 18.91868, 14.92633, 26.23688, 39.06126, 164.9136, 177.6314, 38.79994, 13.79081, 131.6544, 9.618627, 4
18.25927, 25.40315, 20.59146, 168.8784, 175.7283, 41.34907, 10.5905, 129.9493, 18.21206, 13.80631, 25.75148, 37.62004, 163.7694, 177.6277, 38.20417, 13.4501, 132.1451, 9.082097, 4
17.8377, 25.6658, 22.04047, 169.0361, 175.3411, 41.0106, 10.20411, 131.6646, 16.79252, 14.33247, 31.2506, 36.103, 166.0449, 176.3041, 39.2929, 13.85093, 133.0627, 18.61443, 4
19.97647, 24.56146, 20.19705, 168.1748, 175.175, 41.9272, 10.54132, 132.0865, 17.47008, 14.03029, 41.8676, 33.97651, 170.7651, 174.2741, 39.45451, 15.21298, 138.7333, 14.52001, 4
19.37485, 23.56408, 20.2868, 147.4026, 173.7884, 43.66272, 8.584876, 111.3474, 35.32629, 15.31134, 38.52557, 35.03704, 171.4225, 176.2368, 38.78624, 15.20446, 131.7003, 17.06173, 4
17.92076, 24.21525, 20.8327, 156.6055, 174.2758, 43.31408, 8.724293, 101.9639, 43.56629, 16.87329, 44.67476, 35.76854, 167.2123, 175.4723, 39.11695, 16.09428, 137.2168, 14.807, 4
17.21686, 22.07163, 19.68333, 158.1673, 173.7553, 43.30861, 8.357383, 101.0699, 45.52301, 15.96484, 25.26946, 37.32161, 163.3364, 177.2085, 37.66571, 13.34831, 137.927, 7.689292, 4
16.2561, 23.09966, 19.53607, 162.4448, 173.6317, 43.23676, 7.858102, 96.41752, 50.18514, 16.16134, 44.67281, 35.82755, 172.9794, 174.502, 39.37327, 16.11683, 138.6324, 15.22383, 4
15.73715, 24.54111, 19.5129, 163.0216, 173.8521, 43.11312, 7.820997, 96.12621, 50.37363, 15.26037, 37.04853, 36.43114, 138.2091, 176.8028, 40.74409, 13.50901, 119.0651, 26.68023, 4
15.78386, 23.35319, 19.85522, 118.5907, 173.6272, 43.60091, 6.920816, 112.7911, 34.01735, 17.10411, 36.58659, 31.40187, 174.311, 175.6443, 41.58699, 14.34778, 132.4388, 16.24967, 4
15.10626, 25.08558, 20.02055, 107.0739, 173.5656, 44.48023, 5.867486, 100.8757, 46.45304, 15.9605, 43.00714, 34.84076, 158.4896, 175.4497, 39.67511, 15.54234, 130.3795, 16.69371, 4
17.23285, 24.82954, 21.33924, 113.6511, 174.4414, 44.93224, 6.663414, 106.813, 39.82486, 15.89546, 41.53456, 34.27366, 163.3921, 175.8503, 40.49635, 14.58856, 127.2249, 18.48848, 4
18.00776, 23.60174, 21.50735, 122.429, 174.9356, 44.42735, 7.709506, 116.1207, 30.40127, 16.1911, 36.22344, 32.23927, 161.3743, 175.7364, 41.39345, 15.1846, 128.1298, 19.10069, 4
18.4718, 23.33153, 20.46725, 144.7055, 174.3485, 44.64384, 8.368982, 113.8649, 32.31632, 19.38674, 38.91893, 33.52194, 168.8827, 176.1079, 41.15882, 14.58606, 115.4079, 27.81803, 4
18.69876, 23.24796, 21.06047, 138.0032, 174.5174, 45.19574, 7.293905, 131.871, 20.2333, 20.37014, 28.41904, 33.13641, 174.6038, 176.5092, 42.09394, 14.05138, 84.30831, 56.74277, 4
17.70481, 22.73881, 21.12571, 131.7396, 174.8814, 45.21065, 6.589814, 125.598, 24.80621, 19.98373, 31.54417, 33.4719, 171.4967, 175.6118, 40.12534, 14.99191, 107.4386, 33.29258, 4
16.17529, 23.62612, 20.92247, 126.225, 174.5614, 45.29136, 5.760038, 120.0758, 28.9672, 15.87711, 31.88161, 33.45868, 170.259, 175.2284, 41.15406, 15.00649, 103.5579, 36.4832, 4
15.85212, 24.50849, 20.9983, 111.628, 174.0238, 45.40228, 5.50787, 105.1825, 42.47019, 14.94495, 30.32001, 31.28962, 166.8434, 174.5728, 40.9889, 15.3453, 102.4225, 37.77626, 4
16.21949, 24.62679, 21.28593, 137.8055, 173.8453, 45.52196, 5.553967, 35.17402, 110.1339, 16.16763, 29.07492, 31.42866, 169.0565, 174.5826, 41.45876, 15.10804, 104.2293, 36.15231, 4
16.21251, 24.5783, 20.64234, 96.34753, 174.5758, 45.2939, 5.881333, 90.18941, 56.00235, 15.62141, 29.71661, 32.17848, 171.295, 175.3453, 43.08839, 14.286, 101.585, 40.12739, 4
15.86379, 24.59915, 20.78296, 90.58153, 175.0659, 45.41148, 5.685651, 84.58384, 61.35877, 15.99751, 28.62567, 31.22924, 172.2567, 175.2438, 43.67982, 14.30563, 104.2319, 38.06408, 4
15.93083, 24.9101, 21.29778, 92.04693, 174.4632, 45.38803, 5.245831, 85.40579, 60.37662, 15.23777, 28.45436, 30.8081, 172.3614, 175.0022, 43.09756, 14.0866, 100.0477, 41.45788, 4
16.34622, 25.09475, 21.2363, 85.29789, 175.0483, 46.07481, 5.564684, 78.93571, 66.68439, 14.57764, 28.51114, 30.37293, 171.9051, 175.0261, 42.61886, 14.05409, 96.83156, 44.86301, 4
18.10966, 25.24848, 21.65523, 89.75973, 175.368, 46.90651, 5.876064, 82.94037, 62.48783, 16.95206, 31.49392, 30.55827, 163.952, 175.5102, 41.36234, 14.06383, 115.7263, 27.67057, 4
18.14384, 25.35268, 21.92136, 91.14794, 175.8719, 47.09061, 6.039846, 84.24182, 60.93546, 23.85474, 38.52549, 31.35106, 161.3938, 175.5622, 40.88989, 14.13808, 125.2009, 20.11147, 4
16.81591, 25.21924, 21.77362, 69.62073, 175.957, 46.7036, 5.470419, 62.87931, 80.85729, 18.79744, 40.68344, 32.09778, 163.122, 175.0841, 42.05622, 14.60141, 125.648, 19.94492, 4
15.54796, 25.78979, 23.68908, 55.51017, 175.3093, 45.73592, 5.91354, 48.54611, 95.41382, 16.79232, 39.34595, 32.19265, 161.5094, 175.2563, 41.85222, 14.06067, 120.5776, 23.41398, 4
16.44583, 25.73399, 21.74418, 78.38371, 174.9282, 46.20483, 5.140299, 71.44527, 73.115, 17.79114, 38.78871, 31.23374, 159.0934, 175.2578, 41.44249, 14.27503, 116.632, 27.12866, 4
16.32287, 25.70166, 21.56836, 83.44401, 175.0796, 46.15284, 5.29624, 76.63521, 68.02308, 17.90137, 41.35678, 31.54771, 159.9843, 174.8286, 40.65299, 14.71634, 125.493, 20.07537, 4
17.23538, 26.04415, 21.75787, 76.76913, 175.1527, 47.00918, 5.318392, 69.65415, 75.09391, 17.71727, 39.62788, 31.51137, 159.1235, 175.066, 41.08867, 14.65668, 125.1302, 19.76021, 4
17.99016, 25.74623, 21.83095, 89.92719, 175.2421, 46.97177, 5.355622, 82.88002, 62.6659, 18.81681, 37.64525, 31.46926, 161.2283, 174.7029, 41.48008, 14.76956, 122.2766, 21.5944, 4
15.02683, 25.4463, 21.35809, 58.26626, 175.3102, 45.84169, 4.904326, 51.72865, 92.06278, 17.55653, 37.18826, 32.07492, 162.6672, 174.6288, 40.62337, 15.0807, 121.9702, 21.68585, 4
13.71851, 25.56273, 20.3129, 64.47501, 174.9019, 44.98897, 5.27169, 58.68927, 86.53716, 16.93099, 39.05733, 32.11611, 162.4837, 174.5557, 40.11156, 15.09667, 121.7387, 21.70866, 4
13.30723, 25.99553, 21.50466, 70.96494, 175.7259, 45.17043, 5.160689, 64.94615, 79.20267, 22.54139, 36.17577, 30.77661, 157.5414, 174.6091, 41.91744, 14.66763, 112.0447, 29.43673, 4
13.72513, 25.9218, 22.40027, 85.36445, 174.7776, 45.45911, 4.070204, 78.59586, 67.28506, 25.10411, 33.83892, 32.4127, 162.4349, 174.0294, 42.02065, 14.28658, 112.7546, 28.06739, 4
14.52712, 25.96784, 21.94331, 83.40408, 175.0795, 45.98905, 4.671854, 76.8709, 68.99534, 24.52862, 36.09657, 34.45953, 171.4725, 174.6896, 42.09798, 14.35137, 104.6254, 35.07593, 4
15.00636, 25.55601, 22.13048, 105.3287, 176.302, 45.22033, 6.073605, 98.89767, 46.53586, 19.11056, 36.2666, 34.26356, 172.8843, 174.8807, 43.71291, 14.52006, 98.48716, 40.09581, 4
13.02268, 24.35021, 16.99833, 164.6698, 173.7958, 41.17263, 7.712052, 127.1054, 23.31622, 16.84569, 32.90327, 34.32692, 175.5534, 175.526, 45.33941, 14.21437, 77.48855, 59.55053, 4
18.03215, 20.75922, 23.23453, 28.59005, 175.739, 48.89973, 4.911312, 4.434647, 134.6053, 16.80652, 30.70733, 34.57758, 178.1663, 174.9381, 44.57587, 13.97812, 75.86498, 60.28728, 4
19.86467, 18.39046, 24.16107, 31.75537, 176.1123, 50.9278, 7.583047, 5.655686, 134.0288, 18.28303, 30.10937, 34.84058, 175.308, 173.866, 43.63832, 14.21386, 93.43953, 43.14728, 4
20.14433, 19.54616, 25.0614, 32.10395, 175.9829, 50.5565, 7.268684, 5.979862, 134.5864, 18.04227, 29.57956, 33.99633, 174.8225, 174.5001, 43.10185, 13.88881, 103.9957, 34.12315, 4
21.38648, 20.544, 26.73932, 64.59663, 175.1606, 50.99487, 8.910458, 52.9886, 87.04223, 18.32504, 29.32662, 33.87699, 174.9855, 174.6867, 43.71039, 14.12032, 109.2168, 29.95067, 4
20.67358, 21.50403, 26.34573, 156.0895, 177.1661, 45.90277, 10.7255, 98.23891, 42.54923, 18.35384, 28.17253, 33.65302, 173.0225, 174.5488, 44.17391, 14.16799, 111.2586, 28.46119, 4
19.05072, 26.67958, 36.62436, 120.7412, 177.9808, 48.01276, 10.9699, 102.4182, 34.34909, 18.07096, 30.00701, 34.07753, 174.7412, 174.3559, 43.94618, 13.68711, 115.7792, 24.36515, 4
22.36522, 23.11642, 32.16615, 40.35807, 175.4452, 51.55686, 10.94485, 23.53588, 113.1549, 17.54115, 31.53718, 34.77343, 176.4275, 174.2539, 43.98843, 13.56831, 105.2556, 33.25414, 4
22.30737, 22.12868, 29.01418, 55.09632, 176.3664, 50.48417, 9.495852, 40.94189, 97.34579, 18.81337, 29.783, 33.64017, 175.0919, 174.4683, 43.75304, 13.97082, 116.1221, 24.51496, 4
23.27348, 23.01371, 29.96591, 71.80879, 175.2197, 51.75853, 10.10386, 56.91906, 81.58668, 20.37755, 27.11598, 33.38542, 173.3361, 174.0931, 44.7262, 14.49351, 124.0107, 19.0496, 4
15.1189, 23.35064, 29.7768, 135.922, 177.5316, 43.99083, 9.467367, 115.9493, 27.3027, 19.25768, 27.76769, 33.57735, 171.7752, 174.4008, 44.85291, 14.30693, 119.3165, 21.77868, 4
18.06724, 23.50848, 29.71243, 40.40958, 176.8167, 49.87831, 9.354249, 24.78539, 110.9848, 18.22305, 28.00511, 33.5045, 173.5091, 175.0395, 45.11591, 13.74846, 109.9433, 29.58192, 4
19.32555, 22.66583, 28.95447, 35.0265, 176.9117, 50.43582, 7.722656, 5.75551, 132.4601, 18.09926, 28.08643, 33.48957, 175.2274, 175.2921, 44.3568, 13.90085, 111.0178, 29.16084, 4
15.49688, 22.42286, 25.97875, 61.759, 178.5926, 47.02404, 6.683016, 50.40479, 87.03841, 20.35078, 28.5792, 32.77498, 174.076, 174.7935, 43.20735, 14.1896, 120.2602, 21.87413, 4
17.82374, 25.09036, 27.77567, 117.2112, 178.298, 46.15619, 6.910208, 106.0268, 33.50324, 23.27722, 28.90958, 32.65757, 174.114, 174.6397, 41.19701, 14.74189, 124.9515, 18.98507, 4
15.90694, 25.82841, 28.27742, 152.3079, 178.7012, 43.96616, 7.782454, 114.232, 25.57464, 18.3314, 28.21004, 32.81551, 170.9364, 175.0941, 44.53062, 14.06683, 115.09, 25.13932, 4
16.47444, 27.14018, 30.89051, 145.8978, 178.7172, 44.69258, 6.70996, 111.4236, 28.29382, 18.21806, 27.57751, 32.23597, 165.5199, 175.6312, 44.83596, 13.45886, 112.1973, 28.63396, 4
14.06503, 24.84389, 27.66345, 109.5079, 177.095, 46.12163, 5.566128, 96.67141, 46.15234, 18.85606, 27.85308, 32.41411, 164.5943, 174.9531, 44.42691, 13.43656, 113.4687, 27.0848, 4
15.63561, 25.91546, 28.8345, 78.63126, 176.7103, 47.24368, 5.694916, 65.44262, 72.72507, 18.81988, 28.04826, 32.01198, 168.0735, 175.2564, 43.94363, 14.2984, 112.087, 28.25008, 4
15.64588, 26.34355, 29.06914, 108.3938, 176.5771, 46.24378, 5.957497, 95.18604, 45.68272, 18.66271, 28.34374, 32.35468, 173.9628, 174.9656, 43.18268, 14.99344, 119.2657, 23.1126, 4
15.51442, 26.4232, 29.02128, 109.8479, 176.5994, 46.0981, 5.975337, 96.74321, 44.12471, 19.77196, 27.93799, 32.34462, 172.0948, 174.3238, 43.74586, 14.72583, 119.8453, 22.32527, 4
13.46545, 25.59889, 27.82223, 110.7553, 176.9065, 44.87057, 5.768165, 98.0705, 43.06073, 21.90882, 28.32005, 31.87631, 172.8256, 174.1306, 42.92592, 14.85073, 124.4442, 19.7291, 4
14.2597, 25.88926, 28.17194, 104.4471, 176.6295, 45.82866, 5.448235, 91.53254, 49.27203, 21.42771, 28.12375, 32.03014, 169.4203, 174.2289, 43.4165, 14.79706, 121.3687, 20.89514, 4
16.05492, 26.36724, 28.73713, 98.53871, 175.9524, 46.92159, 5.560562, 85.39043, 55.31866, 17.82544, 28.32824, 32.29718, 167.9176, 175.3577, 44.00877, 14.20913, 108.4613, 32.00756, 4
15.84244, 26.39955, 28.38998, 102.2666, 176.2117, 46.52269, 5.455712, 89.61409, 51.51488, 17.7152, 29.61076, 31.47833, 168.3468, 174.6804, 43.10093, 14.75159, 103.4657, 36.49559, 4
14.84657, 25.84843, 27.01693, 97.66353, 176.7628, 46.20436, 4.877649, 86.15482, 55.50896, 17.29921, 29.97932, 31.1163, 165.51, 174.5232, 42.98354, 15.09273, 111.3963, 29.02715, 4
13.81382, 24.20307, 24.07563, 110.0414, 177.7739, 43.12728, 6.037119, 101.9611, 40.37407, 18.22142, 30.1554, 32.53482, 168.2988, 174.4264, 43.20863, 14.74843, 111.9519, 27.74026, 4
14.13498, 24.89777, 23.61244, 148.106, 178.6371, 40.60624, 8.023799, 116.5085, 26.2636, 17.75351, 30.34422, 32.51374, 168.9563, 174.556, 42.78091, 14.5554, 111.215, 28.65952, 4
15.8803, 23.60005, 24.56975, 161.9357, 177.6246, 39.56757, 8.584648, 130.0018, 15.6402, 16.76863, 31.14161, 31.57122, 161.9897, 174.7225, 42.45977, 14.91507, 118.3498, 23.62463, 4
18.48122, 24.68309, 23.61426, 148.4064, 178.1808, 41.21922, 8.950432, 117.967, 24.77339, 16.87514, 32.61416, 31.34637, 162.2255, 174.9123, 41.79898, 14.73079, 121.5345, 21.51812, 4
15.97533, 24.77089, 23.32581, 147.0337, 177.2282, 40.66942, 8.606606, 117.7018, 25.80848, 17.59979, 29.95351, 32.29534, 166.9164, 173.5497, 41.92906, 14.80759, 117.8465, 23.15416, 4
16.3568, 22.86666, 22.44292, 150.8205, 175.9289, 42.65886, 8.016186, 106.1186, 38.97171, 17.94005, 27.95148, 32.08086, 172.8747, 173.426, 42.79292, 14.92133, 115.6508, 24.79703, 4
16.02537, 22.6133, 22.34509, 160.1769, 175.8823, 42.90449, 7.597578, 96.63228, 47.95091, 17.82187, 28.49206, 32.56443, 174.0377, 173.5471, 42.84821, 15.0269, 116.9686, 23.29675, 4
15.47693, 22.90384, 22.52414, 160.2332, 175.7424, 42.81102, 7.264013, 96.48129, 48.00291, 17.68153, 29.75079, 32.28194, 171.9552, 173.888, 42.65252, 14.30697, 115.6745, 24.40405, 4
16.71443, 22.55612, 22.55059, 161.6453, 175.3005, 43.69081, 7.282921, 94.96631, 49.59887, 16.80431, 30.07505, 31.76577, 170.9455, 174.111, 42.30288, 14.17843, 108.0915, 30.61425, 4
17.41281, 22.14519, 22.68103, 122.0016, 175.2441, 44.20466, 7.433659, 114.1549, 30.81728, 17.45332, 29.84435, 31.30234, 168.3252, 173.8504, 41.82603, 14.40307, 112.6312, 26.76369, 4
17.91626, 22.29745, 23.5931, 121.448, 175.0494, 45.03004, 7.279418, 112.9901, 31.47822, 15.53676, 30.22757, 31.27399, 171.3174, 173.9203, 41.49268, 14.68345, 107.5621, 30.26017, 4
17.34267, 22.28011, 23.19978, 118.1727, 175.7771, 44.79862, 7.131491, 110.1233, 33.97888, 14.54875, 30.60788, 32.84149, 177.8062, 174.4782, 41.86614, 13.64558, 74.83473, 60.86648, 4
16.94911, 22.59425, 22.46776, 115.8123, 176.1298, 44.70343, 6.911627, 108.1443, 35.83061, 16.46502, 29.82542, 33.62016, 170.7482, 173.1258, 41.83248, 13.43073, 96.29006, 39.93343, 4
16.46217, 23.07617, 22.40329, 114.1493, 176.5262, 44.40966, 6.708586, 99.78004, 43.65238, 16.39582, 29.43919, 32.92036, 171.5262, 173.5222, 41.34643, 13.88962, 105.8897, 31.32659, 4
16.8134, 23.20494, 22.41417, 169.3933, 176.5735, 44.36531, 6.832251, 86.96369, 56.1084, 17.58969, 29.15147, 33.05662, 176.123, 173.9639, 41.47355, 14.18307, 115.8791, 24.22385, 4
16.98278, 23.04795, 22.45397, 162.5355, 178.0726, 44.14616, 6.694685, 86.30421, 55.10711, 17.94567, 28.1952, 32.18594, 176.4035, 174.0655, 41.48991, 14.2066, 116.5557, 24.17691, 4
17.64286, 23.16781, 22.42368, 112.3674, 177.6999, 44.17658, 6.596358, 105.4526, 36.06229, 19.17604, 27.39995, 31.85361, 175.1925, 174.0031, 42.25698, 14.42538, 117.9793, 23.24422, 4
18.7739, 22.89289, 22.22205, 114.5192, 177.3534, 44.71998, 6.979772, 107.5994, 34.01183, 18.59717, 27.05678, 32.72069, 176.0688, 172.9722, 42.01189, 14.67043, 114.6297, 24.95416, 4
19.87391, 22.33709, 23.37196, 90.2263, 176.3596, 47.8812, 6.180695, 81.72224, 59.77971, 19.24537, 27.44987, 32.61594, 175.8929, 172.5509, 42.23861, 14.27851, 102.885, 34.80369, 4
17.88018, 22.38269, 22.42183, 63.61713, 176.4587, 46.83244, 5.669461, 55.75706, 86.31583, 19.25064, 27.37618, 32.08397, 176.1995, 172.7672, 41.71164, 13.8799, 83.56176, 51.73437, 4
20.51952, 20.60568, 23.75728, 94.09243, 176.1331, 47.02862, 7.073488, 86.07152, 56.8876, 17.69085, 28.26239, 33.05857, 177.1064, 172.8362, 41.07692, 13.39864, 87.17662, 47.67055, 4
19.96502, 20.81325, 24.27684, 93.85478, 175.5946, 46.89705, 7.203232, 85.66027, 58.57029, 15.88634, 29.08838, 32.94102, 176.283, 173.1305, 40.37848, 13.57282, 99.76294, 36.90198, 4
17.40261, 21.78318, 23.45921, 86.20724, 176.1747, 46.26436, 6.582877, 77.89206, 65.49969, 16.38263, 29.04603, 33.03392, 177.6, 174.136, 40.62119, 13.68901, 112.0856, 27.62449, 4
17.29079, 22.32581, 22.89687, 88.47418, 176.1735, 46.13149, 6.313233, 80.22179, 62.68532, 17.47017, 29.47174, 34.22932, 175.75, 173.0979, 41.40961, 13.9566, 83.73168, 50.83868, 4
18.24652, 22.22024, 24.852, 67.92475, 177.5842, 46.83006, 6.233286, 59.3633, 81.12012, 16.03632, 29.02941, 34.05094, 176.4333, 173.4406, 41.27403, 14.02592, 76.21197, 57.68757, 4
15.75861, 24.2576, 22.34709, 82.38223, 177.7621, 44.68235, 6.246263, 74.89397, 66.21119, 15.93887, 29.39374, 34.31241, 178.7184, 173.7355, 41.43671, 14.1993, 73.7502, 59.55559, 4
17.22792, 24.54441, 24.52373, 168.4993, 176.1046, 44.94849, 7.056162, 88.17064, 54.99244, 16.08426, 29.18136, 35.13665, 176.319, 174.2836, 41.36556, 14.96788, 74.6893, 58.58735, 4
17.29141, 24.41913, 24.88441, 164.0304, 175.5361, 45.33014, 6.722779, 92.26805, 51.34271, 17.27081, 28.35868, 33.77463, 177.3824, 174.8122, 41.29759, 14.84972, 93.94032, 42.19614, 4
16.92757, 24.661, 25.09569, 112.7831, 176.6542, 44.99652, 7.099261, 104.9118, 38.4524, 17.86616, 29.26191, 33.08496, 176.9971, 175.6994, 41.70889, 13.4481, 112.8756, 28.33729, 4
18.0724, 23.87976, 25.44632, 106.5703, 177.6759, 45.41752, 7.575643, 98.95189, 43.69247, 19.43306, 28.57811, 32.37199, 174.395, 176.7736, 42.01881, 12.94209, 109.9528, 31.07551, 4
18.60415, 21.92905, 28.47376, 135.8189, 175.4463, 43.8704, 9.054318, 121.6272, 23.72491, 17.91842, 27.72186, 33.02947, 173.7517, 177.2329, 41.93311, 11.7023, 91.19897, 47.47502, 4
15.76924, 25.68048, 27.19802, 94.00492, 176.747, 44.81691, 6.168312, 85.09778, 57.29319, 17.39713, 26.60514, 32.73449, 171.6535, 177.4089, 41.67936, 11.78184, 83.88098, 55.10622, 4
15.54556, 25.71406, 26.18074, 111.95, 175.5531, 45.46309, 5.529566, 102.4511, 41.8907, 18.19226, 26.52782, 32.37492, 171.7074, 177.0959, 41.66191, 12.04086, 90.79791, 48.76013, 4
16.03661, 25.28209, 26.31133, 114.0737, 175.5533, 45.09907, 6.276198, 105.1741, 39.59856, 17.85971, 26.95887, 32.55077, 172.6567, 176.8608, 41.60658, 11.94068, 93.12833, 46.44203, 4
16.70186, 25.01979, 26.55955, 171.1248, 175.9613, 44.58176, 6.990695, 84.72736, 58.59834, 18.19678, 28.06472, 34.29016, 166.6518, 176.5626, 41.85751, 11.97683, 84.25359, 53.68778, 4
16.55128, 25.03027, 26.42162, 111.9863, 175.8879, 44.90461, 6.871639, 103.1931, 40.72227, 17.78099, 27.20918, 34.47652, 174.1043, 176.9079, 41.64857, 13.66748, 92.20457, 46.21356, 4
16.43447, 25.04089, 22.98391, 99.51015, 176.8599, 45.80819, 5.444601, 90.86137, 51.74245, 17.98991, 27.79634, 34.21067, 174.6558, 176.9622, 41.72201, 13.44555, 98.50272, 40.56413, 4
17.15032, 24.53032, 23.45205, 97.23367, 176.2943, 46.00375, 5.914766, 88.61356, 54.52088, 17.18386, 28.40696, 34.04344, 173.7816, 176.8338, 41.28378, 13.20732, 97.4502, 41.19725, 4
17.93857, 23.85974, 24.83073, 112.3869, 176.1221, 45.52664, 6.660617, 104.2884, 39.99183, 17.09262, 28.54149, 33.27604, 173.8172, 176.6567, 40.82171, 13.26297, 100.8938, 38.31191, 4
17.57998, 24.7224, 27.7024, 108.1462, 175.7184, 45.90316, 6.645968, 99.10162, 44.56329, 17.28062, 28.31836, 33.07098, 174.4803, 176.8106, 40.68038, 12.26498, 100.01, 38.75311, 4
17.38086, 25.36114, 27.38707, 112.201, 175.7996, 45.60553, 6.324093, 103.1805, 40.58953, 17.0661, 28.25834, 33.49229, 174.288, 176.9921, 40.78374, 11.87164, 95.19067, 43.10991, 4
17.77973, 24.76188, 27.65077, 117.0068, 175.4211, 45.51398, 6.585736, 107.8599, 36.27057, 16.97223, 28.27855, 33.20267, 175.4415, 176.9102, 40.50145, 12.56607, 94.00858, 44.92897, 4
17.84859, 24.08806, 27.12822, 160.6513, 175.1094, 44.98238, 6.4523, 94.67577, 49.03432, 16.73187, 28.17782, 33.18957, 175.5878, 177.0946, 40.29864, 12.89915, 92.33413, 45.94398, 4
16.51888, 23.47045, 23.78832, 72.50044, 176.5977, 46.7078, 5.00852, 63.40473, 77.31017, 16.57372, 28.16649, 33.33034, 176.8003, 177.001, 40.40724, 13.0233, 91.44849, 46.84406, 4
16.7432, 23.35823, 25.83333, 81.3863, 176.12, 46.34541, 5.932933, 72.38161, 69.54267, 16.68602, 27.19428, 32.7631, 176.6167, 176.8591, 40.26935, 13.77477, 94.11808, 44.3919, 4
17.43059, 24.51326, 26.78807, 88.45737, 176.1357, 46.63432, 6.210536, 79.13541, 63.08189, 16.42758, 27.81382, 32.94715, 175.1505, 176.4999, 40.28641, 14.41051, 106.5832, 33.95467, 4
17.10791, 25.28024, 27.61281, 86.81776, 176.6156, 46.33063, 6.098536, 77.56474, 63.48659, 16.70404, 27.4786, 32.81504, 176.5307, 176.7558, 40.4933, 14.25736, 106.1183, 34.48349, 4
16.32377, 23.70733, 26.37509, 97.78123, 175.8952, 45.92772, 5.767315, 89.08149, 54.44858, 16.74224, 28.37783, 33.35782, 176.842, 176.8577, 40.52832, 13.52886, 102.4989, 36.77283, 4
16.91365, 24.44551, 27.63946, 119.4489, 175.0419, 46.18911, 6.033092, 109.675, 35.53832, 17.23202, 29.37852, 34.3057, 176.2903, 176.2612, 40.54903, 13.23875, 97.06306, 40.59881, 4
15.45566, 26.31211, 29.19615, 106.5859, 175.8114, 45.50745, 5.439884, 96.2563, 46.8662, 17.02037, 27.25024, 34.16901, 172.4147, 175.6852, 40.62489, 13.31912, 73.64435, 61.09209, 4
13.19356, 26.97071, 26.34987, 89.14979, 176.3799, 45.28171, 4.03585, 78.4048, 62.81646, 16.74415, 26.49864, 32.12251, 161.3319, 176.3826, 39.99892, 12.29799, 78.22142, 59.81789, 4
13.59988, 27.7807, 26.17814, 68.4884, 177.6123, 45.45571, 3.505819, 57.87106, 80.46133, 16.84539, 26.55454, 31.84751, 165.1708, 176.361, 39.90284, 12.36552, 79.33551, 58.65379, 4
13.39524, 28.11822, 28.03552, 104.6705, 175.3957, 44.55212, 4.889042, 94.72855, 49.50193, 17.64389, 26.50413, 31.63255, 170.1429, 176.3318, 40.12769, 12.35609, 83.8332, 54.2854, 4
13.92158, 27.23402, 28.33905, 103.8475, 175.601, 44.61139, 4.817515, 93.62297, 49.2112, 17.66324, 26.64439, 31.13918, 173.0999, 175.7912, 40.17187, 12.12558, 89.67603, 48.96692, 4
13.91719, 27.13367, 27.58754, 98.80692, 175.5439, 44.65794, 4.795138, 88.98249, 54.3396, 18.34729, 26.23155, 31.2232, 169.6028, 176.0869, 40.99161, 12.22502, 87.93115, 50.62585, 4
13.87207, 26.4859, 24.38205, 82.92744, 176.9635, 45.21662, 3.619851, 73.47544, 67.5493, 19.08531, 26.50611, 31.9772, 166.366, 176.4822, 41.44708, 12.17987, 84.9977, 53.2944, 4
14.5111, 25.11113, 26.85023, 94.50181, 175.2211, 45.12181, 4.682158, 85.16211, 58.1489, 19.21341, 26.88721, 32.19168, 166.9254, 176.4043, 41.42346, 11.96589, 83.20522, 54.65427, 4
13.50807, 27.22525, 24.50229, 77.23104, 176.7486, 45.31735, 3.490652, 68.02242, 72.93269, 18.93019, 26.43734, 32.8842, 166.4881, 175.4026, 41.33236, 13.06198, 75.63165, 60.75362, 4
13.51885, 26.87821, 24.77401, 64.67404, 177.1371, 45.4901, 3.354213, 55.19483, 84.84227, 17.65798, 26.20563, 32.14985, 176.6261, 175.6713, 39.92188, 13.30288, 87.87711, 49.69927, 4
15.20624, 25.57001, 24.96145, 87.0528, 176.4752, 45.96808, 3.879391, 77.71212, 64.07364, 16.53616, 27.15436, 32.56624, 175.1649, 175.7597, 40.19271, 12.55357, 82.60044, 54.92004, 4
14.95743, 26.49861, 25.30349, 90.88969, 175.6392, 46.14394, 3.810639, 80.79945, 61.45491, 16.87738, 27.4643, 31.63529, 175.9482, 176.0065, 40.32937, 12.62093, 85.28522, 53.40015, 4
16.88519, 23.59691, 23.69375, 96.19495, 176.4598, 44.99527, 4.85123, 88.41834, 54.5312, 16.65641, 27.01432, 32.06997, 174.0386, 175.9085, 40.20973, 12.49309, 78.46733, 58.75246, 4
15.31741, 26.18344, 25.01324, 91.42091, 176.6174, 45.79614, 3.779423, 82.06227, 59.60511, 16.26303, 26.91338, 32.53634, 173.9134, 175.8117, 40.18476, 12.68036, 77.07808, 59.44685, 4
14.09935, 28.95412, 26.07944, 79.73547, 176.5755, 45.97808, 3.358529, 69.21095, 71.14866, 16.26042, 27.07758, 32.09812, 175.2563, 175.2271, 39.92067, 12.88335, 80.96851, 56.09097, 4
14.51799, 27.46026, 24.98344, 79.64572, 176.0818, 45.99767, 3.583591, 69.83388, 71.74644, 15.34517, 27.26755, 32.76481, 174.043, 175.291, 40.0092, 12.64564, 76.76292, 59.54956, 4
14.36298, 27.05569, 24.49743, 91.90328, 175.6179, 45.36783, 3.945211, 82.61655, 59.95896, 15.99397, 27.88919, 33.84982, 175.7386, 176.7518, 40.20377, 12.96359, 96.57655, 41.20342, 4
14.14676, 26.29898, 23.88826, 99.04572, 175.9104, 44.46529, 4.180623, 90.63945, 51.78223, 16.96023, 27.69805, 35.80759, 176.5148, 176.119, 42.12046, 13.19975, 89.88261, 44.89116, 4
14.87122, 27.24017, 24.30166, 106.1819, 175.3909, 44.80336, 4.65219, 97.14771, 45.57131, 16.69326, 27.65151, 37.93695, 178.4259, 175.802, 42.08659, 13.06536, 85.15555, 49.25212, 4
15.27144, 26.7807, 23.73652, 110.4589, 175.6329, 44.78136, 4.807094, 101.8108, 41.50321, 17.5209, 27.38969, 37.20355, 176.2622, 175.1197, 42.60378, 12.65814, 81.41919, 53.04807, 4
15.19682, 24.85164, 24.3205, 96.08966, 176.4927, 44.40619, 4.494706, 87.77725, 53.68023, 17.97716, 25.78544, 34.09229, 165.7064, 173.4314, 42.41924, 12.13716, 69.1226, 65.95763, 4
18.25274, 21.93239, 26.42052, 154.8203, 175.153, 42.55898, 7.606225, 102.7992, 42.59456, 17.98516, 25.24901, 33.51832, 164.8986, 172.4975, 41.48411, 12.12166, 62.75946, 71.07058, 4
17.98258, 24.0141, 27.74716, 144.4328, 174.9178, 42.19789, 7.049598, 119.4375, 26.98517, 17.65917, 25.54345, 33.64629, 166.4762, 172.9402, 41.86132, 12.03575, 64.88505, 69.51996, 4
18.18876, 23.74242, 27.98664, 159.5329, 174.4297, 41.79676, 7.011848, 125.6476, 20.77235, 17.95075, 25.58661, 33.64799, 166.4618, 172.7985, 41.74193, 11.78427, 64.2409, 69.27489, 4
18.70177, 24.65178, 29.87846, 153.3202, 174.0369, 42.16847, 7.205955, 124.2439, 21.30848, 18.64975, 26.21233, 32.75985, 154.4097, 172.8711, 42.39014, 11.42606, 56.00122, 78.73651, 4
17.55887, 24.07229, 30.1363, 160.8737, 173.5756, 41.19894, 7.565793, 133.1458, 14.6139, 18.99206, 25.72788, 32.64246, 163.8773, 173.2482, 42.12431, 11.92392, 58.43813, 75.75076, 4
16.80912, 24.68764, 30.3665, 162.1035, 173.7899, 40.27275, 7.45293, 132.6031, 14.44793, 18.15889, 25.62872, 32.3192, 163.1019, 172.6109, 41.95179, 11.83889, 59.80177, 74.81733, 4
17.59254, 24.82775, 30.95143, 163.353, 173.6574, 40.58501, 7.229385, 131.3921, 14.2069, 17.79389, 26.62492, 32.48469, 160.8833, 173.1825, 41.74005, 11.54204, 58.89441, 76.00034, 4
17.62389, 25.33786, 31.83009, 163.1213, 173.7297, 40.91811, 7.455957, 131.8748, 13.88549, 18.06717, 26.2638, 32.77002, 159.1932, 173.2173, 42.02569, 11.90004, 57.83431, 77.00738, 4
16.59419, 26.27903, 31.60591, 160.4044, 174.3392, 41.67717, 6.7245, 126.2227, 17.40274, 17.81121, 25.58053, 32.25436, 159.0564, 172.6445, 41.64125, 12.02646, 53.35106, 81.09921, 4
17.40476, 26.20679, 32.34373, 161.9772, 173.3808, 42.64199, 6.464202, 125.3599, 17.64852, 18.02862, 25.28792, 32.29195, 159.0884, 172.4833, 41.55732, 12.1286, 57.32645, 77.13457, 4
17.3526, 26.30715, 31.67482, 160.5319, 173.6475, 42.68142, 6.395772, 125.9661, 17.56423, 17.94545, 25.46646, 31.83684, 160.9736, 173.644, 41.6579, 12.4363, 58.80734, 76.59619, 4
17.63572, 25.55817, 31.29627, 160.1249, 173.7757, 42.47237, 6.817624, 126.6628, 17.33357, 18.46616, 26.21023, 31.99873, 162.2368, 175.0519, 41.71851, 12.18225, 59.59217, 76.4485, 4
16.36133, 26.11028, 31.38609, 161.5054, 173.8584, 42.52086, 6.321116, 124.8973, 18.15919, 18.61547, 26.3567, 32.13602, 163.7115, 175.1437, 41.68264, 12.11481, 60.6372, 75.08601, 4
17.32402, 25.62379, 31.49191, 164.5104, 173.7962, 42.37176, 6.467205, 126.2346, 16.75203, 17.17945, 26.36138, 32.0921, 161.0043, 174.4344, 41.63534, 11.79991, 56.40707, 78.75201, 4
17.13668, 25.67445, 31.5615, 161.6178, 173.1896, 42.29001, 6.780353, 128.3245, 16.09037, 16.75678, 26.36234, 31.81407, 159.186, 173.8431, 41.35252, 11.62191, 52.80543, 82.38628, 4
15.93117, 26.40988, 32.13795, 159.5519, 173.6836, 42.7619, 6.44202, 125.1184, 18.1197, 16.78081, 25.56192, 31.64905, 155.0951, 175.0606, 41.34118, 12.34879, 53.95734, 82.42994, 4
17.49587, 25.34445, 31.4947, 161.092, 173.7002, 42.56779, 6.74503, 126.8959, 16.84167, 16.78263, 26.0247, 31.69271, 157.8938, 175.2406, 41.23924, 12.13434, 58.17099, 78.10315, 4
19.15053, 26.50321, 31.76532, 163.4669, 173.8117, 43.24604, 6.222173, 126.7189, 16.56886, 17.05757, 26.07105, 31.71211, 159.7891, 175.1813, 41.5835, 11.87639, 60.24541, 76.06875, 4
18.90198, 25.85523, 32.00115, 162.8396, 173.4784, 42.88157, 6.615594, 129.0538, 14.85876, 16.74792, 25.90396, 31.61328, 157.7738, 174.7693, 41.35989, 11.94605, 51.32204, 84.61218, 4
18.32808, 25.16146, 32.17678, 161.5088, 173.2081, 42.73642, 7.024259, 129.1349, 15.00358, 18.10621, 25.24216, 30.83323, 160.5607, 174.6352, 41.2399, 12.66257, 72.07837, 64.73025, 4
18.82741, 27.04108, 31.16981, 159.7597, 173.491, 43.99142, 5.820091, 124.5807, 19.38304, 19.15461, 25.70346, 31.73745, 172.2878, 174.472, 41.64903, 12.82115, 83.34587, 53.33539, 4
18.71639, 27.23199, 25.29914, 175.8904, 175.1733, 44.81504, 4.856235, 127.7314, 19.38744, 19.03414, 25.58882, 32.44173, 176.1388, 176.0515, 41.93505, 12.35074, 94.25968, 44.70002, 4
16.88035, 26.08969, 22.97315, 166.3137, 175.3403, 44.6702, 3.566778, 122.0322, 22.14972, 17.28819, 26.46956, 32.21868, 175.1677, 177.5089, 41.82561, 10.83881, 87.19437, 51.67355, 4
15.8477, 25.22237, 24.54403, 28.57556, 175.185, 46.93713, 2.194726, 13.14091, 125.7341, 17.43145, 26.00549, 32.0511, 164.417, 176.9579, 42.29998, 10.67276, 65.52702, 72.94721, 4
14.96681, 23.66312, 23.38886, 26.08809, 175.3474, 46.98878, 2.323468, 13.15486, 125.1284, 16.95008, 25.71955, 31.70218, 163.1142, 177.0158, 42.18785, 10.70784, 60.74957, 77.69, 4
15.8863, 22.79054, 22.67323, 31.76848, 175.4808, 47.74048, 2.591707, 9.786812, 129.192, 17.81045, 25.23798, 31.17196, 159.7206, 176.5275, 42.644, 10.79184, 55.70177, 82.62917, 4
17.52511, 21.90325, 24.39857, 16.52435, 174.0158, 47.36501, 3.602718, 7.862846, 133.1994, 18.25719, 25.12466, 31.56446, 162.8757, 176.7329, 42.62172, 10.99012, 64.81155, 73.29598, 4
17.87883, 21.91732, 24.63795, 17.16583, 175.3279, 47.55407, 3.500901, 8.327537, 130.9671, 18.75632, 24.27471, 31.45975, 159.3433, 175.8467, 42.01873, 11.42048, 70.01582, 68.1978, 4
16.51405, 22.56313, 23.03981, 17.92963, 175.6589, 47.29874, 2.763713, 9.393667, 130.3669, 19.14497, 22.82484, 30.8426, 134.9312, 175.4588, 41.55518, 11.70977, 47.57022, 89.64018, 4
16.13773, 22.51518, 22.28398, 31.18075, 176.3971, 46.86866, 2.783544, 8.193931, 131.8119, 19.37487, 22.49861, 30.98893, 139.2124, 175.8539, 41.64782, 12.15486, 51.29552, 86.2941, 4
16.7462, 22.61437, 22.47162, 39.97528, 176.7376, 47.41864, 2.7827, 8.632059, 130.7436, 19.15489, 23.48028, 31.18877, 161.5341, 176.0186, 41.74502, 11.92466, 68.35489, 69.82495, 4
16.44888, 22.4722, 22.61385, 36.97861, 176.5449, 47.27867, 2.894012, 7.254472, 133.0616, 19.28812, 23.68081, 31.13628, 158.5596, 176.0201, 41.98144, 11.81291, 68.95089, 69.07843, 4
17.66406, 22.34036, 22.18407, 27.00835, 176.6382, 48.07306, 3.599619, 17.97361, 122.7538, 18.98253, 24.0458, 32.31712, 162.1963, 176.0367, 42.09404, 11.97905, 71.64762, 65.51833, 4
17.32906, 23.55947, 33.05516, 120.3277, 176.3693, 46.30889, 11.34896, 106.6879, 29.57991, 18.80941, 23.49304, 31.30957, 131.9277, 175.2663, 41.29752, 11.47913, 49.27824, 87.92461, 4
20.54015, 25.29186, 37.85487, 167.749, 176.1917, 49.26487, 13.71751, 77.07977, 54.01059, 18.42607, 23.23822, 30.43634, 134.3089, 175.3358, 40.89777, 11.67958, 54.83611, 82.60731, 4
20.25824, 24.3063, 34.98409, 78.30798, 179.0144, 50.44783, 13.04807, 60.04723, 73.51032, 18.14784, 23.29411, 30.70146, 137.762, 176.0003, 40.75305, 11.8508, 58.62854, 78.52937, 4
19.72155, 23.50484, 30.34494, 41.18158, 179.1607, 50.35008, 10.27793, 27.2239, 105.9748, 17.45916, 23.06841, 30.49278, 162.5048, 176.1581, 40.22941, 12.07444, 82.84417, 55.57221, 4
19.80113, 23.36056, 32.01929, 38.44335, 179.3996, 50.54305, 11.04156, 23.86976, 108.8132, 17.76269, 22.92702, 29.93802, 172.146, 176.5835, 40.13245, 12.15845, 103.4517, 37.47312, 4
19.59392, 23.19821, 34.95404, 87.24702, 178.059, 47.53568, 10.03689, 73.40919, 62.28698, 17.92254, 23.0298, 30.34945, 175.5522, 176.2305, 40.47275, 11.96294, 95.04791, 45.03412, 4
17.40537, 22.97794, 39.83044, 165.1635, 176.8518, 46.11368, 12.9098, 124.1487, 16.41982, 17.68645, 23.85998, 30.86833, 155.4056, 176.0275, 41.36673, 11.08491, 60.75935, 76.59342, 4
19.00623, 28.24463, 41.82784, 158.934, 178.4647, 50.23033, 13.83327, 81.94499, 49.32883, 18.20992, 22.8285, 30.09881, 134.6783, 175.2126, 40.9435, 12.02021, 50.46912, 87.03931, 4
19.36088, 26.59518, 36.126, 67.31821, 178.5261, 49.06363, 12.5459, 47.50893, 84.41975, 18.46866, 22.55778, 30.02079, 139.7616, 176.0365, 40.84573, 12.40775, 58.17155, 79.93162, 4
18.29934, 25.07505, 31.95403, 40.93826, 177.9985, 49.51777, 11.14136, 25.43334, 105.1696, 18.65928, 22.39489, 30.31263, 169.8928, 176.7609, 41.10426, 12.39588, 88.59975, 51.20884, 4
17.63427, 25.84728, 31.62821, 48.40718, 177.1274, 47.43626, 10.20257, 34.68134, 96.57275, 18.48666, 22.97875, 31.12462, 170.6277, 176.9605, 41.03831, 12.42916, 92.3017, 47.67815, 4
16.66224, 27.05979, 36.58215, 78.54607, 177.6748, 47.23008, 10.31156, 60.56786, 71.06722, 17.87517, 23.09757, 30.29826, 172.4606, 175.9705, 40.45707, 12.04261, 90.72584, 48.5081, 4
20.72136, 28.92976, 41.92063, 69.7229, 178.8918, 51.29734, 16.6534, 44.76066, 80.19574, 17.35806, 23.36392, 30.27771, 165.7631, 175.3366, 40.45408, 11.75884, 77.76557, 60.26511, 4
22.00196, 27.87515, 40.32777, 66.44909, 178.963, 50.63439, 14.66602, 43.45702, 83.78146, 17.62046, 24.28364, 31.10764, 140.3372, 175.4776, 41.4283, 11.05305, 50.35332, 85.94055, 4
21.93163, 27.87388, 38.58042, 51.5735, 178.8007, 50.50546, 13.94246, 30.81902, 97.38649, 17.47159, 23.81641, 31.21381, 142.5296, 175.2713, 40.93214, 11.76067, 56.77567, 79.6358, 4
19.29931, 27.18373, 37.25498, 51.89538, 176.8065, 49.10197, 14.23197, 29.57927, 99.59994, 18.80167, 21.92883, 29.93152, 172.1847, 175.9014, 40.58739, 13.05698, 92.18461, 47.88415, 4
18.03623, 23.05246, 29.45704, 67.01289, 175.6916, 44.76014, 8.073142, 58.80212, 74.04036, 18.68514, 22.68627, 30.34858, 160.529, 176.4202, 41.13458, 12.65025, 77.09974, 61.91585, 4
20.59384, 23.97319, 29.91898, 42.7336, 174.0652, 45.89226, 9.798297, 11.70284, 119.1145, 18.76418, 23.28235, 30.63812, 153.9964, 176.3025, 41.03774, 12.51657, 70.92255, 67.17931, 4
20.72377, 23.50981, 29.18535, 39.74163, 176.4262, 47.2257, 8.656735, 14.13183, 118.6524, 18.33966, 23.45028, 31.03919, 155.3516, 176.7811, 41.05371, 12.55991, 72.54211, 65.90765, 4
17.6422, 23.47951, 26.20043, 91.57565, 176.1876, 43.40357, 9.76815, 83.90952, 51.27754, 18.74549, 24.44519, 31.21249, 170.8076, 176.1891, 41.8358, 12.89495, 93.5173, 45.62391, 4
13.33959, 24.47873, 25.83742, 150.6256, 178.6895, 42.81883, 10.49349, 113.2869, 24.9496, 17.39653, 29.11649, 33.53078, 172.7159, 175.7095, 41.69826, 11.92628, 100.3128, 39.21658, 4
17.3961, 28.85363, 41.68705, 167.5375, 175.4781, 48.15358, 15.02991, 109.35, 18.93128, 18.83653, 33.88426, 35.8068, 176.259, 175.4293, 45.33614, 11.70038, 109.9107, 30.16376, 4
15.26135, 26.38909, 38.32874, 160.9027, 176.4304, 48.96578, 13.34682, 85.92524, 42.10476, 19.91505, 33.69622, 34.48282, 175.3889, 174.9075, 42.0887, 14.00069, 129.7953, 17.55421, 4
15.61382, 28.88725, 43.80961, 100.9478, 176.9796, 48.75204, 16.66548, 78.90513, 46.05131, 16.86392, 47.12771, 34.44206, 175.6367, 174.232, 39.92538, 16.03818, 141.0058, 14.68849, 4
13.18169, 25.78014, 38.57567, 38.49631, 174.492, 48.04884, 14.39242, 12.722, 112.4129, 17.06214, 45.97878, 34.93985, 176.8023, 173.1452, 39.97233, 16.79283, 141.5916, 16.0603, 4
12.6189, 26.38901, 37.39079, 33.12568, 168.7549, 48.81327, 13.7678, 17.05315, 104.0983, 14.9173, 45.42993, 32.98513, 175.4816, 172.8828, 41.21852, 15.75272, 141.5103, 13.89879, 4
13.74596, 25.2472, 37.67126, 37.19884, 167.2784, 48.78873, 15.32585, 15.18279, 104.2377, 13.22544, 35.52399, 29.63303, 176.552, 176.2356, 40.29386, 14.10822, 137.5313, 17.6981, 4
12.41803, 25.91143, 36.12031, 34.82797, 165.9469, 47.23815, 13.54293, 13.12892, 106.8102, 14.54352, 33.30578, 36.43267, 158.1761, 175.4496, 39.90507, 12.46013, 133.0265, 12.65495, 4
6.300797, 21.22752, 49.82026, 32.41146, 164.0496, 46.32809, 19.28056, 6.48147, 102.9326, 16.13509, 34.52572, 31.63559, 158.6169, 173.5946, 40.76731, 12.49304, 137.7022, 12.0771, 4
5.610526, 30.03709, 44.4353, 43.13355, 166.4235, 42.60772, 9.422687, 28.11071, 90.41825, 18.22566, 41.36821, 34.24641, 171.4913, 174.177, 42.91208, 15.26529, 140.8905, 16.71093, 4
1.141582, 22.18122, 34.76881, 59.73815, 168.0643, 40.74158, 25.32612, 39.35515, 75.32088, 14.70126, 39.41244, 38.26258, 169.9897, 175.0552, 40.13661, 13.88342, 127.4369, 24.57777, 4
6.347087, 13.65665, 35.33813, 51.85767, 168.8437, 41.0703, 27.0061, 32.95316, 83.87787, 15.59866, 42.82047, 38.06851, 177.4766, 173.9779, 40.41105, 14.59588, 138.4921, 18.74055, 4
3.241236, 19.93932, 33.55871, 37.33403, 165.7249, 36.86707, 18.98823, 20.90643, 97.83302, 18.90554, 32.66572, 32.94576, 163.6686, 171.9182, 42.46753, 13.73038, 140.0086, 16.4535, 4
11.92603, 17.53341, 29.73477, 23.57906, 166.2161, 37.66809, 13.852, 19.18164, 106.5526, 15.19574, 32.31223, 31.77215, 173.8572, 172.8298, 40.34971, 13.10235, 131.1287, 23.53286, 4
12.27994, 27.1189, 25.90521, 24.97592, 167.2862, 39.29105, 11.20177, 20.46516, 108.1999, 16.61862, 35.49468, 35.37339, 167.6579, 170.5747, 42.66295, 12.30128, 131.0943, 21.52167, 4
13.49449, 29.18199, 25.17662, 18.67332, 167.8519, 38.98722, 11.21524, 14.51568, 115.4469, 16.67645, 37.94768, 32.1559, 175.0658, 170.8997, 43.90907, 11.06406, 115.7069, 29.4514, 4
18.21894, 24.85938, 26.82837, 18.7581, 167.6689, 42.1033, 12.67356, 15.02344, 115.7146, 14.13948, 38.0727, 34.21525, 164.0099, 174.4198, 42.59157, 16.62284, 149.2333, 19.41025, 4
13.35199, 29.13122, 30.77692, 31.97934, 169.7534, 40.94099, 12.69212, 25.74153, 104.5773, 11.66344, 38.08152, 33.82427, 163.5538, 174.8612, 43.67162, 12.88888, 136.8439, 18.37594, 4
13.00792, 24.57844, 29.50005, 134.3301, 170.2549, 39.71011, 12.62089, 36.35923, 95.01191, 10.55204, 34.65649, 34.05068, 175.5151, 175.2287, 42.60138, 13.15919, 143.4205, 17.67224, 4
12.88142, 21.84896, 25.86773, 164.8071, 169.2942, 38.31318, 12.9485, 107.9228, 27.44409, 10.35892, 36.3393, 29.31214, 173.1392, 175.5464, 40.98191, 13.94661, 87.0684, 54.65018, 4
13.31172, 22.54066, 26.28322, 174.0239, 171.0466, 38.7376, 13.33367, 116.5433, 22.64446, 17.77027, 37.14575, 35.15254, 40.79012, 171.2725, 47.12874, 14.50664, 24.08291, 111.7383, 4
16.43796, 23.16026, 28.88682, 172.891, 172.139, 40.74097, 13.80967, 104.8519, 31.4396, 18.13954, 35.59441, 37.57005, 37.55409, 171.6977, 48.08844, 11.51262, 9.612411, 119.4869, 4
16.93047, 21.84665, 29.25984, 173.8418, 171.5875, 40.00743, 14.20259, 103.0655, 33.84306, 18.93648, 34.83773, 32.87889, 46.24035, 171.3151, 46.84184, 12.60058, 17.65521, 113.5256, 4
15.03004, 23.02861, 28.21942, 171.8132, 171.2331, 39.08664, 14.03978, 98.18562, 38.92308, 18.75987, 36.69328, 37.80371, 40.94207, 171.4594, 48.48558, 11.58675, 14.27555, 115.7971, 4
14.25589, 22.73312, 27.84185, 173.7932, 171.0684, 38.57491, 13.99225, 93.46545, 42.85945, 19.02945, 37.026, 33.74744, 39.1344, 171.5323, 47.40508, 12.36797, 19.89258, 111.1719, 4
15.02935, 22.7939, 28.13835, 173.8734, 170.9429, 39.18634, 13.95036, 95.34598, 40.78836, 18.65682, 36.70412, 32.99463, 46.19393, 171.1393, 46.32295, 12.5839, 21.09657, 110.3172, 4
16.07301, 23.83237, 27.76003, 172.079, 171.8959, 39.55159, 13.65969, 96.71229, 40.38625, 18.30063, 37.39885, 33.08533, 44.02018, 171.1457, 46.93874, 12.54039, 17.05836, 114.6115, 4
16.37315, 23.3564, 27.70904, 172.6027, 172.048, 39.7829, 14.05607, 97.27029, 39.863, 18.36195, 39.04872, 32.44642, 62.01821, 172.1782, 47.39805, 14.22926, 17.5737, 116.7325, 4
18.08885, 23.30289, 30.04236, 174.0536, 171.8119, 40.03804, 14.51256, 95.65818, 40.36671, 16.98742, 37.4417, 33.78251, 33.29208, 169.4031, 46.78019, 10.31891, 19.70687, 108.4298, 4
18.43608, 23.62186, 30.89089, 173.1588, 173.5577, 39.67122, 14.99402, 96.39966, 40.30974, 15.51095, 39.51502, 37.71241, 31.11799, 169.1352, 44.27077, 10.72383, 2.362149, 128.3499, 4
17.63465, 23.94226, 30.92682, 173.4928, 172.422, 39.30968, 14.58862, 98.94885, 37.4278, 14.48907, 42.43961, 38.49968, 28.79451, 169.7279, 44.12669, 9.977168, 2.760453, 130.138, 4
17.30023, 22.93583, 29.96462, 174.6871, 172.189, 39.6962, 14.49734, 84.88807, 51.50154, 15.31812, 43.71021, 30.46146, 120.1309, 170.7848, 45.79647, 10.76838, 18.91982, 111.1522, 4
15.82262, 23.60484, 29.96081, 141.7065, 172.2793, 39.45693, 14.06416, 82.18753, 53.3255, 16.84249, 41.49552, 36.47182, 37.6255, 169.6754, 46.43176, 9.957102, 16.02427, 109.9165, 4
12.21232, 24.74874, 28.94719, 107.264, 173.7734, 38.00315, 12.88751, 102.2114, 34.72983, 16.71624, 45.11971, 41.72066, 35.83992, 168.1772, 44.94932, 9.029763, 10.86698, 114.34, 4
11.45865, 24.39914, 29.03453, 168.2215, 174.1486, 37.60445, 13.1578, 94.36106, 43.47458, 18.16618, 44.69838, 41.03272, 36.98467, 169.0727, 46.02433, 10.06705, 9.569059, 116.8536, 4
12.58247, 23.91244, 28.63943, 174.7743, 174.2882, 37.51003, 13.55491, 111.1016, 27.42629, 18.74237, 41.36335, 38.73269, 28.03658, 168.6158, 46.71803, 10.76011, 20.58092, 105.6665, 4
12.70832, 23.95402, 28.93449, 175.2255, 174.7128, 37.32057, 13.90465, 113.1069, 26.07066, 16.18276, 43.27948, 33.49386, 71.17418, 170.9275, 46.94761, 10.64614, 47.92086, 78.94637, 4
12.10457, 23.59418, 29.00424, 175.2687, 174.302, 36.60498, 14.06305, 111.0391, 27.27391, 16.63725, 42.12254, 36.93297, 42.32587, 169.5083, 46.36975, 9.702513, 28.14874, 97.34588, 4
11.658, 22.63918, 28.42023, 175.1766, 174.2141, 36.18146, 14.24871, 111.8669, 26.78778, 17.32191, 40.94524, 38.51158, 38.17597, 168.5629, 46.24193, 9.193105, 27.11814, 97.55595, 4
11.25993, 22.55434, 28.59806, 175.1344, 174.2426, 36.17637, 14.30875, 111.585, 27.48137, 16.73695, 42.58876, 37.36293, 42.31119, 169.373, 45.72003, 9.046916, 33.62691, 91.61807, 4
11.15072, 23.01405, 28.94352, 175.0175, 174.104, 36.08313, 14.30329, 109.5503, 28.94811, 16.03958, 41.83282, 33.44339, 81.5686, 170.6491, 45.69902, 9.751853, 73.67295, 53.59594, 4
10.82191, 22.84808, 28.7055, 174.2474, 174.0671, 36.0202, 14.35544, 109.5296, 28.63507, 16.34426, 42.01961, 32.27678, 136.9756, 171.0851, 45.07351, 10.49014, 32.43011, 95.64962, 4
11.61498, 23.30408, 28.08575, 174.6909, 174.2363, 36.23563, 14.31454, 111.2221, 27.14151, 15.45576, 44.22048, 36.73221, 97.99914, 169.2333, 44.91397, 9.077575, 10.52143, 114.782, 4
11.72551, 22.83375, 28.21974, 174.457, 173.9942, 36.35967, 14.31892, 109.6327, 28.90306, 14.65294, 43.9298, 35.04301, 94.08737, 169.5512, 44.34555, 9.53768, 30.52959, 95.00438, 4
12.11118, 22.83248, 28.0936, 173.9715, 174.3993, 36.88221, 14.322, 108.5871, 29.87014, 14.01512, 44.90226, 30.18386, 155.3241, 170.4839, 43.50092, 11.62586, 52.00679, 76.1865, 4
12.17442, 23.46376, 28.49427, 175.0856, 174.7549, 37.19108, 14.29558, 112.2107, 26.80717, 13.94023, 45.52023, 30.21092, 136.8326, 170.7014, 43.31177, 11.63535, 32.89644, 95.89579, 4
11.60631, 23.3861, 28.77618, 175.2612, 174.7404, 37.08381, 14.24046, 111.7385, 27.04642, 13.34577, 44.33455, 29.76021, 160.7933, 170.4705, 43.48101, 11.73529, 58.1431, 71.02258, 4
11.82095, 23.86863, 28.52956, 175.2184, 174.4259, 37.76598, 13.97386, 107.5162, 31.22258, 14.22341, 44.60498, 30.2298, 155.7942, 170.4618, 43.93748, 11.68803, 52.77522, 76.31013, 4
11.93183, 24.305, 29.09818, 175.028, 174.7333, 38.27745, 13.71044, 102.5044, 35.55424, 15.08045, 43.85321, 32.3131, 135.8738, 170.0578, 44.7586, 11.13183, 49.21398, 79.09759, 4
12.4398, 23.65685, 29.2627, 174.5396, 174.7363, 38.10774, 14.06254, 106.9326, 31.35645, 16.14632, 45.49181, 34.34423, 119.7034, 170.0055, 45.16401, 11.13719, 39.28137, 88.36424, 4
12.19283, 23.76501, 29.15293, 174.4321, 174.5188, 36.83912, 14.17096, 112.7438, 25.91345, 17.3069, 44.45045, 36.15599, 70.75851, 169.3863, 45.45686, 10.76031, 62.51572, 64.37643, 4
10.7575, 23.74246, 27.1518, 168.8067, 173.8859, 36.05648, 13.64662, 93.24192, 46.06624, 16.27396, 45.37409, 37.28345, 71.51714, 168.9523, 44.84337, 10.37729, 40.57771, 86.10689, 4
10.44896, 23.16419, 27.24298, 170.0815, 173.746, 36.38683, 13.69574, 77.23805, 60.10461, 13.94821, 45.35117, 36.77671, 92.97932, 169.1272, 44.02859, 9.719398, 8.261347, 119.6966, 4
12.82978, 20.54008, 26.31931, 84.69795, 172.5545, 37.21167, 14.56113, 80.97894, 53.78424, 13.53571, 43.06498, 39.38008, 39.46619, 169.4011, 44.35877, 8.678422, 13.11715, 113.3909, 4
10.17632, 22.77128, 23.87996, 91.36935, 172.3884, 36.04369, 12.89048, 34.15784, 101.815, 18.16301, 40.95153, 40.23879, 31.97896, 170.2572, 46.54732, 9.959373, 22.83517, 104.4069, 4
8.852682, 23.07962, 23.29882, 87.09586, 172.6624, 35.92348, 12.30954, 84.58311, 51.98541, 18.83923, 42.02016, 41.95045, 36.11675, 169.9341, 47.28732, 10.27427, 4.392666, 124.0118, 4
7.912568, 23.65939, 23.09101, 59.71386, 172.9106, 35.66395, 11.20323, 57.60601, 77.69226, 18.97911, 42.56832, 42.57526, 35.64345, 169.5945, 46.72077, 10.81996, 5.28001, 122.3819, 4
8.120691, 24.84495, 24.04871, 81.34579, 173.3183, 35.86705, 10.78806, 79.10092, 56.47344, 20.73448, 41.49004, 41.02746, 35.47955, 170.149, 46.28427, 11.53539, 10.98948, 118.3351, 4
8.49276, 22.66632, 22.08669, 103.9055, 175.3569, 35.28273, 12.47166, 102.1396, 38.05207, 19.68685, 40.57787, 41.53299, 38.3745, 170.4386, 45.34674, 12.2465, 19.04012, 115.1533, 4
9.543839, 23.18501, 22.11706, 100.3072, 173.4303, 36.0809, 11.95597, 46.63078, 89.67335, 16.39348, 38.43763, 41.14113, 35.84878, 171.2333, 43.36378, 15.3885, 21.16757, 119.4373, 4
10.75228, 23.12349, 22.56523, 110.2949, 171.7228, 37.0067, 11.35147, 29.32451, 105.5415, 15.96902, 40.32303, 39.18655, 31.33621, 171.5983, 43.29846, 11.22, 17.89477, 116.1872, 4
12.07058, 23.38092, 23.71453, 147.253, 173.7522, 37.95949, 12.0032, 58.30293, 78.67358, 17.65018, 40.14194, 38.31895, 35.23902, 171.377, 43.32599, 11.16267, 19.22437, 112.7159, 4
12.94641, 23.67259, 25.25508, 171.7467, 175.1677, 38.35371, 12.37014, 73.39691, 64.4183, 14.93129, 39.97018, 36.50512, 40.78479, 171.7054, 42.04794, 10.67551, 32.50998, 99.00663, 4
12.13146, 23.34009, 25.59851, 167.0963, 174.8095, 37.94906, 12.03847, 68.63306, 68.42151, 14.6388, 40.31752, 36.9009, 38.93686, 172.0185, 42.11194, 10.16328, 30.24973, 100.6703, 4
11.62849, 23.07951, 24.58832, 176.8446, 175.6235, 36.68848, 12.46786, 84.25813, 53.52097, 14.65057, 40.53011, 37.13023, 34.95782, 171.389, 41.32656, 10.46037, 20.96157, 110.1798, 4
12.72484, 26.47108, 29.98145, 171.9425, 176.3441, 39.06884, 11.44732, 95.19778, 43.3418, 15.68846, 41.41891, 39.53092, 36.35134, 171.4659, 41.66404, 10.56883, 16.60544, 114.0671, 4
11.53739, 23.1083, 26.53146, 145.7408, 176.304, 37.16157, 12.23873, 92.59251, 46.63059, 17.70474, 41.60114, 39.89821, 40.61335, 170.6295, 42.40425, 11.90736, 24.497, 105.8855, 4
12.73059, 23.88987, 25.86031, 168.4612, 176.6746, 36.7746, 11.99966, 91.66726, 46.75541, 17.46124, 38.46384, 39.40721, 42.08873, 170.7255, 41.66831, 14.22557, 40.41139, 97.46989, 4
11.9357, 25.47589, 27.50414, 168.4104, 175.885, 37.59647, 11.56356, 83.0733, 55.84133, 19.08651, 38.92168, 40.77277, 38.05598, 171.3111, 43.08312, 13.14146, 28.79177, 105.4195, 4
11.6089, 24.7135, 26.06186, 176.3886, 176.9065, 36.77785, 12.42823, 83.61987, 56.01437, 19.44631, 38.42949, 39.85422, 37.96333, 170.7446, 43.69336, 13.86218, 28.62878, 100.1221, 4
10.85649, 23.78611, 24.94419, 164.2415, 175.4648, 36.50136, 12.39764, 64.71376, 73.0993, 16.65158, 35.62342, 38.14069, 51.17067, 170.1876, 42.3497, 13.52072, 48.49132, 86.93315, 4
13.82933, 22.33182, 24.94115, 73.39986, 171.4894, 40.49691, 10.8785, 42.27761, 91.78176, 19.91444, 35.86351, 39.75327, 80.8768, 170.1381, 43.61602, 12.57495, 12.1103, 118.4429, 4
11.85724, 24.57032, 25.64909, 146.5673, 173.9489, 37.68497, 12.04511, 67.31391, 70.14106, 18.82127, 34.33704, 37.30743, 51.28792, 171.7198, 41.99142, 14.11172, 42.03428, 89.17769, 4
12.44141, 24.9058, 26.12444, 125.8711, 173.9796, 38.88616, 11.43282, 42.40828, 94.78809, 19.24768, 31.44215, 37.3494, 46.16792, 170.171, 42.11568, 14.98092, 37.81148, 100.831, 4
12.5253, 23.57591, 24.57455, 89.86565, 171.9342, 39.71346, 10.0498, 29.97245, 104.3672, 19.97112, 33.14765, 38.57269, 48.77682, 168.9526, 43.5789, 15.30498, 30.39409, 107.9913, 4
12.97526, 23.53726, 24.54131, 86.34701, 171.8188, 40.08643, 10.05833, 31.62476, 102.5748, 17.51179, 35.19651, 38.5037, 72.57323, 168.4073, 42.49673, 14.49079, 22.60155, 113.0511, 4
12.06789, 24.16817, 25.1249, 89.18917, 171.9605, 39.75327, 9.714279, 28.44113, 105.4981, 18.62721, 35.15425, 39.16419, 43.02389, 169.4673, 42.81746, 15.39989, 27.34385, 111.2819, 4
12.24782, 24.91523, 25.86292, 86.50119, 171.7422, 39.50757, 9.552815, 31.28267, 102.4538, 19.95555, 34.73388, 41.25956, 44.43519, 170.7357, 43.82153, 15.00437, 24.98406, 114.4804, 4
12.93831, 23.97652, 25.14244, 86.48287, 171.3411, 39.48911, 9.923925, 27.94641, 105.893, 19.24807, 34.02882, 40.53872, 44.66259, 170.2887, 43.01613, 14.8471, 25.93026, 112.7132, 4
10.95745, 23.8637, 24.46723, 91.45341, 172.7754, 38.99236, 9.843886, 28.68889, 106.7693, 18.1917, 34.60098, 38.67376, 54.74372, 168.914, 42.4629, 14.29395, 31.61167, 103.9492, 4
11.32484, 24.0256, 24.35154, 86.95887, 172.6007, 38.88067, 10.20708, 18.9177, 116.3429, 17.19644, 33.48267, 34.75123, 111.1828, 169.9275, 41.78009, 15.10456, 35.83582, 101.7114, 4
12.27623, 24.01625, 25.08005, 76.20013, 171.2901, 40.50673, 9.333593, 23.78916, 109.6242, 19.48591, 33.87432, 39.18555, 54.24338, 169.6844, 43.23773, 15.63625, 8.212719, 132.7565, 4
12.61334, 23.83187, 25.14318, 81.69953, 171.742, 40.71222, 9.366973, 29.14494, 104.5083, 19.72783, 32.34698, 37.56752, 50.69249, 169.9263, 42.60813, 15.25775, 38.82175, 99.68557, 4
12.25374, 23.09004, 24.05328, 88.38035, 171.2097, 40.03271, 9.925867, 30.60056, 103.0145, 19.71768, 32.41991, 38.80884, 53.77275, 170.0385, 42.89054, 14.97716, 32.57763, 105.4383, 4
12.4045, 23.50735, 24.34204, 84.31715, 171.5001, 40.43179, 9.779355, 31.63301, 101.9202, 20.32186, 32.24525, 41.53953, 46.58542, 170.4456, 43.35542, 14.27146, 29.86438, 106.7821, 4
12.56963, 24.59686, 25.14144, 96.04675, 171.7318, 40.23652, 9.424083, 34.26223, 99.30141, 20.18147, 32.98576, 40.36811, 50.7873, 170.191, 43.03854, 14.08466, 34.69095, 100.3433, 4
12.44616, 25.18303, 24.15123, 95.98732, 171.6002, 39.96246, 9.610632, 30.47485, 104.2489, 19.77181, 32.99, 40.16488, 51.70616, 170.0768, 42.8116, 14.25195, 36.52845, 99.4813, 4
12.54574, 24.29355, 23.32671, 93.575, 171.4501, 40.35321, 9.644978, 33.51074, 100.6704, 19.51767, 33.08084, 38.54494, 81.12952, 169.6284, 42.51007, 14.93875, 34.16635, 103.9074, 4
12.36711, 24.30333, 23.03652, 90.22296, 171.1887, 40.39568, 9.633433, 30.65111, 103.6306, 19.51808, 34.08857, 39.29478, 61.88121, 169.0149, 43.3606, 14.63653, 10.68327, 128.8616, 4
11.70159, 24.08241, 24.00293, 78.79552, 171.0253, 40.06594, 9.10757, 32.00096, 101.7135, 19.3463, 33.62651, 40.6893, 46.23044, 169.2914, 42.9503, 14.33675, 26.0258, 111.6583, 4
13.32613, 21.54025, 23.37536, 63.09965, 171.7195, 40.3969, 9.376641, 35.82038, 98.00562, 19.51794, 34.96997, 41.47357, 54.87735, 169.3819, 42.94251, 14.77194, 15.65147, 123.0021, 4
12.98992, 21.86546, 22.9474, 66.38115, 172.827, 40.10057, 9.242226, 37.58654, 97.01941, 18.52182, 34.19264, 42.26612, 96.48154, 169.9502, 41.99068, 14.47805, 16.25794, 121.4615, 4
13.98462, 21.68292, 22.92044, 70.52193, 172.5403, 40.32174, 9.703628, 38.27979, 96.24352, 18.33673, 33.02846, 42.69125, 31.5041, 170.7694, 42.12608, 14.45904, 25.8039, 113.8329, 4
13.1727, 22.16886, 23.0278, 72.32346, 171.8366, 39.71967, 9.572243, 34.60837, 99.26056, 18.26621, 33.22356, 40.97427, 30.28158, 170.4448, 41.72449, 14.71239, 26.28944, 114.1715, 4
13.67199, 21.69605, 22.88305, 64.74697, 172.1525, 39.39074, 10.33165, 61.77007, 72.50718, 17.45619, 33.69416, 40.29499, 92.89335, 169.575, 40.81179, 14.75126, 19.03693, 120.3182, 4
14.6869, 22.41475, 22.19381, 90.3524, 171.0099, 39.02535, 11.08214, 67.84137, 66.06274, 18.93303, 33.94324, 38.31871, 25.70239, 168.3744, 41.87434, 14.69448, 23.19163, 116.3045, 4
12.67124, 21.80277, 22.05784, 58.01886, 171.642, 39.23406, 10.20575, 55.68598, 78.95094, 18.80259, 34.53642, 39.92277, 21.37623, 168.0679, 41.72757, 14.30513, 17.7334, 120.2969, 4
13.26321, 22.41817, 21.87519, 64.61556, 172.7195, 39.25203, 10.09818, 61.9652, 73.59238, 18.65917, 35.6775, 41.34709, 63.8405, 168.6288, 41.46203, 14.27612, 24.01922, 112.7438, 4
16.73108, 25.7854, 23.48198, 169.0664, 171.5455, 39.53069, 11.4772, 75.47984, 58.48109, 18.74889, 35.88094, 41.98996, 47.80778, 168.3955, 41.32907, 14.35424, 36.19924, 100.0332, 4
16.81187, 25.01246, 22.71888, 155.5732, 170.1074, 39.88848, 11.12327, 62.34995, 69.82037, 17.8187, 34.84117, 41.20184, 51.73833, 169.5358, 40.82515, 14.46417, 34.70581, 102.8843, 4
16.44944, 24.92465, 22.40776, 164.3569, 170.5116, 39.37057, 11.11342, 65.33143, 66.84526, 16.65075, 34.51057, 42.04283, 46.83743, 169.4705, 40.38164, 14.41156, 33.62524, 103.5201, 4
17.69185, 26.58614, 22.80459, 172.9878, 170.4659, 40.05375, 11.49723, 74.16426, 58.52177, 15.45894, 34.709, 40.65884, 46.92405, 170.6684, 39.07043, 14.44515, 32.77726, 104.7448, 4
16.03353, 28.19806, 25.10955, 169.3811, 170.9528, 40.94516, 10.29144, 69.44644, 62.94572, 15.80173, 33.64336, 44.15487, 47.47318, 171.7435, 39.23072, 14.50383, 42.07558, 94.46535, 4
14.50181, 26.68228, 25.99494, 91.43524, 171.7163, 40.89352, 8.958352, 57.05713, 75.08633, 16.06375, 36.54678, 47.32708, 78.1156, 171.2271, 40.04632, 14.01494, 28.87949, 107.9509, 4
13.11763, 24.60719, 25.40155, 96.05956, 173.9927, 39.89942, 9.44552, 64.53942, 69.28056, 16.35135, 36.64161, 53.0225, 97.67706, 170.768, 40.15339, 14.13179, 14.52426, 123.22, 4
15.36442, 26.70745, 26.34974, 121.5299, 173.5012, 41.31327, 9.436693, 63.37426, 69.81985, 17.68777, 36.51211, 53.06079, 101.9537, 170.7376, 41.08954, 14.09705, 10.28243, 120.6697, 4
14.92097, 26.02774, 25.74985, 171.1651, 173.8872, 40.42115, 10.09085, 68.81105, 64.80776, 18.03881, 36.09409, 48.42815, 107.106, 170.5118, 41.22042, 14.18795, 13.24633, 117.0211, 4
15.43767, 26.15193, 25.76571, 166.895, 173.6269, 40.61025, 10.15282, 64.59558, 68.62859, 17.64359, 37.96539, 46.31277, 22.00786, 169.1008, 41.06422, 12.73744, 10.89966, 120.9792, 4
16.31502, 26.08615, 26.10419, 174.6988, 173.6834, 40.55415, 10.17423, 72.10397, 61.08951, 18.04255, 37.89995, 44.97571, 20.93799, 168.1321, 41.57938, 12.99198, 10.30408, 120.7004, 4
16.91186, 25.75627, 25.65772, 160.4784, 173.0701, 40.81956, 9.9541, 57.69993, 74.78009, 18.46478, 37.45661, 43.97853, 24.00494, 168.3918, 41.41071, 12.9975, 11.67511, 118.1022, 4
17.5066, 25.78563, 25.83863, 148.2257, 172.9339, 41.25689, 9.89992, 52.90957, 79.39697, 18.92413, 37.69153, 45.24907, 27.41993, 168.7133, 41.55967, 13.14161, 13.81878, 114.9655, 4
16.73745, 26.1196, 25.39598, 115.0749, 172.7565, 41.12601, 9.32017, 48.49451, 83.60381, 18.4871, 36.284, 45.67519, 126.5724, 170.3882, 41.38187, 13.94275, 16.7981, 113.268, 4
17.80395, 26.70177, 26.00366, 164.147, 173.2569, 41.11502, 9.904408, 61.04462, 71.28641, 18.08824, 37.21344, 44.8377, 36.89405, 170.1524, 41.3001, 13.58554, 22.1088, 108.1684, 4
19.7021, 26.67287, 25.81532, 151.5358, 172.3644, 41.13771, 10.24281, 69.5483, 62.31731, 16.52666, 37.29089, 44.51773, 101.4596, 169.7206, 40.06909, 13.35489, 10.1979, 118.886, 4
17.33886, 25.82963, 24.13017, 152.073, 172.7621, 40.02839, 10.30183, 55.59, 77.49055, 14.03192, 34.01215, 47.62022, 59.78212, 171.4787, 38.23988, 14.73236, 22.00221, 106.6605, 4
17.58714, 26.53086, 25.65177, 159.1824, 173.2112, 40.44254, 10.01172, 56.49607, 76.05815, 15.68811, 33.3381, 50.02631, 46.98456, 171.0117, 38.76587, 16.17155, 16.36277, 112.768, 4
17.05683, 25.81259, 25.46836, 165.3451, 173.9577, 39.46524, 10.75821, 63.08693, 70.50491, 14.23876, 34.81173, 48.27789, 53.64539, 171.1329, 38.11212, 15.03477, 23.6953, 105.4007, 4
17.14373, 25.96145, 23.25021, 148.2431, 171.9692, 39.05833, 11.14444, 60.81506, 72.34529, 14.77086, 35.0085, 47.58764, 62.29713, 171.236, 38.8503, 14.32479, 3.987769, 124.9826, 4
16.33518, 26.25071, 23.16041, 164.5569, 172.9914, 38.7524, 11.10908, 63.7187, 70.11353, 14.9324, 34.58081, 47.63534, 71.16103, 171.3977, 38.91905, 14.55898, 2.117385, 126.8297, 4
17.21466, 26.22488, 23.7086, 158.0202, 172.7098, 39.251, 11.05661, 62.87711, 70.75108, 15.23803, 33.99195, 46.80617, 81.92085, 170.9252, 38.9463, 14.71515, 1.90372, 126.6623, 4
18.31782, 26.42821, 24.50024, 167.5198, 172.6574, 39.85714, 11.04092, 66.48393, 66.62954, 14.50261, 35.62954, 46.49939, 83.23141, 170.6265, 38.3857, 14.09173, 4.108944, 124.7777, 4
19.7099, 26.73077, 24.08892, 169.7672, 172.1926, 40.40962, 11.23466, 70.08204, 63.16969, 14.39647, 35.36679, 46.3422, 71.39687, 170.1525, 38.4644, 14.23844, 5.380154, 122.8295, 4
15.66857, 25.49511, 20.8427, 116.639, 170.4518, 38.24988, 10.95411, 59.75891, 73.43632, 14.80286, 34.83257, 47.49229, 70.18859, 169.9281, 38.84668, 14.62436, 2.703274, 129.4352, 4
13.86055, 26.9242, 21.74155, 72.97021, 171.6379, 37.93196, 10.24152, 69.5333, 64.03678, 15.0881, 34.53948, 47.62793, 57.92405, 170.7453, 39.60542, 14.10635, 2.781152, 129.4156, 4
14.18561, 26.94181, 21.54035, 79.65318, 172.077, 37.96854, 10.62564, 70.96838, 63.39455, 16.79742, 34.45163, 47.7884, 37.04184, 170.1762, 40.46355, 13.8951, 10.90467, 119.9326, 4
15.41933, 27.6981, 22.17383, 110.7721, 171.7263, 38.53789, 10.7123, 67.50608, 66.3279, 17.06553, 33.71597, 52.5842, 45.62515, 170.2212, 40.41174, 13.27616, 19.03996, 112.4592, 4
13.86369, 27.20103, 22.36127, 71.82201, 172.453, 38.95433, 9.243544, 67.3595, 66.64636, 16.82462, 31.65865, 43.56211, 64.64919, 169.8615, 40.65097, 14.14886, 5.297793, 120.9217, 4
15.0466, 27.85486, 24.07037, 67.39127, 173.0387, 40.42124, 8.252214, 60.60639, 72.53297, 17.06528, 33.24513, 44.31401, 36.67461, 169.7426, 39.9501, 14.64939, 15.64738, 114.3891, 4
14.13871, 26.37669, 26.0525, 133.9334, 174.9313, 38.80274, 10.50665, 50.19024, 84.52773, 16.1939, 34.69792, 42.6862, 42.86603, 169.6995, 39.26851, 14.01029, 28.6391, 102.3094, 4
14.74771, 26.99814, 27.13377, 104.2469, 174.903, 39.64696, 9.972358, 22.15048, 113.1326, 17.41131, 31.84653, 43.42108, 44.76719, 169.2766, 40.3063, 14.33311, 24.42215, 103.1891, 4
15.32549, 28.7746, 25.28187, 107.9965, 173.2781, 40.12041, 9.32995, 46.5859, 86.59813, 17.19183, 31.72297, 43.44508, 82.98667, 170.4121, 40.99759, 14.20256, 6.859955, 121.0032, 4
16.4714, 26.89593, 26.3047, 132.5824, 173.8626, 40.33273, 9.996211, 43.19453, 90.20131, 17.15048, 33.03397, 42.00895, 41.16014, 170.7241, 40.89783, 13.3834, 22.05656, 107.7915, 4
20.30659, 24.44581, 23.6079, 64.82578, 173.6151, 42.55942, 9.726456, 59.60381, 74.76351, 17.8884, 32.07856, 38.82172, 46.19508, 169.7895, 40.97974, 13.75086, 28.31848, 101.2741, 4
18.15215, 27.41505, 25.04152, 62.52309, 174.4445, 42.03476, 9.340393, 55.51902, 78.86809, 18.13168, 31.20486, 46.69929, 61.51402, 169.1044, 41.16559, 15.38274, 17.62442, 106.6097, 4
14.78603, 28.64726, 25.11482, 55.01214, 174.7264, 41.07378, 7.763845, 47.18502, 87.42934, 16.55271, 32.16813, 49.15489, 81.12257, 170.1006, 39.9141, 15.70368, 10.39415, 114.4824, 4
16.14019, 28.53693, 25.17805, 58.54429, 174.4884, 41.92368, 7.63152, 50.24614, 83.54059, 16.47287, 32.11867, 47.32548, 90.86835, 170.1541, 39.51752, 15.61333, 5.675681, 120.584, 4
15.35514, 28.26588, 24.7072, 60.60082, 174.9825, 41.25235, 8.079463, 52.88201, 82.27678, 16.0693, 33.26342, 48.58116, 77.75783, 170.1007, 39.04389, 16.05587, 12.50577, 113.3072, 4
16.0955, 29.02067, 24.73845, 65.69867, 173.9058, 40.75558, 8.819645, 59.05661, 74.91584, 16.26731, 32.92305, 48.7777, 69.11737, 170.1034, 39.09012, 16.40377, 19.72721, 106.0383, 4
17.15464, 28.05956, 24.37105, 68.08703, 173.3946, 41.6661, 8.403871, 61.23189, 72.27858, 18.04384, 33.97621, 50.26195, 49.66883, 169.3247, 39.75848, 16.59883, 20.412, 104.616, 4
19.6902, 28.03712, 25.73953, 57.60822, 174.2316, 44.34376, 7.492921, 49.35365, 83.94115, 18.61914, 34.26499, 49.05008, 56.60488, 169.1705, 40.40882, 16.39874, 22.96587, 102.0625, 4
19.26199, 25.95391, 24.66185, 51.92238, 173.8598, 43.2914, 8.189113, 45.68431, 87.18896, 22.05156, 31.20363, 49.31242, 43.53146, 168.465, 43.10176, 17.19162, 9.445957, 116.5123, 4
16.69674, 25.81974, 23.46603, 46.2109, 173.5492, 41.5581, 8.042176, 39.33491, 93.51768, 22.78189, 32.04744, 44.78856, 45.46197, 169.0678, 43.67615, 17.15061, 14.46862, 113.9471, 4
15.73324, 26.58299, 23.64338, 43.78668, 173.6508, 41.04144, 7.640131, 36.34243, 96.65189, 24.55364, 39.40277, 36.84569, 36.09282, 174.5625, 43.90174, 20.2979, 28.64553, 109.7122, 4
16.49787, 26.03557, 26.19403, 34.52047, 175.3103, 41.4703, 8.375339, 21.89913, 112.446, 23.12338, 33.74096, 37.13442, 37.32935, 174.8282, 43.02784, 19.22498, 29.12619, 108.2288, 4
16.00222, 25.02809, 26.12781, 58.92294, 175.451, 41.14824, 8.576201, 14.03391, 120.7142, 23.59136, 36.10467, 37.62693, 38.43408, 174.6982, 43.13919, 18.55283, 29.86652, 106.9079, 4
16.15269, 25.20143, 28.08945, 26.94147, 175.9439, 41.2914, 9.672741, 17.15818, 118.5278, 23.57588, 34.08764, 38.82024, 36.98845, 174.7558, 43.37394, 19.16809, 27.37334, 110.0753, 4
16.82416, 25.42439, 28.09305, 26.35327, 176.3182, 41.83718, 9.416635, 16.53188, 118.8492, 18.77511, 32.05418, 49.54353, 39.49718, 170.5426, 41.06517, 16.42834, 13.65512, 114.4117, 4
17.22572, 25.74924, 25.67669, 56.48132, 175.3514, 42.38542, 7.966417, 20.47659, 112.7708, 19.02917, 33.7351, 51.13911, 43.53298, 169.4024, 40.93567, 16.75466, 9.632434, 118.5151, 4
16.49766, 25.20338, 25.22401, 68.06207, 175.0791, 41.37183, 8.75578, 17.87557, 116.7649, 17.16729, 31.30154, 53.3121, 43.13395, 171.6028, 40.24412, 15.22948, 10.16508, 123.5815, 4
16.98603, 23.88012, 27.49574, 36.19549, 175.5488, 40.35962, 11.06745, 28.35828, 107.6153, 18.14351, 29.08395, 48.77232, 47.53457, 173.0724, 42.29457, 14.6916, 15.43226, 118.3066, 4
17.42292, 24.0549, 27.97396, 36.29078, 175.1237, 40.61061, 11.20729, 28.55997, 106.9777, 17.88703, 28.74149, 45.59067, 42.96106, 172.0318, 43.28229, 13.23921, 11.84623, 119.2057, 4
17.57129, 24.66344, 28.48774, 35.9662, 175.2391, 41.00357, 11.09232, 27.80115, 107.0306, 18.96724, 29.52683, 55.79179, 41.44082, 171.3322, 44.16608, 13.49528, 16.75475, 120.6993, 4
16.59911, 24.93452, 27.55767, 38.24024, 175.629, 40.4004, 10.6082, 30.56855, 105.1957, 19.15746, 29.83752, 40.50663, 39.45048, 172.0131, 43.84337, 13.15549, 12.90743, 124.8242, 4
16.84167, 25.12123, 25.25496, 32.15954, 174.6006, 40.92861, 9.194943, 25.3544, 109.9455, 17.22981, 30.39961, 29.55435, 44.19414, 176.2384, 42.91578, 19.08891, 18.76171, 130.1974, 4
18.30873, 25.39029, 22.97632, 56.93372, 171.9409, 40.93472, 8.839758, 52.79757, 79.94052, 16.86596, 37.61379, 33.2132, 37.11667, 175.899, 43.29235, 15.52627, 33.31871, 109.8153, 4
18.48306, 25.17356, 23.51032, 69.80342, 172.3168, 41.18064, 9.039573, 52.14837, 80.59116, 18.75044, 39.99252, 39.44067, 33.45893, 175.5598, 43.87407, 13.64402, 25.37304, 112.721, 4
18.88153, 25.20674, 22.4226, 69.5399, 171.7801, 41.5471, 8.555061, 55.09615, 77.44894, 18.59689, 41.03862, 38.47034, 31.19467, 175.5546, 43.23502, 14.34916, 26.16595, 114.9445, 4
18.39835, 24.98223, 22.72087, 68.67412, 172.2842, 40.99463, 8.920771, 46.74806, 86.21371, 20.04323, 40.64373, 38.39067, 31.86739, 174.7213, 44.22219, 13.6527, 23.07354, 113.2919, 4
18.05831, 24.21667, 22.58978, 56.16151, 172.2416, 40.4559, 9.329317, 52.3328, 81.26491, 19.55396, 40.16518, 37.32219, 31.9551, 174.873, 43.38823, 13.7192, 23.03201, 112.8272, 4
17.9366, 23.54528, 24.07081, 77.37288, 174.1463, 40.73827, 9.065965, 20.19098, 114.6424, 18.82258, 41.8433, 37.51012, 31.42753, 175.3706, 43.53878, 13.67624, 22.53062, 113.7697, 4
18.36392, 23.92081, 25.73793, 36.79754, 174.1622, 40.38672, 10.5097, 31.16868, 104.4018, 19.79743, 42.03218, 37.10215, 31.77651, 175.1313, 44.0242, 14.18791, 23.08739, 113.5691, 4
18.70167, 24.18129, 26.3812, 38.24286, 174.0363, 40.57101, 10.39871, 32.05428, 103.2598, 19.04371, 40.175, 37.64533, 32.72974, 175.6918, 42.84289, 15.65813, 23.51714, 112.9141, 4
18.54926, 24.97901, 26.64121, 38.58756, 173.9771, 40.9141, 10.09691, 32.05669, 102.7928, 17.37838, 25.23586, 44.85219, 54.80257, 174.8055, 41.48484, 14.55893, 5.522829, 136.2889, 4
16.18316, 25.02289, 28.5225, 37.76697, 174.5679, 39.52551, 10.36407, 30.438, 104.2709, 16.63482, 27.386, 44.99102, 44.56981, 172.0779, 41.13926, 14.71283, 5.927313, 123.6869, 4
16.69259, 26.8027, 29.47885, 32.07045, 175.1216, 42.08562, 9.178643, 21.67189, 111.9354, 17.8794, 29.83821, 45.83972, 51.50041, 169.9061, 40.42096, 13.68102, 18.33485, 108.5268, 4
19.17067, 26.34463, 29.85729, 30.01909, 174.6364, 42.03284, 10.24799, 19.09289, 114.2803, 18.51554, 29.96982, 45.64233, 47.84723, 170.3712, 40.37125, 13.77665, 11.93149, 116.4605, 4
18.93099, 26.62762, 29.00483, 71.8137, 174.4388, 41.95913, 9.696067, 14.01136, 119.3567, 19.62011, 30.93905, 45.16232, 47.77728, 170.2704, 40.54215, 13.71854, 13.82953, 114.4617, 4
17.96681, 26.12432, 30.04509, 36.20578, 174.6819, 41.26923, 10.67394, 26.49019, 107.7891, 19.40409, 31.64582, 45.7823, 51.63763, 169.4028, 40.63451, 13.72457, 12.72729, 114.4296, 4
17.32427, 23.65905, 30.30569, 40.03723, 174.8701, 41.24663, 11.05512, 31.00396, 103.7827, 17.46998, 33.86731, 46.97466, 51.36177, 170.6735, 39.44246, 13.11145, 7.253012, 120.3317, 4
16.37343, 23.90029, 30.40263, 37.3801, 175.2633, 40.1877, 10.59216, 27.86608, 106.6524, 17.02348, 33.10345, 43.95938, 48.79775, 171.2121, 39.2205, 12.3822, 4.443868, 124.9975, 4
16.5638, 24.33852, 30.34405, 33.87809, 175.2419, 41.05848, 10.3541, 24.27376, 110.1676, 17.73321, 33.05627, 43.10146, 51.8071, 171.0615, 39.88498, 12.11634, 3.277993, 132.617, 4
16.80496, 25.86628, 28.63268, 75.30226, 175.7832, 41.39563, 9.283937, 18.61009, 116.0208, 18.47494, 33.40387, 41.33666, 43.89307, 171.175, 40.35323, 11.87046, 3.602772, 133.9415, 4
16.79934, 24.83443, 27.91889, 69.1141, 175.9957, 41.05169, 8.989944, 16.23923, 119.3076, 16.99035, 33.15955, 41.44573, 43.15763, 171.0505, 39.95019, 11.3155, 4.997516, 125.2135, 4
16.00271, 25.08943, 27.86215, 26.60906, 175.981, 39.78122, 9.78884, 18.73342, 117.864, 19.71121, 40.32184, 30.32958, 33.98647, 173.8377, 43.02704, 14.26175, 29.9358, 111.2662, 4
15.70304, 25.44313, 28.35175, 33.10978, 176.0158, 40.53342, 9.741968, 24.93908, 111.7845, 20.44885, 43.00266, 32.54589, 26.14176, 173.1303, 43.10147, 12.93534, 19.96137, 118.2796, 4
16.16418, 26.36734, 26.41948, 61.55659, 176.5974, 42.4843, 7.360954, 16.71495, 118.244, 19.99963, 42.34282, 32.81162, 30.67606, 173.1592, 42.28493, 12.67963, 24.36347, 113.5279, 4
17.63884, 27.47736, 27.12187, 71.20559, 175.4662, 43.47614, 7.33754, 23.27805, 109.8576, 19.70739, 41.09557, 32.52059, 31.79713, 173.717, 42.27553, 12.8177, 25.51731, 113.007, 4
18.36266, 27.05913, 28.14711, 30.46798, 176.4195, 43.10009, 8.681432, 21.53883, 114.1178, 22.88525, 40.05612, 33.25566, 26.21521, 172.9156, 42.25233, 12.93468, 19.49413, 118.7982, 4
19.99091, 26.59781, 31.03775, 79.6472, 176.1512, 41.83351, 9.683406, 24.14373, 109.2899, 18.72318, 38.93351, 32.96417, 90.41032, 173.3175, 44.53004, 13.61963, 83.62342, 53.85899, 4
19.06877, 25.97459, 24.35131, 55.39879, 174.4549, 43.12003, 7.121113, 37.55131, 95.15527, 21.66978, 36.51165, 31.47819, 162.1149, 173.0719, 40.71063, 15.77286, 128.5852, 14.93566, 4
21.61298, 23.79915, 25.52958, 46.94253, 175.2629, 48.14505, 8.568045, 38.81955, 93.23981, 19.16891, 34.04943, 32.54164, 162.8594, 175.031, 41.66675, 16.05595, 130.4586, 13.59022, 4
23.0216, 22.22834, 25.15994, 63.7356, 173.7177, 48.21712, 9.700628, 56.86466, 75.56421, 20.69799, 27.0852, 33.15028, 162.5481, 175.2371, 44.15702, 15.91116, 131.6353, 13.60506, 4
21.29094, 21.92872, 24.39612, 46.92718, 172.1034, 46.80931, 9.545342, 42.20578, 88.69788, 21.68027, 34.38969, 32.0808, 161.4901, 173.7265, 44.76021, 15.93113, 123.0154, 17.56045, 4
21.76798, 23.19036, 27.15021, 87.80435, 173.1461, 46.36207, 11.02686, 37.4215, 94.44802, 19.60314, 31.62848, 30.77652, 166.3361, 174.5637, 42.97383, 16.1602, 128.669, 15.05514, 4
21.43948, 22.00365, 26.19266, 83.65179, 175.1823, 45.5347, 11.7952, 44.41926, 93.60209, 18.41833, 39.8666, 35.21162, 176.4209, 174.425, 42.23016, 16.79688, 135.7232, 16.55972, 4
21.13096, 21.53771, 25.41773, 50.58663, 175.0035, 45.33278, 11.13461, 41.47631, 95.37738, 20.14619, 29.74446, 35.10056, 169.6396, 175.1904, 43.31157, 17.10938, 134.9572, 15.19174, 4
20.60882, 21.7979, 23.60074, 59.40068, 174.9998, 44.95005, 9.796029, 45.60138, 90.91972, 20.2322, 31.56502, 34.11385, 167.8291, 175.4318, 42.57236, 17.59026, 129.6514, 14.47815, 4
23.48969, 24.38008, 27.95927, 65.97731, 171.6796, 47.24341, 10.22916, 35.56895, 95.47501, 20.48503, 37.84272, 32.79642, 169.8943, 175.1432, 41.85764, 17.63873, 130.8784, 15.26502, 4
24.07223, 28.59563, 30.74158, 75.55881, 170.7089, 46.64201, 10.13151, 60.63943, 70.70367, 17.81597, 30.33759, 40.50924, 124.6291, 168.2986, 39.71854, 14.04879, 80.33596, 50.37919, 4
19.95929, 26.8613, 32.42978, 113.4286, 173.7859, 42.67553, 12.55657, 44.50042, 86.64429, 19.56453, 29.77716, 38.43241, 141.5022, 166.6912, 42.48656, 14.0537, 98.29086, 34.38306, 4
23.0243, 24.46361, 28.84103, 92.15907, 172.6735, 43.90727, 12.28578, 41.35115, 91.10956, 19.13484, 33.55538, 39.31814, 136.9241, 167.9702, 41.06157, 13.93669, 95.45477, 38.85018, 4
19.68951, 25.43599, 24.16595, 71.59696, 170.7438, 40.95774, 10.91737, 66.44969, 65.73148, 18.9694, 33.53365, 41.26111, 142.3872, 167.8024, 41.44126, 14.5123, 92.87224, 40.76234, 4
20.77783, 25.0398, 24.3344, 79.03011, 170.2501, 41.53569, 10.74195, 60.1861, 71.76909, 18.28889, 30.87994, 40.01931, 138.8435, 169.6154, 41.32667, 14.72958, 89.03777, 44.12131, 4
23.24927, 23.97422, 23.41505, 91.99252, 170.2389, 43.0828, 10.87303, 57.88361, 75.26196, 18.7546, 30.19359, 41.25849, 138.6917, 170.7004, 41.85704, 15.27499, 86.54736, 46.62485, 4
19.52684, 25.11164, 24.26963, 61.34368, 171.127, 42.09388, 9.585911, 58.21956, 75.18569, 14.26932, 31.98298, 41.14111, 171.4721, 170.8413, 38.83529, 15.03501, 111.7201, 28.04216, 4
18.52353, 23.43394, 22.80752, 66.66399, 171.9559, 41.51012, 9.980065, 34.48346, 98.59473, 16.19124, 29.81392, 47.98944, 139.4542, 170.8955, 40.27884, 16.82897, 81.79166, 49.20501, 4
23.39098, 22.56209, 23.94121, 63.92462, 174.5088, 44.65644, 10.60586, 33.83554, 99.33466, 18.30474, 29.88269, 41.62365, 122.7956, 169.3595, 41.66793, 14.90015, 72.73584, 58.86736, 4
21.69693, 24.84402, 26.31121, 78.04847, 174.8043, 43.77572, 9.878583, 49.52514, 84.87463, 17.21824, 29.86911, 37.73659, 151.2461, 170.0973, 40.40735, 14.41343, 96.10708, 39.4714, 4
24.12147, 23.99214, 26.17106, 97.33175, 176.6666, 45.33775, 10.63112, 42.78848, 93.39264, 15.55009, 29.32363, 33.86902, 161.228, 169.9643, 39.10351, 14.67379, 110.2202, 30.81428, 4
23.67086, 24.06026, 25.29162, 73.09967, 176.8988, 44.15688, 9.976538, 37.63597, 97.48761, 16.4347, 33.85814, 38.80985, 151.1956, 169.4402, 39.67698, 14.3115, 109.8271, 32.97729, 4
22.80949, 24.97762, 24.5276, 61.639, 176.0081, 43.12182, 10.37111, 56.42055, 79.74489, 21.0996, 35.62957, 40.62529, 144.9717, 168.358, 43.01353, 14.05119, 102.797, 35.19878, 4
22.10694, 27.89798, 25.89819, 59.20639, 175.0403, 43.50008, 10.79436, 43.98398, 90.26131, 18.50099, 32.23742, 36.68591, 148.5189, 168.6649, 41.36789, 14.35501, 105.2453, 33.72839, 4
21.09083, 27.26433, 30.52951, 85.94051, 175.4767, 43.46146, 12.36222, 32.67653, 100.3036, 15.21611, 33.80516, 35.71057, 170.1396, 171.7779, 39.14457, 14.77594, 115.4383, 29.13837, 4
24.07692, 31.34044, 36.09284, 149.4109, 173.0949, 44.87341, 12.38865, 55.55882, 72.96803, 15.58103, 33.63183, 35.08367, 157.7555, 171.8892, 39.00068, 14.59674, 102.0747, 38.52106, 4
25.53631, 30.5811, 43.69407, 154.5255, 170.8053, 45.588, 14.99383, 74.19119, 48.8194, 14.90254, 35.35302, 36.41839, 152.2612, 171.4635, 39.2708, 14.24559, 102.5234, 37.95609, 4
23.96961, 32.20615, 49.74779, 177.8769, 172.9934, 44.23045, 15.66507, 64.38544, 58.01494, 15.61191, 36.09865, 36.97092, 158.901, 171.7357, 39.86411, 14.06662, 108.0896, 33.7333, 4
23.29598, 32.64359, 48.64037, 154.8446, 172.0771, 44.40657, 14.99237, 58.42719, 62.90665, 15.96473, 35.24667, 36.71047, 157.4716, 171.7871, 39.42382, 14.23258, 106.025, 35.01017, 4
21.83889, 31.65569, 44.05399, 154.7027, 171.4638, 44.42413, 14.06188, 70.29841, 52.45886, 15.76522, 35.1384, 37.54398, 159.9167, 172.0405, 39.16455, 14.35142, 109.0977, 32.53792, 4
24.23475, 32.4726, 40.81255, 157.9786, 171.703, 44.56344, 13.11833, 74.82487, 50.20002, 15.7222, 35.09322, 38.26986, 158.3805, 171.9632, 39.09971, 14.57544, 107.7757, 33.51212, 4
24.49491, 32.96469, 41.21278, 157.421, 172.5241, 45.1052, 13.40231, 70.97569, 54.33111, 15.53642, 34.89257, 38.17377, 161.0383, 171.9895, 39.52594, 14.67469, 111.0063, 31.4232, 4
22.87635, 31.66094, 37.72641, 157.8405, 172.4319, 44.3715, 12.88583, 70.17017, 57.09275, 14.94305, 33.99554, 39.25462, 160.178, 172.0786, 39.20626, 14.8144, 108.8009, 32.83023, 4
19.57043, 31.61132, 33.42296, 159.0027, 174.2281, 42.57284, 11.85065, 68.37029, 61.90447, 14.96792, 35.45456, 40.26994, 164.7282, 172.1586, 39.5531, 14.85949, 113.4741, 29.63244, 4
18.821, 32.95884, 35.71656, 81.9901, 172.8765, 42.52156, 11.05663, 46.4969, 81.72363, 15.25626, 34.83166, 39.7089, 156.345, 172.0601, 38.88392, 14.69492, 96.88722, 41.60269, 4
20.94551, 32.97424, 33.48624, 103.1694, 173.2455, 43.55141, 11.305, 38.67398, 90.96431, 16.73672, 34.84351, 36.98288, 144.6158, 171.7458, 39.94249, 14.0916, 90.8097, 47.17858, 4
20.83536, 32.51761, 32.99985, 127.3915, 174.0255, 43.36502, 11.23067, 45.3148, 85.26527, 16.37976, 34.43224, 37.4109, 148.9729, 171.5214, 39.69984, 14.43214, 92.86459, 45.47466, 4
20.54318, 32.79675, 33.20224, 122.921, 174.348, 43.40588, 10.88909, 45.90191, 84.95818, 16.04428, 34.71159, 35.00682, 152.6039, 171.5794, 39.52991, 13.95323, 99.29603, 40.73589, 4
20.68233, 33.16623, 32.60279, 113.3761, 174.1685, 43.79655, 10.50272, 44.42008, 86.56606, 16.16192, 34.92863, 35.94629, 149.0749, 171.9057, 39.20675, 14.09661, 92.20486, 46.67819, 4
21.21156, 35.0166, 35.63843, 90.76851, 174.3701, 45.13577, 9.531638, 38.54307, 91.41205, 15.85321, 34.75827, 35.58569, 150.8294, 171.7619, 38.92688, 14.21084, 97.97352, 41.78332, 4
22.84443, 34.5208, 36.58416, 140.1479, 174.7668, 46.48083, 11.05665, 51.37996, 79.46764, 15.6013, 55.2476, 38.52604, 138.7617, 173.2493, 39.71408, 19.7966, 77.71332, 62.29703, 4
23.47789, 34.03209, 34.48257, 136.5329, 174.4122, 46.90914, 11.54309, 48.96465, 82.74617, 15.02565, 53.15466, 36.80945, 139.9648, 173.7126, 39.00189, 19.92988, 80.71386, 59.24298, 4
23.05905, 33.77145, 33.63184, 112.6431, 173.759, 46.1077, 11.2843, 54.54161, 76.10358, 14.57072, 49.58028, 38.9808, 149.1067, 173.4679, 38.96988, 17.88304, 85.41954, 53.95786, 4
24.20378, 31.91147, 33.84408, 105.9804, 173.5956, 46.70808, 11.79212, 40.59079, 89.85999, 15.21466, 44.26256, 37.75487, 144.68, 174.0805, 39.27458, 16.73025, 83.25227, 55.70476, 4
25.08267, 33.53182, 31.63095, 77.8185, 173.4484, 47.64865, 10.47251, 43.11237, 87.68703, 16.27662, 35.51783, 36.91302, 124.8675, 174.3623, 40.11251, 15.68334, 70.69866, 65.93213, 4
25.69392, 32.90788, 31.06899, 94.91936, 173.5937, 47.37528, 10.43717, 42.70024, 88.84901, 15.94162, 52.2728, 32.56404, 139.9276, 174.1995, 38.80722, 17.77359, 76.3877, 65.57342, 4
25.33146, 32.74463, 29.87319, 77.13164, 173.202, 47.53156, 10.12491, 48.16774, 83.30058, 16.84502, 52.90771, 32.77771, 140.3303, 174.3866, 39.3624, 17.51283, 75.6432, 65.59171, 4
24.55274, 33.248, 28.28676, 76.45364, 173.6818, 47.15448, 8.300376, 41.09718, 90.90878, 17.15635, 51.75861, 33.10186, 140.1156, 174.435, 39.47603, 17.58119, 76.32851, 64.2388, 4
22.84825, 35.34615, 27.41328, 50.40019, 174.0361, 45.69055, 7.005719, 31.24439, 101.1096, 17.43004, 51.71346, 34.00049, 139.7803, 174.7486, 39.62554, 17.89491, 74.50909, 65.2905, 4
20.4185, 34.15376, 26.80584, 44.90652, 174.9547, 44.89032, 6.47163, 21.79849, 111.5301, 17.20357, 51.08445, 34.63313, 139.6065, 174.781, 39.76479, 17.92524, 74.36221, 65.23005, 4
19.93304, 33.68356, 26.3843, 44.67258, 174.7449, 44.76, 5.960819, 22.64272, 110.3682, 16.7462, 50.62208, 35.12937, 140.4608, 174.3846, 39.42389, 17.56828, 77.0584, 62.69426, 4
21.76014, 31.93315, 26.60366, 43.81606, 172.5491, 46.00419, 5.51523, 23.11365, 107.8967, 18.66133, 50.55151, 34.25174, 140.5122, 174.5516, 40.41348, 17.96488, 75.60062, 63.58095, 4
22.18921, 31.56516, 27.23668, 44.86383, 171.524, 46.10965, 5.577734, 25.0964, 104.9934, 20.09391, 50.46041, 33.52937, 143.9488, 174.3147, 40.99549, 17.22166, 79.64722, 59.83739, 4
22.08293, 30.1785, 27.76379, 49.4719, 173.1098, 47.43621, 5.944749, 31.6704, 99.60301, 21.26428, 49.05897, 33.14717, 149.8795, 174.3411, 42.13008, 16.88428, 82.438, 56.88724, 4
21.99448, 29.96478, 27.19697, 56.48515, 173.6679, 46.54803, 6.502402, 36.43753, 95.81851, 21.01027, 47.15948, 33.88218, 149.3514, 174.5016, 42.06351, 17.32852, 81.58647, 56.87749, 4
22.40775, 30.17573, 27.55892, 55.30413, 173.809, 47.17827, 6.411969, 34.28789, 97.67583, 22.14031, 47.77816, 33.89011, 149.9466, 174.2273, 42.66151, 17.62899, 83.14621, 54.63778, 4
21.93332, 30.67919, 27.18251, 53.22446, 173.2319, 46.02226, 6.197705, 35.07486, 95.99934, 21.63347, 47.84285, 33.45798, 154.6656, 174.0902, 42.38556, 17.3881, 85.45321, 53.20746, 4
20.96401, 31.48027, 27.0447, 47.61182, 172.0755, 45.13213, 5.516686, 27.19497, 102.5575, 21.88148, 47.34921, 33.13926, 158.0911, 174.0702, 42.34576, 17.58838, 89.29085, 49.65299, 4
21.33295, 31.47354, 27.15777, 48.3317, 172.1023, 45.20619, 5.614053, 26.94546, 102.9051, 22.43706, 47.65535, 33.58956, 177.0537, 174.0027, 42.75116, 17.74843, 136.8934, 16.88642, 4
20.45366, 31.91874, 27.69085, 47.0024, 172.0239, 44.64503, 5.881199, 22.51299, 107.4768, 22.62976, 47.13219, 34.92238, 177.6557, 174.114, 42.99866, 17.94469, 136.0702, 16.928, 4
21.52768, 32.90839, 28.33886, 46.03599, 172.1703, 45.66432, 6.270135, 23.67321, 106.8653, 21.85789, 46.0426, 33.91564, 175.5999, 174.026, 42.75803, 17.25448, 136.8248, 16.80832, 4
22.48835, 32.73561, 28.21693, 47.3688, 171.918, 45.75576, 6.847477, 27.8198, 102.6908, 21.57984, 44.88548, 33.35225, 174.7559, 174.0458, 42.47254, 17.19573, 138.624, 16.84393, 4
23.86135, 32.59374, 27.84265, 51.87435, 172.0431, 46.21152, 7.538404, 32.77111, 97.9699, 21.76778, 44.42387, 33.28573, 175.8364, 173.9377, 42.55273, 17.3062, 139.6521, 16.90306, 4
24.23518, 32.93297, 27.44967, 47.38279, 173.3174, 46.70363, 7.162755, 29.16899, 102.6153, 22.49506, 46.49156, 33.32729, 177.1798, 173.9285, 43.04344, 17.18771, 138.9275, 17.1193, 4
26.09187, 32.62427, 27.57058, 60.06955, 174.0938, 47.46147, 7.848029, 42.31935, 90.17106, 21.94043, 46.63213, 33.83072, 177.7169, 173.8958, 42.73851, 17.24362, 138.6156, 17.04697, 4
24.75932, 32.09007, 28.32447, 63.4108, 174.394, 47.32082, 8.683671, 45.71974, 87.10622, 21.28658, 45.07832, 34.59556, 178.6684, 173.961, 42.39189, 17.27124, 137.7315, 17.20242, 4
24.50718, 30.81771, 27.99765, 62.2317, 174.5452, 47.38258, 8.863705, 42.2084, 91.05651, 21.68823, 45.17644, 34.75312, 178.2335, 173.9205, 42.46754, 17.50742, 136.8251, 17.41424, 4
23.77279, 30.67771, 26.85004, 48.91379, 173.4522, 47.28775, 6.574501, 30.95569, 101.0227, 21.86751, 45.50102, 35.69, 178.9172, 173.9875, 42.79159, 17.39797, 136.5431, 17.49131, 4
24.71086, 30.38065, 26.9638, 54.27165, 173.2044, 48.07356, 7.085265, 36.97565, 94.71172, 24.20175, 44.3432, 33.85833, 178.481, 174.1324, 44.53872, 17.16758, 134.9595, 17.17925, 4
25.57339, 29.41982, 27.79925, 65.57, 173.8127, 48.06316, 8.130235, 42.5491, 89.64302, 22.4105, 42.0988, 31.80929, 175.0313, 174.3744, 43.41646, 16.71866, 136.449, 16.43896, 4
25.69702, 29.60168, 28.88091, 75.31589, 174.5276, 47.84933, 8.674097, 42.19432, 90.2607, 22.36552, 37.14431, 31.4767, 175.3004, 174.2213, 43.53157, 16.27552, 136.8898, 16.34526, 4
24.98899, 29.62756, 29.20143, 85.15324, 175.1698, 46.87531, 9.44858, 49.92991, 83.74458, 21.44021, 38.11687, 32.0728, 175.6872, 174.413, 43.12353, 15.93392, 136.7394, 16.10929, 4
24.71458, 29.28438, 29.90998, 96.36455, 175.2424, 46.53413, 10.12792, 49.5265, 84.25245, 21.49125, 39.76152, 32.34058, 175.3224, 174.5547, 43.16497, 15.87966, 135.8721, 16.16687, 4
25.15082, 29.61174, 30.45654, 122.0702, 175.4285, 46.06628, 10.19611, 44.2623, 89.32822, 20.34375, 37.64778, 31.70533, 175.5335, 174.5528, 42.39123, 15.82411, 136.0278, 16.27548, 4
53.88499, 54.278, 39.5804, 34.04963, 42.63273, 27.23995, 13.85361, 9.207907, 9.584578, 46.67916, 40.77824, 47.59169, 33.85165, 49.4648, 31.54792, 9.722251, 9.488749, 10.42215, 5
56.00843, 52.46119, 39.44354, 33.63705, 46.48651, 27.79277, 13.86876, 9.388058, 11.16562, 45.92628, 37.76326, 46.03339, 33.86531, 49.58447, 31.97804, 11.01871, 8.400318, 10.47153, 5
54.64681, 49.51702, 36.87276, 32.88699, 42.23423, 24.73366, 13.02378, 8.550077, 10.85056, 47.07851, 37.00502, 45.05685, 35.02907, 50.29055, 33.14788, 11.55766, 7.240829, 10.18528, 5
54.02679, 47.75486, 38.41043, 32.43018, 43.08555, 22.70804, 10.77172, 8.964579, 10.89632, 46.63034, 35.28794, 48.82107, 33.50548, 47.39645, 33.43505, 11.83238, 9.216908, 9.268343, 5
54.92255, 47.36039, 40.18198, 34.37462, 47.25315, 22.79947, 9.746003, 8.569855, 10.84553, 48.04815, 34.87231, 54.49366, 33.66227, 43.86811, 34.19519, 13.40985, 13.30705, 7.856153, 5
54.36985, 42.82351, 39.4616, 36.46569, 47.70546, 20.6378, 8.097569, 6.982412, 11.12859, 46.79993, 30.79786, 39.94278, 31.05754, 44.05499, 30.77624, 12.04159, 7.700005, 8.718887, 5
54.03878, 37.45892, 34.12313, 32.55007, 41.19196, 19.51751, 8.105784, 6.658645, 10.10719, 44.15965, 25.81226, 85.13544, 23.30353, 35.45564, 30.72264, 21.52279, 26.38042, 8.920595, 5
54.35204, 36.22379, 36.21834, 34.13752, 40.43447, 18.6692, 5.407656, 6.821794, 9.461594, 47.74282, 20.26155, 45.01426, 21.71357, 33.45224, 33.7429, 13.58911, 13.21912, 8.215062, 5
55.02747, 36.42233, 34.01677, 32.88446, 38.70841, 19.12089, 8.319893, 7.451245, 9.623449, 50.3527, 22.92337, 54.73181, 20.64241, 34.23224, 33.10345, 9.434652, 12.87501, 9.078938, 5
55.93239, 38.20071, 36.69916, 34.41036, 41.40609, 20.2935, 7.230688, 6.659145, 9.505555, 54.61018, 22.22351, 23.10063, 23.59875, 40.91855, 36.28609, 9.079046, 11.85105, 10.60146, 5
57.31059, 33.67543, 34.92146, 32.93743, 40.71777, 22.79285, 5.729024, 6.943763, 10.08662, 54.241, 22.51304, 25.88829, 25.85612, 41.11493, 36.11116, 11.22532, 10.10708, 8.925483, 5
57.86475, 30.91356, 29.77239, 27.46528, 34.90353, 24.34237, 6.841575, 7.27265, 10.08756, 52.36575, 16.10515, 32.19024, 18.17293, 32.88474, 36.81202, 9.523199, 12.51071, 9.007215, 5
54.17966, 34.78426, 30.80637, 27.15902, 33.36921, 21.21653, 9.761827, 8.411391, 11.34015, 52.06859, 17.26015, 14.61578, 19.58993, 31.15766, 36.74841, 10.97304, 11.30982, 7.85208, 5
54.93698, 33.1841, 31.53588, 26.20713, 31.32196, 21.55245, 9.007128, 9.063841, 11.25697, 49.7956, 20.39593, 81.39986, 17.26364, 31.63248, 32.96972, 71.81438, 76.59174, 8.908783, 5
56.83215, 39.12749, 35.28553, 30.59497, 35.75077, 21.36031, 9.973422, 7.933775, 9.987925, 49.11045, 24.90065, 140.6808, 22.6672, 38.26248, 31.62382, 103.8615, 108.3058, 8.883739, 5
54.94207, 36.52272, 35.24902, 30.75907, 35.90722, 20.04853, 7.924664, 8.363701, 10.04686, 50.35859, 25.36398, 136.9725, 26.91216, 43.11547, 32.9893, 82.54797, 84.23353, 8.849286, 5
55.69034, 34.90063, 33.7886, 31.3952, 38.22953, 21.69284, 8.449965, 8.18518, 11.18866, 50.13315, 24.41493, 132.1726, 28.55551, 45.09726, 32.2122, 81.30355, 81.25906, 8.963877, 5
55.37122, 34.31785, 34.3223, 30.73523, 36.98466, 22.0471, 7.006867, 8.267785, 11.21249, 47.72305, 24.62868, 129.4637, 28.19442, 44.96465, 31.35785, 77.10973, 76.66357, 9.036768, 5
57.55559, 35.08875, 35.13641, 32.18075, 40.04765, 24.11004, 6.81181, 7.500852, 10.23695, 48.75429, 21.79399, 131.0169, 20.94671, 35.39574, 31.12923, 94.36832, 98.70274, 8.661884, 5
58.4697, 34.1289, 34.1898, 31.405, 39.18185, 24.40432, 6.766947, 7.763264, 10.96561, 47.17015, 20.58576, 135.5063, 19.26748, 34.13884, 31.37944, 106.8174, 110.5629, 8.877236, 5
60.44139, 39.13166, 37.07213, 34.08434, 41.60517, 24.5748, 7.549642, 7.618008, 10.69443, 53.42479, 25.96309, 30.00833, 23.08643, 31.50433, 32.81585, 19.95127, 18.9586, 6.660058, 5
59.86516, 39.3064, 37.03291, 34.66666, 41.9045, 24.27982, 7.131738, 7.660217, 10.93004, 47.45556, 20.07223, 123.1236, 22.95868, 35.50923, 32.20333, 60.06594, 59.70128, 7.515488, 5
58.25605, 39.02132, 37.08235, 32.377, 38.95872, 22.48433, 6.842893, 7.78079, 10.30704, 48.86847, 20.24841, 81.08405, 22.11358, 34.15454, 32.8772, 52.36713, 53.06563, 7.368281, 5
55.47505, 38.80832, 36.54232, 31.08878, 38.2901, 21.07534, 7.218033, 8.248788, 10.33323, 48.88956, 22.14882, 118.5324, 21.81493, 33.10155, 32.19132, 58.01827, 60.00727, 7.188892, 5
56.58714, 38.84082, 35.88186, 31.68008, 40.53994, 20.1131, 7.91232, 7.204376, 9.602365, 49.41406, 23.95614, 98.51463, 21.87029, 32.10353, 32.40958, 46.00555, 49.41192, 6.911003, 5
53.94212, 38.60711, 36.64068, 31.78994, 40.12107, 18.16094, 7.611411, 7.359621, 9.548164, 49.27895, 24.14026, 88.82241, 21.73364, 32.07052, 32.15836, 42.54718, 46.06005, 7.050739, 5
51.77692, 37.30614, 36.41801, 30.78166, 37.45915, 17.88558, 6.27701, 8.21468, 9.973541, 48.42086, 21.31928, 87.64513, 22.69443, 34.341, 32.27438, 43.28239, 44.0898, 7.525196, 5
52.08101, 39.4979, 37.07277, 30.64674, 36.60602, 18.01983, 6.845902, 8.30858, 9.568278, 48.97506, 22.56072, 44.37963, 21.12647, 28.76131, 34.37294, 16.78831, 18.93869, 7.009386, 5
52.77868, 40.77225, 38.2021, 30.38239, 36.71103, 18.76174, 7.543115, 9.14656, 9.489473, 50.09005, 26.07445, 31.99462, 21.32734, 30.31687, 33.80879, 12.22677, 11.9241, 7.302937, 5
53.5841, 37.01688, 35.13657, 29.82957, 37.88226, 20.08912, 7.049153, 8.056151, 10.11659, 48.48723, 25.26838, 51.60983, 21.95526, 31.37912, 33.22433, 18.33566, 22.57984, 7.157659, 5
60.02501, 35.57001, 33.83603, 29.76577, 40.30429, 24.05383, 5.997505, 7.783791, 10.94532, 48.99316, 23.77705, 38.16187, 22.31798, 31.22935, 33.45691, 12.7825, 13.7911, 6.950172, 5
58.21841, 41.10887, 36.59794, 33.97519, 45.11129, 22.14542, 6.987467, 7.080723, 9.585931, 46.63399, 20.744, 39.33805, 21.12793, 31.72227, 32.05427, 32.37138, 32.54057, 7.245379, 5
55.85842, 40.67487, 35.98617, 32.0028, 44.18342, 22.02565, 6.924187, 7.677185, 9.444626, 46.43015, 24.04178, 70.96767, 21.68657, 32.02181, 31.51168, 33.47635, 38.59154, 7.280093, 5
58.97192, 37.81289, 34.03792, 28.60557, 38.37371, 23.06699, 7.114388, 8.18789, 9.996545, 47.28433, 25.80419, 33.10793, 21.4582, 29.84523, 32.58346, 13.08642, 13.72728, 7.11979, 5
54.3255, 39.92873, 37.35598, 30.67298, 37.43452, 18.97535, 7.279284, 8.691065, 10.831, 48.69934, 27.59785, 43.02914, 23.23811, 33.04451, 32.65119, 14.27454, 17.40783, 7.292775, 5
53.63262, 41.17478, 38.86354, 32.48506, 39.01874, 18.69789, 6.313543, 7.822603, 9.574194, 48.4866, 26.26206, 58.65367, 25.77656, 37.09121, 32.30117, 22.08199, 23.5865, 7.665211, 5
55.57151, 41.80304, 38.09295, 32.90149, 42.76254, 20.95369, 6.85944, 7.558864, 9.169862, 47.70852, 23.77249, 62.245, 23.88475, 35.31211, 32.43863, 30.4235, 32.02065, 7.733019, 5
54.20093, 44.88619, 38.50805, 33.28117, 44.42272, 20.73501, 7.619142, 7.70482, 8.152012, 47.63856, 22.4476, 79.76546, 23.13628, 33.95505, 32.42522, 39.82737, 42.10323, 7.695161, 5
55.88808, 41.8777, 36.25006, 29.4595, 39.24931, 21.42539, 7.006923, 8.837001, 8.54539, 48.99216, 25.30319, 49.6426, 25.72685, 37.06287, 32.86091, 18.89336, 19.05185, 7.671814, 5
55.36749, 43.49501, 37.34662, 30.59976, 40.99658, 20.99802, 7.516115, 8.757149, 8.759839, 48.83627, 26.02011, 44.75032, 25.2759, 36.24476, 32.37206, 14.00169, 13.94321, 7.717216, 5
53.24521, 46.01672, 38.08126, 30.43069, 39.87872, 19.10285, 8.953043, 9.191267, 8.738443, 47.91616, 25.89215, 39.24197, 20.98121, 29.30611, 32.50428, 13.19886, 15.66891, 7.228273, 5
52.38869, 48.52029, 39.96593, 31.63089, 42.55224, 19.509, 10.02813, 9.778612, 8.730775, 47.73615, 24.04198, 40.53386, 22.41435, 31.45378, 33.02853, 14.21646, 15.63612, 7.184797, 5
54.78757, 49.94902, 40.86362, 31.08905, 39.39864, 22.74906, 10.77486, 11.03353, 8.746823, 48.87001, 26.28449, 40.56592, 28.05262, 40.31055, 32.44902, 14.1541, 10.85308, 8.123785, 5
50.91481, 55.25161, 44.23732, 33.46706, 41.86469, 20.28244, 12.30943, 11.95037, 8.544586, 45.67784, 22.28468, 31.17914, 23.06344, 33.49681, 32.42726, 24.16435, 22.22893, 7.538952, 5
54.59022, 49.30666, 39.79269, 30.19082, 37.33927, 23.03101, 10.43739, 10.88584, 8.498701, 47.93939, 19.86083, 18.17673, 23.75313, 34.75025, 34.42441, 14.2288, 8.319445, 7.698935, 5
53.91555, 51.21951, 43.78858, 34.43885, 41.88252, 22.35876, 9.419724, 10.39497, 7.789236, 49.24293, 22.32592, 21.45525, 25.80043, 36.89932, 34.15733, 14.16412, 7.854779, 7.755625, 5
55.74804, 44.43068, 36.47949, 29.18857, 38.8493, 21.25083, 9.343212, 9.598802, 9.011228, 49.60485, 22.47163, 19.65046, 26.72187, 38.30418, 34.02835, 15.06515, 7.911005, 7.796213, 5
56.94916, 43.11158, 35.60858, 28.54332, 39.91647, 22.1874, 9.126924, 9.292463, 9.285207, 49.20978, 25.22128, 22.19063, 27.26924, 37.0422, 33.06689, 13.99917, 7.613214, 7.388518, 5
57.27473, 43.92928, 37.88528, 30.58203, 39.77851, 23.48903, 7.708793, 9.676622, 9.371672, 48.46935, 21.63866, 19.37425, 23.87099, 32.91636, 33.88774, 13.82258, 7.988613, 7.176163, 5
55.57924, 46.92754, 40.72627, 33.23484, 42.92967, 21.21539, 7.875941, 9.299314, 8.301937, 47.17553, 20.37684, 19.59424, 23.79755, 34.24206, 33.13206, 13.66608, 8.151866, 7.539888, 5
56.75294, 46.16409, 38.74894, 31.35632, 42.97041, 21.92242, 9.084023, 9.663203, 9.244373, 47.5727, 22.69194, 17.06918, 23.89943, 33.496, 32.94977, 14.01668, 7.840898, 7.237332, 5
56.66483, 47.64743, 39.81715, 31.55875, 41.30859, 23.26811, 9.193468, 10.24765, 8.836979, 47.79395, 19.32144, 17.31032, 23.43121, 33.55618, 34.04618, 13.65594, 8.003981, 7.282814, 5
55.70152, 43.77808, 37.05215, 29.42666, 39.23199, 21.29712, 8.239475, 9.551334, 8.590137, 46.9377, 19.01819, 18.99616, 25.78588, 37.25117, 33.39391, 14.17454, 7.702375, 7.807181, 5
56.86323, 45.29701, 37.4179, 29.52055, 38.8331, 21.97386, 8.919406, 9.850856, 8.954426, 49.03568, 22.14884, 24.60921, 27.43207, 37.49514, 33.35613, 13.43337, 7.666824, 7.598172, 5
56.31709, 46.39602, 38.85272, 29.49179, 37.91305, 23.00909, 9.304913, 10.77167, 8.913985, 47.71054, 21.5186, 24.66291, 24.63874, 34.52091, 32.90813, 13.00446, 8.23938, 7.403347, 5
55.90306, 47.22104, 40.02211, 32.48618, 42.2479, 23.6094, 8.609071, 9.532731, 8.017263, 47.68038, 20.1531, 17.12942, 24.09604, 34.54779, 33.75502, 13.52507, 7.70561, 7.326943, 5
56.55772, 46.11345, 38.40024, 30.13649, 40.39115, 21.99804, 8.922599, 9.767829, 8.441268, 46.70607, 26.73293, 30.93516, 29.23372, 39.76777, 30.94018, 13.06791, 7.461981, 7.459272, 5
56.41686, 47.39978, 39.47505, 30.87514, 40.0149, 22.24889, 9.550655, 10.13529, 8.551984, 46.50085, 22.17339, 24.52231, 29.15977, 43.27277, 32.00822, 14.32545, 6.47266, 8.61012, 5
56.04639, 47.16031, 39.75972, 30.99329, 39.95022, 21.93653, 8.659094, 10.30918, 8.385156, 46.56833, 31.66992, 44.06232, 29.60288, 41.68312, 28.59553, 12.52774, 9.705593, 7.450665, 5
52.87561, 44.98448, 38.63758, 30.07931, 38.6861, 18.17056, 8.043396, 9.851534, 8.711742, 47.16999, 26.70001, 42.45345, 32.43585, 46.63228, 30.38553, 14.68293, 8.189281, 8.570635, 5
52.38441, 50.55631, 43.22765, 34.18629, 45.19595, 20.54063, 9.108864, 10.3117, 8.814096, 45.57349, 28.86391, 45.27352, 30.51699, 42.25617, 28.92834, 13.18835, 8.854945, 7.500774, 5
54.21459, 49.00601, 42.02003, 33.55407, 44.29791, 21.47892, 8.508447, 9.717901, 8.342991, 46.37185, 26.47274, 61.87143, 31.25663, 45.23432, 29.38492, 22.0221, 18.39712, 8.378784, 5
56.41678, 40.05209, 35.71044, 30.65535, 46.22764, 21.1607, 6.348384, 7.793619, 9.952736, 46.08937, 27.36126, 65.63087, 32.00861, 46.87353, 28.84372, 25.571, 21.85701, 8.638224, 5
54.04576, 42.63933, 38.54435, 33.16433, 48.03287, 19.44001, 6.686507, 7.969867, 10.24573, 46.23307, 28.10218, 53.6637, 31.19216, 45.44359, 28.96322, 18.03972, 13.89518, 8.299477, 5
56.43698, 39.52169, 35.20805, 30.41245, 43.38647, 23.34361, 5.841002, 7.392314, 8.660592, 46.30782, 24.65963, 59.91998, 28.39074, 40.79019, 30.00852, 28.47832, 25.40174, 7.725223, 5
56.83531, 38.02921, 35.14209, 29.2939, 41.45768, 22.31432, 5.329912, 8.088108, 9.332267, 45.15823, 28.01693, 78.93288, 30.28616, 43.52597, 28.2069, 32.49791, 30.75521, 7.743215, 5
55.22646, 45.89909, 41.60652, 36.36134, 50.59136, 21.1362, 6.194098, 7.282625, 9.214179, 45.36446, 29.84875, 86.22833, 28.81153, 40.7403, 28.44458, 35.29125, 37.74775, 7.374855, 5
55.8324, 44.13301, 38.68692, 34.53447, 51.39635, 21.61076, 6.769671, 6.868499, 10.39122, 46.05205, 29.35378, 69.06461, 30.67324, 44.44964, 28.35367, 23.87472, 23.1316, 8.302292, 5
55.64109, 41.92707, 38.50678, 34.2462, 50.50451, 21.23079, 5.32318, 6.48035, 10.04892, 45.76713, 27.85247, 68.66893, 28.95459, 40.93634, 28.3324, 27.4913, 27.44587, 7.356554, 5
53.64047, 45.03582, 40.18305, 34.90026, 50.02539, 18.52806, 6.566263, 7.778947, 9.508987, 45.52874, 26.74818, 77.91599, 29.36166, 42.06185, 28.21988, 34.11651, 34.22047, 7.712865, 5
52.83545, 43.10767, 37.40949, 31.02281, 44.1665, 17.71302, 7.168942, 8.738038, 9.087504, 45.77544, 27.60762, 85.80421, 29.86124, 42.58419, 27.95611, 36.01196, 36.50509, 7.688731, 5
52.46959, 43.52442, 39.38375, 34.3592, 48.22922, 18.66746, 5.708529, 7.544156, 8.810909, 45.94133, 28.97917, 82.55662, 30.83634, 44.25084, 27.86202, 33.07514, 33.90935, 7.832909, 5
54.17088, 39.02238, 35.3674, 29.53392, 44.21956, 19.25856, 5.696568, 8.000792, 9.667089, 44.95945, 26.15355, 94.52515, 29.3352, 43.216, 27.8555, 44.08545, 44.16856, 8.141287, 5
54.72614, 43.79107, 37.96164, 31.35935, 43.13863, 20.27024, 7.403799, 8.758, 8.577117, 46.39666, 28.2058, 77.72756, 29.07175, 41.37622, 28.56964, 33.27579, 34.71592, 7.52217, 5
54.4633, 41.38605, 36.28248, 29.53149, 41.7286, 18.89927, 6.565785, 8.794194, 9.035876, 46.37799, 28.51312, 70.85861, 29.26634, 41.75398, 28.50289, 28.52352, 30.21262, 7.657731, 5
52.8269, 39.07351, 34.94609, 28.09552, 40.2927, 18.62838, 6.572203, 8.976099, 9.635086, 44.90114, 26.98555, 93.77845, 29.78282, 44.72305, 27.15183, 45.88594, 46.4432, 8.499786, 5
53.6159, 37.94901, 34.67854, 29.06905, 41.29626, 19.43283, 5.658422, 8.443525, 9.519091, 45.62368, 27.27549, 88.55494, 28.85903, 41.39378, 27.80951, 38.77686, 40.90337, 7.640259, 5
55.46397, 36.90122, 33.03743, 27.26767, 39.90975, 19.83198, 6.343224, 8.672581, 9.820908, 45.48716, 28.1904, 66.43986, 25.54147, 35.82446, 28.41308, 22.92282, 25.94049, 7.451429, 5
53.08708, 38.59001, 35.26268, 29.89514, 42.50946, 18.0282, 5.287056, 7.816779, 9.035333, 44.20247, 28.30992, 88.40367, 27.36099, 39.73645, 27.08178, 41.73874, 44.20287, 7.761721, 5
53.13462, 39.60837, 36.62447, 31.3652, 45.51796, 18.96143, 5.890491, 7.690339, 9.438547, 43.40375, 26.99445, 96.4165, 26.7167, 38.66957, 26.79674, 43.76598, 46.16125, 7.698552, 5
53.8418, 37.67258, 34.4226, 29.23292, 44.05009, 20.58436, 5.963449, 7.758787, 9.735205, 42.78558, 24.9471, 101.4976, 27.31324, 40.97031, 26.49552, 45.15176, 45.46651, 8.18789, 5
53.85654, 36.54002, 33.61778, 29.40426, 45.04403, 20.29923, 5.164788, 7.332618, 10.02986, 44.71248, 27.03055, 106.3343, 28.76332, 42.54379, 27.02029, 55.10769, 56.62364, 8.06818, 5
54.5486, 37.91886, 34.14188, 29.92892, 44.76659, 20.60542, 5.924866, 7.369133, 9.772196, 46.66148, 30.78969, 64.76553, 27.79198, 38.98596, 28.83943, 25.19583, 29.88595, 7.500512, 5
55.63627, 36.54914, 32.4468, 28.21664, 43.22514, 21.33735, 6.120613, 7.468631, 10.20585, 48.06703, 30.43744, 87.68952, 29.04016, 41.76375, 28.48697, 41.56345, 46.83779, 7.933379, 5
55.97585, 36.51162, 32.95783, 29.15215, 43.47212, 21.39022, 5.670533, 7.259771, 9.777385, 47.99287, 31.31397, 83.11053, 33.68938, 49.5083, 29.48629, 36.70142, 38.69072, 9.024627, 5
56.44286, 36.49569, 32.76036, 28.72956, 43.02858, 21.82824, 5.895414, 7.459904, 9.869581, 45.49725, 20.16092, 147.9286, 20.80625, 38.11668, 30.76887, 99.06824, 100.5393, 10.24409, 5
56.16672, 34.99242, 32.20856, 28.35476, 44.17699, 20.89126, 5.397427, 7.378844, 10.88817, 44.33895, 17.48005, 146.5706, 19.17618, 36.11842, 31.2118, 108.8297, 109.6506, 9.812155, 5
53.83238, 37.36049, 34.97464, 30.22275, 46.86348, 18.33208, 5.596816, 7.583642, 11.4608, 46.44167, 24.5078, 137.0232, 23.69726, 43.60164, 30.79756, 99.31008, 103.1242, 11.4425, 5
53.97454, 38.37112, 36.8231, 33.71277, 55.73962, 17.79985, 5.106454, 6.477112, 14.848, 50.90245, 30.95134, 27.40733, 25.19079, 41.21168, 36.6129, 15.41391, 11.14396, 10.71535, 5
51.15855, 42.81318, 38.07656, 34.54371, 55.66349, 16.41983, 7.733779, 7.41103, 14.61028, 52.49215, 27.10598, 24.65205, 23.14512, 36.75353, 38.02972, 17.57182, 12.3424, 9.502391, 5
54.25075, 36.49788, 34.21848, 30.62961, 52.94164, 18.89507, 5.895148, 7.167191, 14.96121, 49.77753, 33.41006, 27.94193, 31.23967, 46.47767, 35.32175, 12.98682, 8.260562, 10.17533, 5
50.83634, 43.57007, 39.04483, 34.97089, 53.36678, 15.9873, 7.299336, 7.531581, 12.57738, 49.73607, 31.80345, 23.36061, 31.40138, 46.78683, 34.77241, 13.60124, 7.692507, 10.08157, 5
54.83593, 35.65727, 32.54699, 28.66278, 48.26906, 19.70872, 6.209241, 7.553411, 12.874, 47.78003, 27.72512, 65.84292, 26.8462, 38.75923, 31.916, 38.8019, 41.22422, 8.194697, 5
53.08529, 38.18559, 35.7082, 32.00468, 49.70024, 18.45273, 5.31725, 6.956519, 11.62571, 47.76035, 30.22046, 88.14043, 30.63546, 44.05636, 30.44938, 37.46254, 39.31979, 8.328999, 5
52.31138, 39.03048, 36.81051, 33.70729, 52.0529, 18.33649, 4.900809, 6.80158, 11.9766, 46.68232, 27.32458, 96.72898, 30.72845, 43.80272, 30.05462, 44.50306, 43.67089, 8.019344, 5
53.79673, 35.76523, 33.8942, 30.19201, 51.14854, 19.5957, 5.563205, 7.353859, 13.91188, 46.35669, 27.32999, 91.05699, 31.11024, 43.05102, 29.84952, 41.11698, 40.00138, 7.506057, 5
52.66767, 37.02935, 34.50862, 30.84995, 50.03439, 17.98128, 5.765786, 7.309516, 12.83444, 46.33001, 27.27485, 91.58267, 30.12701, 42.49097, 29.59817, 40.64273, 40.06251, 7.719657, 5
52.35473, 37.60835, 35.34629, 31.87148, 50.34035, 17.5072, 5.278117, 7.041412, 12.08658, 44.8516, 26.98079, 98.90732, 28.49081, 40.22562, 28.40314, 47.24244, 48.33746, 7.687301, 5
52.86605, 37.90471, 36.34105, 32.50386, 50.63816, 18.15568, 5.103191, 6.890025, 11.9235, 44.02526, 25.26518, 105.0432, 27.3538, 38.81022, 28.79614, 50.89661, 51.06446, 7.557955, 5
51.80648, 41.08164, 38.20647, 34.35543, 55.06713, 14.91181, 6.258367, 6.819551, 13.93511, 43.19876, 25.72114, 102.5556, 27.02683, 37.93219, 27.94866, 48.11076, 49.43733, 7.343901, 5
51.69691, 41.99951, 37.57291, 33.46528, 54.63472, 16.8207, 7.533327, 7.370862, 14.22413, 43.60966, 26.98416, 91.72066, 28.50729, 39.46073, 27.89058, 40.95039, 41.47841, 7.128299, 5
53.02166, 37.81437, 35.33523, 31.42023, 49.06232, 18.24128, 5.605739, 7.205656, 11.85484, 43.63624, 26.01729, 97.98775, 27.71938, 39.29681, 27.76582, 46.78276, 47.05265, 7.413306, 5
52.59748, 44.01246, 40.01832, 35.92033, 58.36011, 18.17501, 6.929483, 7.136056, 15.58401, 43.41782, 24.1346, 98.55649, 27.08593, 38.69096, 28.06982, 51.37738, 50.92854, 7.332752, 5
51.92744, 42.55526, 39.72686, 36.40611, 56.32138, 17.40754, 4.828887, 6.294291, 13.19416, 44.52038, 29.05188, 84.57243, 29.6701, 43.00423, 27.2409, 32.22264, 33.4768, 8.329823, 5
51.62476, 40.30886, 38.57979, 35.79081, 64.61409, 16.09839, 5.493869, 6.80135, 20.99879, 45.03632, 30.2246, 53.92434, 28.83215, 39.46822, 28.14211, 16.45002, 15.66315, 7.170092, 5
53.04071, 37.20993, 36.07147, 33.68947, 56.36732, 19.43952, 4.732138, 6.616098, 15.85853, 45.03563, 29.07812, 68.85443, 26.83508, 35.69619, 28.26592, 22.6961, 25.32495, 7.011848, 5
52.56093, 42.50776, 41.46695, 38.81461, 63.58343, 17.63806, 4.918566, 6.461107, 18.44749, 45.66883, 28.01291, 80.96667, 27.92578, 39.54472, 28.81302, 32.15744, 34.52685, 7.632781, 5
49.5816, 40.73158, 38.53596, 36.00102, 60.94857, 14.46931, 4.775529, 6.359617, 17.73001, 44.62201, 26.87473, 91.9698, 29.175, 43.82995, 28.15778, 43.16378, 44.33006, 8.715868, 5
49.62249, 39.42416, 37.54527, 34.48083, 57.1335, 15.99828, 4.624952, 6.417991, 15.62251, 44.66833, 26.99371, 97.01998, 28.77676, 43.4137, 28.21865, 44.96665, 46.69569, 8.812782, 5
52.96574, 36.4642, 36.86433, 36.50474, 63.67346, 18.31188, 3.849292, 6.275824, 19.87893, 42.79329, 26.81159, 104.0573, 26.78515, 39.40711, 27.26946, 50.83012, 54.35965, 8.376511, 5
50.36642, 37.73882, 39.29781, 38.49433, 65.53983, 16.97719, 3.807658, 6.283442, 20.65241, 41.77455, 25.92778, 106.7898, 26.58914, 39.4533, 27.06834, 50.37336, 52.8796, 8.387217, 5
51.7302, 37.83654, 38.85021, 37.39187, 64.40068, 18.20681, 3.875705, 6.388502, 20.22038, 42.1906, 26.77689, 105.5982, 27.18326, 40.14928, 27.02751, 48.05692, 50.96012, 8.393888, 5
52.65546, 36.5245, 36.65404, 34.58747, 60.27859, 18.88425, 4.234616, 6.75122, 18.71574, 41.85479, 27.17674, 104.597, 27.29612, 40.30192, 26.84216, 47.71254, 51.12751, 8.439477, 5
52.64407, 35.21424, 35.71757, 35.18808, 67.25603, 18.34851, 4.281759, 6.866985, 24.16071, 42.35843, 26.61046, 99.73035, 28.51209, 43.77587, 26.52577, 46.97338, 48.4407, 9.289438, 5
52.85634, 34.30857, 34.73843, 34.466, 61.31222, 19.29482, 4.345371, 6.785471, 19.52206, 43.27502, 27.52331, 89.33052, 28.33792, 42.22178, 27.42831, 36.95034, 39.73824, 8.610028, 5
52.2032, 38.10962, 39.56552, 38.85175, 62.05616, 18.13911, 3.409041, 6.02646, 16.81836, 44.15551, 27.56781, 85.23539, 28.21503, 41.59932, 27.6951, 32.75986, 35.28413, 8.481884, 5
51.30131, 37.68654, 39.44678, 38.73785, 65.81962, 18.02125, 3.967731, 6.414354, 20.61139, 43.22115, 26.98203, 92.24474, 28.56991, 42.72855, 27.29316, 38.17434, 40.03149, 8.643679, 5
52.07879, 40.01421, 41.57092, 39.64981, 64.56647, 18.13692, 4.201138, 6.373075, 18.86267, 43.49072, 26.65726, 105.2237, 28.31109, 41.90925, 27.54861, 56.0419, 58.40357, 8.538654, 5
52.37743, 39.3642, 40.20115, 38.45164, 63.71618, 17.7414, 4.288341, 6.48277, 18.76677, 41.91426, 26.06256, 103.7372, 28.52395, 42.60151, 26.5425, 54.65529, 56.85442, 8.771111, 5
52.31694, 35.76723, 36.90467, 35.47525, 61.05711, 19.85932, 4.72928, 7.009862, 18.8773, 41.98629, 26.3887, 101.0268, 27.81828, 42.15989, 26.32055, 48.70335, 50.36337, 8.970604, 5
52.41576, 36.65944, 37.19538, 35.02005, 59.44111, 17.89236, 4.020098, 6.688736, 17.05992, 42.71206, 27.07841, 85.08212, 28.83941, 42.50504, 26.43638, 32.95117, 34.04832, 8.303829, 5
54.14745, 33.48724, 36.75945, 36.27847, 57.94859, 20.81429, 4.010392, 6.594485, 15.39299, 43.62966, 29.54576, 62.12812, 27.36557, 37.47757, 27.52651, 15.17265, 17.84557, 7.625553, 5
51.75549, 40.74361, 42.05412, 40.36966, 57.45539, 17.34406, 3.570345, 6.184184, 12.32051, 44.13413, 26.75456, 89.70493, 28.95242, 43.38597, 27.6113, 41.52785, 43.03852, 8.668254, 5
51.71493, 36.46943, 37.86983, 36.39263, 60.26399, 16.50388, 3.928499, 6.401839, 17.24851, 41.02925, 27.85025, 102.4192, 28.41615, 43.41089, 25.94354, 54.62631, 57.64009, 9.0963, 5
51.37277, 35.67734, 36.33261, 34.44476, 56.74833, 17.15016, 4.279106, 6.632174, 15.83, 41.71032, 26.86894, 97.92657, 29.52562, 44.28339, 26.27952, 45.57284, 46.34697, 9.016002, 5
51.93011, 35.68507, 36.00861, 34.28175, 56.6806, 17.0986, 4.341763, 6.80602, 15.4462, 45.8718, 29.68104, 61.97661, 28.90824, 39.73281, 28.73778, 17.22794, 19.74294, 7.745267, 5
53.68467, 34.05319, 36.04938, 35.21403, 58.16549, 19.42924, 3.822747, 6.47917, 16.22643, 46.00643, 29.76628, 60.16494, 27.34855, 37.80578, 29.11919, 18.58587, 22.49565, 7.996939, 5
53.90062, 38.38444, 38.72668, 36.91397, 59.91325, 18.66188, 4.287976, 6.705983, 16.32086, 45.89024, 29.18768, 72.82333, 26.15424, 35.96208, 29.50146, 24.86733, 29.23689, 7.999222, 5
53.30516, 36.04434, 35.08648, 31.30349, 53.14806, 17.10289, 3.622014, 6.914039, 14.6379, 45.35749, 28.03207, 89.26753, 26.78079, 37.07888, 28.75745, 35.56766, 39.42818, 7.8434, 5
54.16747, 35.02021, 34.41795, 31.84719, 51.98532, 17.71708, 3.556498, 6.787292, 13.79624, 47.20914, 28.65635, 87.89349, 29.02543, 40.93152, 30.13582, 39.29173, 41.88317, 8.235448, 5
53.7012, 36.09846, 35.21043, 32.0318, 51.76389, 17.12713, 3.792663, 6.694832, 13.04707, 48.26964, 27.54988, 89.97977, 31.75759, 44.11468, 31.18834, 41.45065, 42.05712, 8.133783, 5
52.55023, 35.71239, 34.20956, 28.8893, 44.08911, 16.41674, 4.426822, 7.78984, 11.25841, 48.17063, 28.81765, 85.18774, 30.7922, 44.1025, 30.66318, 39.07901, 42.33511, 8.644883, 5
54.26877, 35.25179, 33.5582, 28.52016, 44.63382, 18.18328, 4.483449, 7.470602, 11.40121, 47.04454, 28.5782, 89.61121, 30.22118, 43.35583, 29.96281, 42.68529, 45.55411, 8.610804, 5
54.7635, 34.06531, 32.79096, 28.47797, 47.36076, 18.04246, 4.429874, 7.323246, 12.83984, 47.7584, 26.72678, 92.09387, 31.22585, 43.41961, 31.76804, 43.60346, 43.6114, 8.038001, 5
50.72933, 38.07695, 36.24862, 31.63106, 51.23422, 14.44382, 5.01157, 7.605194, 13.35956, 48.20026, 27.37696, 91.1118, 30.55857, 43.54137, 31.7604, 41.86297, 43.5577, 8.335126, 5
51.5299, 33.98474, 32.62846, 27.01648, 43.02615, 17.26446, 4.677511, 8.252429, 11.95579, 48.87454, 28.59286, 82.74998, 31.45735, 43.11956, 32.61013, 37.91358, 39.33727, 8.082038, 5
53.53636, 37.22749, 35.22015, 30.50636, 48.38052, 17.85408, 5.224272, 7.551332, 12.48154, 48.69859, 28.90105, 63.05719, 33.15413, 44.53444, 33.48562, 24.5548, 22.88437, 7.988048, 5
52.2505, 39.60044, 36.81316, 34.03945, 56.21708, 17.47218, 5.158866, 6.43276, 14.94687, 53.04916, 29.63979, 33.28547, 34.81837, 45.20831, 37.59837, 12.60162, 7.363272, 7.756814, 5
54.47476, 35.69096, 33.97577, 30.68534, 51.41949, 20.18912, 4.56287, 6.602479, 13.4714, 53.77731, 34.69294, 34.72153, 36.75063, 47.85711, 38.40926, 13.04578, 6.8659, 8.107674, 5
54.97154, 35.41079, 33.94214, 32.17111, 55.49278, 20.17986, 4.576415, 6.380517, 15.5329, 52.29556, 31.4376, 36.37444, 35.73281, 45.20009, 37.28234, 14.5446, 7.348255, 7.634555, 5
55.05873, 37.22069, 35.42637, 32.66094, 55.24837, 18.83541, 4.583343, 6.44415, 14.59032, 51.50768, 32.24725, 30.0947, 33.70942, 44.27957, 35.0561, 15.27228, 6.873979, 7.781824, 5
53.8452, 36.86457, 34.54166, 30.76663, 50.94452, 18.04682, 4.857687, 6.875235, 13.41752, 52.60009, 30.26525, 23.11467, 33.27871, 43.47505, 36.92038, 14.29393, 6.696326, 8.027175, 5
55.38256, 38.11229, 35.75581, 31.81683, 49.81969, 18.88681, 4.683788, 6.484736, 11.99975, 52.12647, 32.27993, 35.36537, 34.68234, 44.97615, 37.24466, 13.4469, 7.021549, 8.219721, 5
52.53621, 38.66557, 34.19146, 29.38694, 47.9458, 16.0197, 6.449412, 7.507181, 12.42146, 50.01272, 31.62182, 34.43439, 33.43462, 45.01067, 34.65798, 13.16689, 7.087065, 8.746419, 5
54.82811, 38.36979, 35.20169, 30.6009, 50.28635, 17.25993, 5.66749, 7.254877, 13.0117, 51.07008, 33.71977, 34.99378, 34.11554, 45.4693, 35.91153, 12.91511, 6.647207, 8.340118, 5
52.97345, 37.24552, 32.99287, 28.4919, 47.65863, 16.45642, 6.072992, 7.140563, 12.53583, 50.95467, 30.1162, 32.2073, 31.93296, 42.16061, 35.9101, 13.65846, 6.776128, 8.275002, 5
52.14993, 37.68319, 34.64809, 29.15682, 48.38379, 16.8146, 5.967918, 7.542542, 12.67801, 50.88349, 28.90344, 29.99107, 31.19013, 41.21545, 35.89837, 14.35869, 6.574739, 8.167506, 5
53.39585, 34.57183, 32.94608, 29.46022, 51.85505, 18.75225, 4.945696, 6.846647, 14.61372, 51.69269, 26.94086, 25.28773, 30.69174, 42.60856, 36.19336, 14.11428, 6.498662, 8.618146, 5
51.67268, 37.95063, 35.55719, 30.94966, 48.46458, 16.64078, 5.266707, 7.096442, 12.05316, 50.59967, 29.37896, 32.39645, 31.3431, 41.01883, 35.17424, 13.32966, 6.539959, 8.027125, 5
49.75578, 36.27747, 34.5177, 28.61412, 45.56289, 16.3117, 5.356281, 7.803259, 12.22658, 49.81164, 26.53748, 24.7654, 31.18984, 42.46697, 34.63387, 14.57558, 7.712841, 8.042176, 5
50.84017, 38.82162, 35.66904, 29.23423, 51.50608, 15.64239, 5.820529, 7.835413, 14.59768, 49.8427, 28.35146, 31.59238, 31.7648, 42.712, 34.25306, 14.24372, 8.305816, 8.024802, 5
50.96166, 39.15402, 35.05361, 28.05092, 45.91471, 15.42934, 6.412428, 8.378268, 11.91894, 49.67229, 29.2485, 33.74533, 32.28902, 43.06101, 34.1247, 13.76143, 8.134991, 8.098127, 5
50.37355, 37.17428, 33.91677, 27.55307, 45.33912, 16.34886, 6.160011, 8.049691, 12.50113, 49.15485, 27.96236, 33.95776, 30.6447, 41.2938, 34.13148, 14.45234, 7.399133, 8.219913, 5
50.31607, 36.95433, 33.84739, 27.58545, 45.64603, 16.60263, 5.834756, 7.870855, 12.59592, 48.46986, 25.4069, 28.99362, 28.65185, 40.1093, 33.6255, 14.29114, 6.889513, 8.569879, 5
45.50484, 41.83956, 37.01869, 29.70111, 49.42118, 11.74829, 6.977973, 8.359685, 13.14789, 49.88965, 27.94164, 27.11106, 30.40854, 41.36123, 34.76188, 13.88406, 6.983957, 8.08908, 5
49.26794, 44.10082, 39.66755, 32.59352, 49.81315, 13.39036, 6.964466, 8.132045, 11.39242, 48.35061, 26.54197, 36.71975, 30.02575, 42.11484, 33.03441, 16.18042, 13.45158, 8.297395, 5
49.23763, 48.05796, 42.87983, 36.23244, 54.8172, 13.59001, 7.784346, 8.040198, 11.94763, 50.22565, 30.88301, 31.38798, 33.15182, 44.17296, 34.33712, 13.05826, 6.876889, 8.307777, 5
49.01153, 44.14138, 39.73314, 33.63045, 51.46638, 14.62376, 6.636401, 7.804541, 11.77149, 48.9166, 28.67577, 33.4124, 31.2749, 43.36045, 33.91288, 14.77191, 10.27548, 8.489128, 5
49.30939, 44.61477, 40.09284, 34.14164, 53.05869, 13.48582, 6.500079, 7.522039, 11.81204, 48.68836, 31.01878, 36.37055, 32.67272, 43.94909, 32.74828, 12.89067, 7.601968, 8.365931, 5
51.24551, 46.62109, 41.42169, 32.76678, 49.85129, 14.45258, 7.286989, 9.287577, 11.03257, 48.47704, 29.17425, 36.90162, 31.3194, 43.43936, 32.76363, 14.39205, 9.132112, 8.670655, 5
50.64341, 48.63382, 42.59486, 34.42677, 52.38439, 14.72056, 8.351154, 9.391366, 11.65785, 48.41698, 25.2705, 50.00322, 29.88154, 43.00066, 33.03848, 21.96993, 19.35012, 8.755174, 5
49.92319, 41.10472, 37.02535, 31.09983, 49.55542, 14.19025, 6.567248, 7.795507, 12.39492, 48.87619, 27.66475, 30.681, 29.2875, 40.25021, 32.77862, 13.75989, 6.964298, 8.529057, 5
45.49154, 46.2948, 42.84712, 35.80233, 54.6395, 10.60265, 6.677085, 8.159931, 13.00583, 47.41291, 26.63198, 28.69623, 28.35078, 39.57721, 32.18222, 13.86168, 7.944036, 8.280172, 5
46.37725, 48.61745, 44.08662, 35.5783, 51.9948, 13.26078, 7.237495, 9.131249, 10.81192, 50.72812, 29.555, 30.37772, 32.33818, 43.52514, 33.73553, 13.51296, 6.740551, 8.214058, 5
50.75168, 47.04045, 42.58641, 34.76614, 51.5554, 13.23694, 7.026381, 9.064122, 11.15373, 47.49916, 24.87287, 60.90343, 30.07908, 42.8163, 31.94111, 27.4587, 26.27617, 8.377378, 5
48.92499, 50.84689, 44.65669, 35.73494, 49.62395, 15.25965, 8.060268, 10.12502, 9.328054, 49.71823, 30.60687, 34.21943, 32.561, 44.53715, 33.29756, 12.96924, 7.400087, 8.580483, 5
49.91355, 49.12757, 43.18927, 34.78303, 48.71405, 14.86775, 7.563172, 9.712276, 9.675282, 47.33665, 25.56566, 41.13224, 29.97066, 42.29948, 31.72321, 17.44824, 12.4161, 8.604872, 5
48.75969, 49.76954, 45.01479, 37.94003, 55.05268, 12.53517, 7.190528, 8.210352, 10.81367, 48.69645, 26.85977, 47.74665, 29.95926, 41.15229, 31.85911, 16.71863, 14.57617, 8.243883, 5
47.40521, 50.77831, 45.91523, 37.64482, 52.83387, 14.09529, 7.616514, 9.407425, 10.03791, 48.34609, 25.55446, 56.48385, 29.94554, 41.98032, 31.86672, 22.26467, 20.7908, 8.185636, 5
49.70057, 49.7228, 42.71488, 33.89443, 52.78131, 15.14038, 8.994707, 9.466785, 11.74955, 50.41152, 31.43268, 34.60054, 32.68512, 44.1077, 32.85192, 12.76888, 6.97398, 8.479314, 5
50.99899, 48.0938, 41.40828, 32.81771, 49.85992, 15.95792, 8.684237, 9.588535, 11.07556, 49.1587, 28.51612, 37.48689, 31.77046, 42.87246, 32.1806, 15.91332, 12.50962, 8.012365, 5
51.44834, 44.53186, 38.62621, 31.11818, 47.79633, 14.14168, 8.173178, 8.827326, 11.26991, 49.83218, 29.17396, 33.33241, 30.90265, 42.47091, 31.35861, 12.80147, 7.062109, 8.517536, 5
49.51952, 50.98769, 44.69392, 36.68475, 54.16578, 14.59275, 8.280766, 8.865123, 10.71518, 47.86816, 27.15088, 37.73013, 28.65414, 39.83802, 30.96558, 14.15339, 10.66605, 8.059635, 5
50.31413, 50.38866, 43.5707, 33.78017, 51.43046, 15.62256, 8.452382, 10.28998, 11.21278, 50.59433, 27.65713, 31.90559, 30.44711, 42.16964, 32.47736, 13.67267, 7.969965, 8.291807, 5
54.01789, 49.15557, 41.94941, 34.15439, 52.36363, 15.9236, 9.268915, 9.200242, 11.52208, 49.66296, 30.61317, 32.52718, 32.6642, 44.87512, 31.07567, 12.68002, 6.994566, 8.741162, 5
52.12614, 49.83718, 42.48209, 34.3482, 53.08197, 17.10683, 9.252703, 8.966595, 12.05656, 46.45867, 24.11983, 42.39227, 29.76732, 42.22215, 30.3701, 19.23398, 15.18281, 8.199727, 5
51.8341, 51.24642, 44.3442, 35.96941, 49.95011, 16.36258, 8.489868, 9.665278, 9.049717, 48.59156, 29.21475, 33.82553, 31.55602, 43.63277, 30.4241, 12.60484, 6.991565, 8.751762, 5
48.69234, 50.70977, 43.57623, 34.72626, 49.06958, 14.46424, 8.705833, 9.84828, 9.425147, 48.46543, 29.91835, 36.00481, 32.25499, 43.93179, 30.25325, 12.98365, 8.609777, 8.489475, 5
48.52338, 49.61736, 42.29381, 32.69067, 48.50201, 14.09916, 9.225199, 10.24139, 10.46033, 48.71279, 28.54874, 34.59793, 31.68293, 43.73703, 30.37816, 12.6469, 7.032157, 8.67892, 5
47.9608, 48.92724, 42.70379, 33.68395, 47.85305, 13.26842, 8.132552, 9.843427, 9.877548, 48.04702, 28.33112, 34.79567, 29.25562, 40.51611, 30.35655, 12.29902, 8.655918, 8.007561, 5
46.82036, 51.52797, 45.42358, 36.64392, 53.46303, 13.66137, 8.289606, 9.43313, 10.72282, 50.47752, 31.79002, 33.38309, 32.82991, 45.69863, 31.75984, 12.63371, 6.928917, 8.852239, 5
48.66971, 54.4722, 48.6415, 40.05565, 52.64426, 14.63592, 8.734756, 10.1162, 8.925791, 47.34021, 26.64409, 47.83043, 31.64036, 44.74697, 29.79152, 16.2469, 12.8664, 8.617097, 5
47.2199, 51.87592, 44.75658, 36.10441, 52.01637, 14.1076, 9.056423, 9.866214, 10.5076, 47.94749, 30.68814, 36.35485, 32.42022, 44.74893, 30.2151, 12.46185, 7.555151, 8.668865, 5
49.59402, 47.35024, 40.67656, 32.06131, 48.43813, 14.23205, 8.370037, 9.738879, 10.79459, 46.27828, 26.65956, 39.58394, 30.22677, 42.73663, 29.59444, 14.44556, 9.079176, 8.54516, 5
50.21138, 51.58204, 45.00732, 36.73783, 49.95531, 15.8223, 8.750169, 9.921844, 9.382676, 47.80895, 28.07329, 61.21795, 31.36842, 43.51975, 29.2068, 21.36595, 21.02699, 7.857702, 5
52.40001, 46.73532, 41.15393, 33.86074, 50.95776, 16.24416, 7.759773, 8.63986, 11.10356, 46.41386, 27.37778, 46.45575, 30.43724, 43.15369, 29.10092, 13.33962, 11.14352, 8.726048, 5
49.74802, 47.4982, 42.09462, 35.37392, 53.14114, 13.42139, 7.259447, 8.230439, 11.16137, 49.77275, 31.67111, 35.71397, 32.0948, 43.85395, 31.07638, 11.87697, 8.082232, 8.24774, 5
48.45937, 48.33875, 41.96161, 33.40944, 51.39613, 12.07718, 8.189472, 9.623511, 11.3007, 48.34948, 28.41744, 28.2897, 30.43319, 41.6932, 30.92165, 13.52927, 8.203725, 8.270563, 5
52.79672, 41.79741, 34.41718, 26.01117, 40.57162, 17.16002, 8.444967, 9.740878, 10.24173, 48.20107, 27.68996, 45.73669, 29.23746, 40.27406, 30.78765, 16.61112, 17.51679, 8.467935, 5
55.17324, 43.11855, 36.89474, 29.47688, 45.09485, 17.58869, 7.923203, 9.116045, 10.45816, 48.06774, 27.78287, 51.50752, 30.0866, 41.33765, 32.28952, 16.91561, 18.32859, 8.344402, 5
53.27784, 41.77908, 37.38045, 31.66255, 48.3149, 17.28686, 7.497398, 8.286834, 11.24448, 49.06199, 30.83521, 30.44302, 33.61401, 45.92035, 33.12276, 12.97811, 6.918604, 8.7975, 5
53.15279, 38.78829, 32.97614, 27.23751, 42.70774, 18.24322, 8.352918, 8.574507, 11.49555, 45.91729, 28.07253, 57.72784, 28.63968, 40.97961, 29.83309, 21.42527, 23.44606, 8.62778, 5
49.48861, 42.3914, 36.46727, 28.86449, 41.99459, 15.32925, 8.441757, 9.957932, 10.69064, 47.12342, 28.0103, 44.40242, 30.43763, 41.61735, 30.93011, 15.43661, 13.93628, 8.361799, 5
52.91586, 44.33023, 36.75709, 27.35644, 40.50029, 19.16652, 10.11248, 11.45461, 11.29904, 50.06724, 28.80089, 33.15752, 31.80128, 43.43409, 32.94416, 13.24887, 7.231312, 8.499533, 5
50.45529, 38.48463, 31.47281, 24.17123, 41.61963, 16.61315, 8.755174, 9.675729, 12.1639, 49.38667, 28.85779, 35.52334, 31.64568, 43.64051, 32.69608, 12.97984, 8.270681, 8.556392, 5
49.89144, 41.37032, 34.90496, 26.69191, 38.96062, 16.56689, 8.627485, 10.32255, 10.64094, 45.99289, 26.25529, 51.48849, 29.13597, 41.13252, 30.4832, 25.72644, 26.51361, 8.121489, 5
50.18482, 38.41077, 32.52469, 26.20108, 42.46256, 16.25905, 7.701967, 9.026346, 11.55771, 47.46948, 27.73221, 38.09575, 29.80703, 41.69165, 31.05697, 12.65298, 9.605639, 8.640315, 5
51.77145, 38.40516, 30.84322, 22.70041, 40.32985, 17.74806, 9.407174, 9.746408, 12.57157, 47.64604, 29.54662, 57.40516, 29.50006, 41.31974, 30.27708, 21.7139, 23.83541, 8.123012, 5
50.39225, 39.18099, 32.02455, 23.9476, 39.11876, 16.51015, 8.790731, 9.776942, 11.888, 47.38895, 26.31199, 59.54014, 28.26273, 39.71389, 31.06424, 22.91334, 24.19813, 8.259254, 5
50.78175, 40.12066, 33.62263, 25.17752, 40.23727, 15.69667, 8.717918, 9.821988, 11.72629, 49.30185, 29.68619, 35.94045, 32.88126, 45.30425, 32.49797, 12.5641, 7.757876, 8.55033, 5
48.58307, 41.13896, 35.4896, 27.55312, 43.11777, 15.191, 8.156008, 9.443648, 11.76536, 46.03276, 27.0849, 37.24943, 30.18949, 42.92685, 30.36052, 22.22876, 21.77312, 8.139864, 5
47.92372, 37.33761, 31.91225, 22.89397, 36.77449, 15.15627, 8.041347, 10.19487, 12.08046, 44.01989, 27.47279, 83.81643, 29.19766, 42.29604, 28.64957, 34.8226, 37.6024, 8.632401, 5
44.89066, 41.44922, 36.35208, 27.74941, 39.93713, 12.17385, 7.846428, 9.985897, 10.96667, 46.7469, 27.78173, 49.58452, 31.22361, 43.84893, 30.29762, 18.57375, 17.37768, 8.258232, 5
48.56306, 44.42966, 38.67019, 30.24603, 46.59047, 13.6682, 8.74999, 10.03715, 11.83168, 46.10061, 26.42949, 79.60181, 29.11728, 42.81224, 29.66558, 40.72279, 43.04864, 8.47987, 5
47.13818, 41.38188, 34.40822, 24.74113, 37.67761, 14.48657, 9.237079, 10.82084, 11.31797, 46.83067, 29.10028, 48.20798, 30.53965, 42.54208, 30.60538, 14.65825, 14.93545, 8.577965, 5
45.23243, 40.80679, 34.44754, 24.67227, 37.77236, 12.94284, 8.700981, 10.73796, 11.59836, 48.18799, 29.66937, 30.42031, 32.76173, 44.68639, 31.79869, 13.3429, 6.775347, 8.524727, 5
45.01051, 43.58633, 37.16546, 27.49604, 42.41269, 12.183, 9.108002, 10.84575, 11.95817, 46.66552, 26.75394, 73.05994, 29.49722, 42.49644, 29.60998, 34.8961, 36.7615, 8.127239, 5
48.00134, 43.91532, 37.05135, 28.05009, 41.50036, 14.56166, 9.229246, 10.67704, 11.02364, 48.22384, 29.90636, 29.14294, 32.17777, 45.35862, 31.75308, 13.6865, 6.702034, 9.161071, 5
48.61086, 43.35205, 37.16831, 27.4509, 40.53427, 14.04818, 8.702223, 10.5882, 10.61189, 47.78007, 30.36267, 39.30128, 32.99611, 46.23333, 31.07168, 12.29729, 8.49091, 9.007062, 5
45.26194, 43.21494, 36.79135, 26.49909, 38.42088, 12.13172, 9.218594, 11.23952, 11.13487, 47.26638, 29.98935, 39.10855, 32.32525, 45.52443, 30.61139, 13.04739, 8.366541, 8.924976, 5
47.9425, 44.47517, 37.69167, 25.79775, 39.24171, 13.23648, 9.699169, 12.15662, 11.32121, 44.91848, 28.27911, 76.98415, 29.79796, 43.23072, 28.28283, 31.91561, 34.64943, 8.697435, 5
47.09005, 46.43668, 39.10014, 27.6079, 42.60603, 13.41068, 9.712619, 11.92324, 11.06439, 45.48577, 28.71173, 78.11329, 29.49436, 42.57386, 28.55246, 32.47075, 35.95207, 8.629874, 5
47.35683, 43.64113, 36.65564, 25.82944, 38.4323, 13.79908, 9.64938, 11.574, 11.56534, 46.22475, 29.75377, 41.96249, 30.28822, 42.18597, 29.67321, 11.72032, 10.4307, 8.620994, 5
46.99551, 41.27344, 35.08119, 23.97835, 35.55284, 13.27345, 8.812938, 11.93307, 11.59619, 47.40123, 30.42547, 37.32429, 31.68833, 43.87682, 30.43324, 12.24336, 8.732192, 8.69529, 5
46.5134, 42.03304, 36.26012, 25.08839, 37.22466, 12.16975, 8.416246, 11.65548, 11.56018, 45.60233, 27.83103, 73.75827, 29.10601, 41.33712, 28.95047, 29.10165, 32.16911, 8.311417, 5
44.54078, 41.16442, 34.16487, 24.24164, 36.9829, 11.57672, 8.853569, 10.86459, 11.4901, 45.76517, 26.72591, 82.45115, 29.09592, 42.26895, 29.43772, 39.87099, 42.90096, 8.447246, 5
47.35823, 40.93621, 34.08674, 23.64436, 36.86754, 13.54525, 8.944085, 11.41651, 11.42777, 47.40341, 30.08386, 47.10521, 32.63029, 47.13541, 30.104, 13.61558, 13.43001, 9.163795, 5
50.3111, 42.98289, 35.90691, 25.08327, 39.61178, 15.11839, 9.219872, 11.61637, 11.4685, 45.74503, 27.28175, 85.36123, 29.16432, 43.10452, 28.94107, 42.68156, 45.57637, 8.657869, 5
48.9775, 42.22232, 35.85118, 25.44028, 38.81799, 13.4471, 8.673894, 11.31562, 11.59527, 47.27508, 31.48842, 38.29083, 32.14964, 44.708, 30.40759, 11.89317, 8.474587, 8.977456, 5
49.06171, 41.42515, 34.45131, 24.26015, 39.43029, 13.78783, 9.123048, 10.94273, 12.16546, 47.09233, 28.3929, 53.53769, 30.45425, 43.23127, 29.98196, 23.06584, 24.77509, 8.424082, 5
49.36519, 41.05732, 34.31425, 24.07138, 39.37644, 14.34145, 8.699559, 10.93214, 12.17651, 46.87698, 25.23253, 86.75379, 29.39727, 43.06902, 30.70284, 41.88118, 43.26546, 8.520417, 5
52.47321, 41.52598, 35.51728, 25.9037, 42.53722, 15.79162, 8.122527, 10.43322, 12.38244, 47.63771, 29.25706, 60.30213, 31.33834, 47.56147, 33.79053, 14.49536, 9.820207, 10.30855, 5
55.91394, 40.1412, 35.50438, 29.14635, 48.04751, 17.82093, 7.340026, 9.106944, 13.2686, 48.04648, 27.17478, 49.26708, 29.80854, 45.51547, 32.63879, 36.76601, 38.83697, 9.747214, 5
55.75698, 38.3623, 36.69685, 32.07651, 52.0286, 17.82916, 7.120837, 8.810485, 14.52651, 50.88112, 28.08834, 57.30465, 27.18337, 41.90676, 34.50996, 14.51033, 9.055273, 9.955877, 5
58.1538, 29.82038, 31.53617, 28.29624, 47.68558, 26.43012, 9.074803, 10.00213, 15.57558, 51.05253, 28.54345, 74.23907, 26.58623, 40.77356, 35.5082, 14.25149, 9.303244, 10.0681, 5
59.27416, 35.61529, 37.96754, 34.84073, 50.34383, 24.7513, 8.558273, 9.079413, 14.25407, 53.25948, 35.52768, 19.97939, 26.50289, 36.1929, 37.30794, 14.21508, 13.96009, 9.999673, 5
58.54913, 34.71179, 36.90752, 32.01979, 45.21444, 24.81001, 8.922555, 9.882703, 13.42584, 52.93939, 35.23358, 59.09152, 26.70634, 34.70621, 39.94011, 14.07671, 16.18219, 8.670429, 5
62.10735, 27.01468, 26.94973, 22.64963, 42.64386, 29.76595, 9.568997, 10.04314, 16.08731, 50.22501, 37.06789, 81.33153, 28.94095, 38.11429, 36.46434, 18.77134, 25.55691, 7.929914, 5
62.14754, 26.4046, 26.18588, 19.9407, 34.97968, 29.15336, 9.327231, 11.38617, 15.08488, 49.15471, 38.42442, 58.60631, 27.68929, 36.03354, 37.08416, 14.39532, 13.1513, 8.062168, 5
61.89915, 25.49472, 24.26951, 20.43104, 35.01456, 28.76405, 10.02128, 10.65811, 15.23297, 49.60905, 36.52992, 58.38287, 32.10403, 40.89286, 37.20004, 13.91363, 13.0923, 7.649423, 5
61.20677, 26.79282, 24.31356, 19.12198, 33.74656, 27.98908, 10.46407, 10.95842, 15.39991, 52.63839, 39.06163, 55.17138, 32.56898, 41.73521, 38.63929, 12.89798, 12.40227, 8.464872, 5
63.51219, 28.33797, 26.28207, 19.41926, 33.6238, 27.93922, 9.174061, 11.631, 14.95466, 52.62506, 39.33329, 49.66461, 33.24724, 42.90893, 37.18958, 12.54289, 9.878045, 8.156922, 5
59.18368, 32.5668, 29.48171, 22.37401, 32.75646, 25.47273, 8.041127, 11.17841, 14.05274, 52.88654, 39.01279, 46.16341, 33.0715, 42.94941, 35.64316, 12.24572, 9.364496, 8.138271, 5
58.70518, 29.76174, 27.99821, 19.91492, 32.83439, 23.19869, 8.180933, 11.2562, 14.56102, 51.12628, 35.92001, 46.42737, 30.22307, 39.31557, 33.89103, 12.93126, 10.96912, 8.309479, 5
58.24864, 29.97859, 26.36359, 18.46038, 29.40608, 20.58313, 8.988217, 10.99162, 14.37064, 50.70769, 30.94448, 36.98822, 28.41197, 38.51017, 34.57315, 13.24408, 9.525161, 8.259706, 5
61.3751, 32.28045, 28.18306, 21.8331, 33.10874, 23.82422, 8.290742, 9.621917, 12.12642, 48.35807, 23.4268, 48.23142, 24.41013, 35.02048, 33.99532, 25.02628, 27.84442, 8.019466, 5
57.63177, 34.54897, 29.63406, 22.3339, 36.2415, 18.36588, 8.463852, 9.889286, 11.94138, 50.29294, 28.89473, 67.61533, 31.06524, 45.88508, 32.96025, 30.18924, 32.58322, 8.8249, 5
56.71074, 38.41455, 31.21631, 22.50805, 36.1417, 17.89733, 9.687243, 10.53769, 11.49367, 46.46497, 25.30775, 50.2743, 28.70877, 45.92616, 33.32308, 17.14701, 11.18467, 9.934264, 5
54.50812, 35.72869, 27.88792, 19.60868, 31.50365, 16.40458, 10.2175, 10.7342, 11.87771, 46.66968, 24.08207, 55.37653, 28.19056, 41.8451, 32.19226, 13.94556, 9.833894, 8.750011, 5
53.37942, 34.77074, 28.32351, 17.92732, 30.06411, 15.66506, 9.519071, 11.28018, 12.85768, 47.04782, 23.53889, 38.56843, 25.58138, 39.32587, 31.74479, 27.57858, 31.24954, 8.892052, 5
54.14946, 37.61507, 29.66451, 17.89002, 27.88251, 17.0709, 10.05498, 11.80487, 12.53326, 47.66133, 23.421, 42.95265, 28.54616, 43.87567, 33.8063, 15.0004, 10.55046, 9.403914, 5
50.81067, 37.95642, 30.73966, 19.44539, 28.47017, 14.4733, 9.826832, 11.68122, 12.64297, 48.9068, 23.64699, 32.03586, 31.82956, 48.15639, 35.00106, 15.73288, 14.89805, 9.723201, 5
53.59934, 44.27503, 36.8525, 26.06889, 34.20391, 12.62086, 10.23714, 10.83307, 12.09532, 44.96948, 21.5877, 47.18138, 31.46043, 47.07888, 33.3977, 38.1841, 33.21782, 8.728456, 5
52.88282, 43.37033, 36.53774, 23.50455, 31.16246, 13.02448, 9.879698, 12.06877, 12.28426, 49.36374, 18.58598, 61.74307, 37.41346, 55.25525, 37.72508, 20.25604, 8.316588, 10.49432, 5
52.90413, 44.99216, 37.96881, 25.22799, 29.87236, 11.94963, 10.70237, 12.10631, 12.23812, 51.12508, 15.16568, 63.11983, 38.48304, 57.63518, 39.79612, 16.75972, 12.16688, 11.2729, 5
57.51919, 44.63272, 35.385, 20.83033, 27.91007, 15.63948, 11.6363, 12.85788, 12.01152, 51.18636, 12.81441, 19.74116, 31.03065, 54.84674, 42.39255, 15.04072, 14.59349, 14.01006, 5
57.1691, 43.09709, 32.5349, 18.63354, 26.36798, 16.32759, 12.89992, 12.81253, 12.17158, 52.51739, 17.00262, 42.1763, 32.99006, 47.84127, 38.91177, 14.77788, 10.4782, 8.648087, 5
58.41579, 41.64942, 30.81669, 17.84822, 26.52292, 16.98978, 12.60792, 12.69129, 12.76242, 51.84085, 17.15587, 81.2252, 35.7619, 49.37613, 38.60728, 18.22469, 7.55793, 8.062436, 5
57.62897, 41.68783, 32.64505, 19.71207, 26.96249, 17.52575, 11.38652, 12.18101, 12.13534, 52.67989, 21.52147, 63.79604, 36.26289, 50.79626, 36.76785, 14.37805, 10.44696, 8.776351, 5
57.70662, 37.88672, 30.13156, 18.56029, 26.7457, 17.1923, 10.22176, 11.88087, 11.88282, 50.31803, 21.05924, 54.65997, 32.47362, 50.68587, 36.73795, 14.63164, 11.47579, 10.42275, 5
57.77686, 40.55126, 32.52721, 19.43939, 29.41716, 17.03575, 10.11223, 12.55732, 12.11058, 49.50902, 17.10028, 70.0015, 29.7181, 45.04541, 37.65466, 14.70745, 8.604164, 8.668776, 5
55.974, 37.49952, 30.87843, 19.52284, 28.18759, 15.85348, 9.215842, 11.8907, 12.33291, 50.66074, 18.88569, 44.10014, 34.05884, 48.4456, 38.09266, 14.3086, 13.98336, 8.583458, 5
56.14265, 40.34431, 33.68541, 20.83945, 29.56705, 14.84458, 9.715129, 12.46285, 11.90633, 47.73333, 21.06311, 43.20189, 32.78297, 47.06181, 35.95584, 14.4388, 14.75032, 8.428556, 5
55.13973, 41.56818, 33.90641, 20.13034, 29.32502, 14.25276, 10.41114, 12.6515, 11.86214, 48.77449, 19.70019, 42.52132, 33.21093, 47.89129, 36.77493, 13.61228, 12.67809, 8.542953, 5
55.77833, 38.8983, 30.38355, 17.14921, 26.06956, 15.61508, 10.89638, 12.66079, 12.0988, 49.89777, 14.8767, 36.70444, 34.05858, 48.24315, 39.51731, 15.67631, 9.888988, 8.152396, 5
55.59633, 42.28615, 33.52664, 20.98013, 28.78079, 15.71645, 11.05202, 12.18575, 11.70843, 49.11195, 14.81671, 35.27858, 31.64852, 45.67608, 40.72494, 15.7234, 10.12261, 8.228793, 5
56.41359, 41.55477, 32.1036, 19.61766, 27.76952, 16.48155, 11.87944, 12.32837, 12.27825, 49.08254, 13.65081, 32.07974, 30.49366, 45.17496, 39.46253, 15.46556, 9.569634, 8.440664, 5
56.64622, 37.98663, 29.8657, 18.08709, 26.74119, 17.8837, 10.5794, 12.08628, 12.29882, 47.6167, 12.90361, 27.58663, 27.5949, 43.07082, 39.71777, 14.74754, 10.99825, 8.904238, 5
55.60783, 38.35303, 30.75675, 18.43507, 25.34741, 17.15225, 10.31357, 12.49699, 12.93814, 47.25977, 14.38502, 34.69535, 29.48429, 46.50988, 37.96385, 15.47901, 9.308523, 9.394504, 5
56.96061, 37.31124, 30.99463, 18.46606, 27.37215, 16.74544, 9.525573, 12.044, 11.88818, 47.62697, 14.84204, 33.69626, 29.24222, 46.78588, 38.43478, 14.88713, 9.85319, 9.782813, 5
55.12003, 36.85435, 30.33754, 17.5587, 24.8403, 16.28262, 9.648462, 12.41095, 11.90911, 47.15968, 15.94884, 32.5631, 28.76838, 43.80981, 37.90378, 13.74551, 10.43828, 8.537642, 5
54.45412, 41.14118, 33.1982, 20.99772, 28.89571, 15.19501, 10.90986, 11.988, 11.52077, 48.17583, 18.30346, 31.78059, 31.17495, 45.27943, 37.5513, 13.41951, 11.3332, 8.111257, 5
54.93567, 43.51471, 34.19215, 20.15239, 27.99971, 15.13898, 12.10952, 12.82832, 12.13659, 47.94835, 17.65287, 30.9039, 30.67874, 45.26453, 37.5884, 13.63766, 11.21791, 8.384336, 5
55.18517, 41.54821, 31.89024, 17.69641, 25.76967, 15.03961, 12.20629, 12.90404, 12.73815, 47.55601, 17.14349, 31.48983, 29.92135, 44.8396, 37.32631, 13.70865, 11.80028, 8.494471, 5
54.93561, 39.94, 31.63463, 18.16073, 24.99578, 15.41535, 11.36358, 12.61271, 12.54302, 47.55377, 16.33193, 35.95454, 27.95987, 43.95565, 37.17112, 14.1557, 10.35334, 8.982861, 5
55.8148, 39.21962, 30.05776, 16.69566, 24.77798, 15.63253, 11.95006, 12.60065, 12.87084, 48.10576, 17.00895, 40.20493, 28.39757, 46.12987, 37.22959, 14.42943, 9.228309, 9.822129, 5
56.12815, 38.50111, 31.04294, 19.17383, 26.2691, 16.91475, 10.67809, 11.96173, 12.08183, 47.25808, 16.23152, 37.58213, 26.90176, 41.00069, 37.15887, 13.66485, 11.82313, 8.306855, 5
55.2151, 43.01707, 34.94375, 21.73937, 29.69624, 15.30183, 11.39933, 12.31558, 12.08152, 47.73415, 15.18623, 36.68187, 27.14689, 41.31601, 38.02475, 13.6516, 12.30408, 8.332063, 5
55.37059, 43.03481, 34.0514, 19.7492, 27.69819, 15.11063, 11.65347, 12.71471, 12.42164, 48.10579, 15.79339, 30.95532, 28.18812, 41.90819, 38.12625, 14.03273, 14.15324, 8.077421, 5
55.77147, 43.35112, 34.82112, 20.05812, 26.25357, 14.38483, 11.29548, 13.23666, 12.61587, 47.98849, 17.78236, 33.35255, 30.42416, 44.35243, 37.34224, 14.71148, 15.75621, 8.16842, 5
52.38258, 44.0288, 34.64222, 21.3791, 28.94663, 13.01296, 11.70343, 12.222, 11.24978, 48.79803, 20.22919, 29.06556, 34.28579, 49.91487, 36.89761, 14.07138, 13.79303, 9.365483, 5
54.77454, 42.74057, 34.34661, 21.31882, 29.39668, 14.75607, 10.92816, 12.4013, 11.14369, 48.80176, 18.41146, 31.84171, 32.2606, 46.96739, 37.58731, 14.20683, 13.83383, 8.669319, 5
56.77322, 44.4861, 32.74918, 18.91628, 26.43686, 15.34784, 13.80264, 12.72604, 12.28625, 49.24451, 19.83584, 31.24329, 33.93535, 49.18851, 37.07161, 13.8847, 13.35226, 8.989594, 5
54.70505, 38.89793, 29.46286, 16.32963, 22.20757, 15.94249, 11.49646, 12.84876, 12.24529, 49.74051, 20.35916, 31.80666, 34.24444, 49.93176, 36.77992, 13.76825, 12.34822, 9.162894, 5
53.96276, 39.03999, 30.11553, 16.3868, 22.54506, 15.32468, 11.30575, 13.19554, 12.25258, 49.76879, 20.96271, 29.71045, 34.88778, 51.05965, 36.84079, 14.15165, 14.06092, 9.655062, 5
55.59288, 39.28065, 29.82858, 16.04582, 22.15686, 16.35589, 11.59401, 13.1754, 12.37464, 48.65031, 18.9158, 30.18748, 32.87482, 47.96782, 37.18933, 14.84134, 15.28357, 8.999075, 5
56.43608, 39.49943, 29.96595, 15.81537, 25.52727, 15.28011, 11.49588, 12.92702, 12.29432, 47.72707, 18.4292, 34.25715, 31.54712, 45.96981, 36.56123, 14.75772, 15.57185, 8.368841, 5
55.71122, 39.31478, 30.00492, 15.66156, 22.41043, 16.70532, 11.69295, 13.88566, 13.4372, 48.09471, 18.97578, 24.76717, 31.77592, 46.47352, 36.29868, 14.20501, 14.14056, 8.439454, 5
54.80708, 39.5456, 31.0887, 16.99055, 23.71008, 15.2495, 11.16209, 13.61467, 13.20364, 48.43635, 18.92603, 14.80601, 31.53677, 45.18159, 36.56503, 13.5984, 13.5916, 7.807257, 5
56.1361, 42.11334, 33.6577, 19.41154, 28.21626, 15.60734, 10.70857, 12.95311, 12.12967, 47.74889, 19.21044, 34.60147, 31.76467, 46.07805, 36.3686, 14.70336, 15.00412, 8.538424, 5
54.31402, 38.76247, 30.72216, 17.9527, 25.64412, 15.92691, 10.42407, 12.70124, 12.27764, 48.2369, 19.49653, 32.06437, 32.57741, 46.91124, 36.69947, 14.48618, 14.4785, 8.571963, 5
53.58139, 36.88816, 29.22592, 16.64499, 23.57778, 16.54551, 10.57899, 13.04922, 12.66478, 48.8092, 20.91302, 29.57896, 33.49847, 47.72273, 36.43863, 14.17471, 14.09249, 8.70836, 5
53.59761, 38.38652, 31.625, 18.40493, 26.08455, 14.44564, 9.85778, 12.83695, 12.4775, 48.41532, 22.7024, 38.01977, 33.26435, 48.24959, 34.42098, 13.4839, 10.7121, 8.854258, 5
51.36602, 36.05268, 30.42591, 17.98508, 25.19617, 13.91292, 8.986512, 12.57426, 12.56908, 47.79834, 22.30789, 33.126, 32.48861, 46.01565, 34.85336, 13.64596, 11.37778, 8.364451, 5
52.16186, 34.38721, 28.71875, 16.6138, 23.38802, 15.39847, 8.98883, 12.59031, 12.67362, 47.06599, 21.12494, 29.15415, 34.9159, 50.05474, 34.88848, 13.93411, 14.0872, 9.259391, 5
51.53937, 35.20008, 30.18209, 18.49191, 25.01759, 14.24337, 8.486398, 12.11461, 12.28172, 46.62088, 18.69564, 33.75869, 34.07973, 49.76241, 35.0816, 14.54003, 9.728194, 8.882745, 5
52.26559, 39.25797, 33.53883, 22.74703, 31.537, 13.84358, 9.286455, 11.39043, 11.68965, 47.07807, 19.62904, 32.24995, 34.09676, 49.40444, 34.70476, 14.04562, 10.22231, 8.865565, 5
52.53452, 37.38345, 31.08698, 19.55965, 26.42596, 14.7055, 9.474548, 11.97391, 12.21601, 47.19538, 20.05586, 29.98457, 33.98738, 49.31949, 34.27462, 13.53548, 10.78476, 8.852904, 5
52.87023, 35.60929, 29.48326, 17.08352, 23.56325, 15.52081, 9.355026, 12.60623, 12.66978, 47.02437, 20.15075, 37.98233, 34.16807, 49.58052, 33.81367, 13.56573, 9.488355, 8.693279, 5
50.84535, 37.39709, 31.84586, 20.13071, 27.31303, 13.13288, 8.756744, 11.84919, 11.93401, 46.84272, 19.09259, 29.16819, 31.9562, 47.15294, 34.08949, 13.03437, 10.46965, 8.506669, 5
51.16424, 38.61296, 33.16911, 22.9671, 31.95488, 14.09277, 9.226796, 11.09901, 11.54634, 46.83762, 19.44531, 36.11983, 29.69561, 43.32452, 33.71569, 12.34697, 11.02771, 7.823581, 5
51.4196, 42.19852, 35.44181, 22.04157, 29.79104, 12.77983, 10.38542, 12.701, 12.21319, 46.7836, 20.25421, 37.09204, 31.36712, 45.50819, 33.89844, 13.08073, 13.30756, 8.10387, 5
50.84273, 41.63291, 34.79504, 21.61779, 29.38052, 12.95285, 10.40163, 12.55872, 12.27004, 47.08455, 19.11337, 36.77912, 32.14931, 47.11451, 34.69285, 13.42972, 10.3544, 8.434775, 5
50.37893, 41.14977, 34.16197, 22.4682, 30.14438, 13.32026, 10.64997, 11.90031, 11.91944, 47.01354, 17.98319, 36.25468, 32.08698, 47.42103, 35.19217, 14.37428, 9.108756, 8.545344, 5
50.4418, 41.66066, 34.83898, 22.568, 28.75669, 13.65842, 10.48237, 11.97671, 11.92788, 46.5924, 18.25148, 29.85737, 30.3075, 46.04775, 35.3015, 13.45057, 9.902244, 8.727219, 5
53.9151, 36.60152, 28.18573, 15.0898, 21.34791, 16.37272, 11.11324, 13.16356, 13.01918, 45.37788, 20.0471, 28.43588, 29.15138, 43.26469, 34.015, 12.53951, 10.34625, 7.929939, 5
52.28521, 37.53698, 31.63, 18.48183, 24.44123, 14.0062, 9.382173, 12.48385, 12.52585, 46.23452, 19.94816, 37.67468, 29.87622, 44.51013, 33.30459, 12.12476, 11.85002, 7.629488, 5
51.86302, 37.88279, 31.39885, 17.98398, 23.91219, 14.48495, 9.87, 12.94072, 12.62661, 46.16797, 17.20609, 16.8411, 23.9125, 35.4239, 32.94317, 14.99181, 12.10853, 6.992406, 5
51.06063, 39.1512, 31.84177, 18.22974, 24.52994, 14.00068, 10.40758, 12.95173, 12.64844, 46.0032, 19.71506, 36.50026, 24.49164, 37.64464, 32.41365, 29.99146, 27.684, 7.151736, 5
51.18946, 37.57262, 31.41813, 18.97133, 25.78181, 14.34133, 9.560406, 12.08791, 12.15545, 46.3881, 18.02141, 53.66569, 23.11305, 35.23575, 32.67076, 46.65908, 46.0739, 6.886893, 5
50.8322, 37.31444, 31.42361, 18.49006, 24.45696, 14.00138, 9.394902, 12.49694, 12.37336, 46.42062, 18.67972, 53.8097, 29.12813, 45.54621, 33.68901, 12.06901, 9.91425, 8.310944, 5
52.77565, 37.90647, 30.72371, 17.03796, 23.62878, 15.72318, 10.33453, 13.04908, 12.76537, 46.15153, 18.14067, 67.14506, 29.01644, 44.10379, 33.88927, 11.95358, 10.09615, 7.814795, 5
54.08829, 41.15194, 30.63906, 16.71124, 23.66432, 16.26719, 12.40214, 13.24818, 13.07949, 45.72291, 18.68703, 37.62283, 30.49166, 46.48017, 34.44223, 12.64431, 9.570045, 8.278132, 5
53.82679, 42.7522, 35.06301, 20.72691, 27.65863, 13.40742, 10.62036, 12.80882, 12.24234, 45.9414, 18.21763, 35.89982, 30.07446, 45.63685, 34.95559, 12.72721, 9.84011, 8.136221, 5
48.80742, 41.43118, 35.25887, 20.48332, 26.44446, 11.74366, 10.09477, 13.43071, 12.68184, 46.13566, 18.18444, 37.83136, 30.28151, 46.11623, 34.8837, 12.78628, 9.742453, 8.239023, 5
52.20744, 41.83838, 34.71301, 22.68702, 29.094, 14.01387, 11.0658, 11.77152, 11.83396, 45.69223, 18.97129, 37.42898, 29.47521, 44.24903, 34.42287, 11.98425, 10.82836, 7.829274, 5
50.603, 47.13639, 38.37959, 23.98942, 29.4714, 12.26008, 11.74925, 12.89183, 11.85915, 45.47714, 18.30276, 19.10739, 28.86982, 43.85997, 34.41582, 11.94689, 11.06121, 7.933428, 5
47.14215, 44.53935, 36.42595, 21.83443, 27.14392, 9.869163, 11.63439, 13.07673, 12.32899, 46.83286, 18.56362, 13.85254, 29.31099, 42.87766, 34.36317, 13.08757, 9.523592, 7.298153, 5
50.1618, 47.76742, 38.61748, 23.13978, 27.09574, 11.82362, 11.41468, 13.43218, 11.97948, 47.29806, 18.46131, 71.31716, 29.17375, 42.13867, 34.04072, 63.70479, 59.66396, 6.970435, 5
48.63695, 48.82454, 40.0572, 24.13129, 27.80434, 10.74571, 11.85278, 13.6835, 12.27213, 46.61937, 18.72683, 108.8524, 29.40365, 42.84853, 33.69025, 40.65167, 36.40207, 7.19732, 5
50.16476, 49.33657, 39.90223, 24.8505, 29.49614, 12.18942, 12.15422, 12.92919, 11.66456, 46.14489, 19.04351, 75.29769, 29.15184, 42.01029, 32.71106, 35.49079, 31.43721, 6.896826, 5
50.82314, 48.11279, 38.98058, 24.46738, 29.53971, 12.48396, 11.54461, 12.531, 11.35454, 46.76679, 19.21901, 19.91096, 29.49994, 41.73347, 33.02923, 15.28457, 11.86621, 6.699576, 5
51.48286, 50.58536, 40.52187, 25.19091, 30.03407, 13.52289, 11.94319, 13.20313, 11.4358, 46.2113, 19.46901, 16.79754, 30.56394, 43.5267, 32.65174, 11.6886, 9.23929, 6.787234, 5
52.38327, 50.88629, 40.31705, 25.11907, 31.37732, 13.78802, 12.34193, 12.95113, 11.37108, 46.23352, 18.89243, 48.96517, 29.88094, 43.04884, 32.91937, 41.44522, 36.53745, 6.92702, 5
52.59473, 49.10063, 38.74892, 24.16287, 30.38181, 13.83907, 12.34403, 12.60977, 11.63906, 45.55082, 19.35651, 88.04973, 29.84927, 43.4315, 32.63264, 46.01431, 41.63534, 7.111382, 5
51.63368, 48.38927, 38.42483, 23.48698, 29.04547, 13.06276, 12.21324, 12.93659, 11.77318, 46.1569, 19.98423, 55.08328, 31.34815, 46.01499, 32.80722, 46.09165, 41.47186, 7.523891, 5
51.75874, 48.52525, 37.95578, 23.00187, 28.87605, 13.46031, 12.82804, 12.98937, 11.78669, 46.35654, 19.72467, 52.29208, 30.43801, 44.49734, 32.8601, 43.73693, 39.57705, 7.260798, 5
51.69185, 48.04429, 37.41965, 23.13082, 31.93823, 12.66992, 13.20354, 12.48848, 12.12735, 45.87111, 19.45978, 64.30138, 28.58286, 41.45439, 32.4948, 43.0294, 40.07071, 7.010981, 5
51.13492, 48.37014, 38.41967, 23.201, 30.42581, 12.59847, 12.5585, 13.11727, 12.20973, 46.4802, 19.18178, 80.10381, 27.9496, 40.14034, 33.23553, 38.58291, 35.83758, 6.8514, 5
51.48872, 48.25904, 38.22803, 22.76929, 29.48369, 13.27935, 12.45158, 13.26212, 12.05722, 46.64611, 19.47808, 74.81649, 27.89838, 40.62887, 33.2547, 36.52628, 34.29086, 7.082579, 5
48.39788, 46.04492, 36.07645, 21.25524, 26.08547, 11.43141, 12.41301, 13.37209, 12.66789, 45.97728, 20.04055, 77.22616, 26.87799, 39.7761, 32.92403, 41.44913, 40.31079, 7.085847, 5
49.03944, 44.97513, 35.83609, 22.1223, 27.0281, 11.44887, 11.68975, 12.48029, 11.78099, 48.03811, 18.98375, 100.1154, 28.49955, 42.79193, 33.99731, 58.1444, 54.8004, 7.381583, 5
49.97437, 48.15695, 38.92887, 24.42206, 29.72786, 12.69936, 11.42786, 12.85354, 10.99394, 57.07036, 26.11695, 21.34251, 35.5638, 51.388, 39.78613, 13.7808, 13.06681, 9.136155, 5
51.52325, 48.76616, 37.26958, 22.30849, 29.11302, 13.569, 13.77287, 13.16795, 12.03309, 58.57341, 31.53621, 27.76152, 35.32361, 49.41193, 38.82911, 12.96332, 10.97007, 8.932611, 5
51.91738, 45.36175, 34.10508, 18.78115, 24.30201, 13.15127, 13.29279, 13.94949, 13.17053, 57.09508, 32.22948, 27.59611, 33.00233, 48.17048, 37.70853, 13.58831, 10.49108, 9.624491, 5
51.18223, 39.95095, 29.7617, 14.78125, 19.00256, 14.13273, 12.3471, 14.01512, 13.19811, 55.66103, 22.86285, 22.42707, 29.52555, 42.42654, 38.52637, 14.79672, 13.66288, 8.151096, 5
52.8938, 40.39714, 29.77874, 15.29638, 21.89137, 14.74801, 12.08384, 13.01523, 12.72548, 53.73281, 22.96314, 23.69454, 28.43166, 40.43311, 37.17219, 14.82633, 13.97679, 7.702578, 5
57.12888, 39.47871, 28.82336, 16.24084, 25.27563, 17.5689, 12.21755, 12.02529, 12.56252, 57.21353, 23.26885, 18.80297, 26.29664, 39.70288, 39.75286, 15.64946, 13.52829, 8.541919, 5
56.59457, 34.95074, 24.30484, 14.32334, 24.48316, 20.99831, 10.95389, 11.16483, 11.9331, 53.63012, 20.57211, 28.52861, 25.82799, 39.34834, 37.38511, 13.81018, 9.987629, 7.944283, 5
56.59591, 36.14271, 25.70404, 16.27098, 28.46415, 17.35609, 11.21628, 10.21617, 11.62551, 52.78987, 24.34467, 21.21696, 24.32634, 36.70487, 34.84393, 15.49374, 14.18941, 8.264269, 5
58.24472, 34.48103, 24.03257, 14.23429, 25.05141, 20.66688, 10.85741, 11.11202, 12.49511, 52.03691, 20.94162, 78.10762, 23.40627, 34.6708, 36.3429, 68.16366, 69.94957, 7.83619, 5
57.8818, 36.9912, 26.36977, 15.13022, 26.39838, 19.76244, 10.59906, 11.13116, 11.8446, 55.06157, 23.4027, 14.95972, 28.46775, 42.96195, 39.66541, 17.38263, 15.84963, 8.681522, 5
57.51609, 36.45177, 25.8534, 13.33393, 22.16353, 19.75063, 11.34649, 12.14332, 12.65403, 51.7281, 22.82924, 24.98385, 27.91963, 41.20757, 37.2374, 15.36587, 11.99613, 8.239572, 5
56.08911, 34.69715, 25.32241, 12.43885, 20.14105, 18.42556, 10.77293, 12.36145, 12.61789, 53.40296, 21.37008, 58.13503, 26.59268, 41.92965, 37.16419, 14.22885, 9.386341, 9.128947, 5
56.99451, 32.1615, 22.51008, 11.32312, 19.15832, 19.48605, 11.08294, 11.75899, 13.09771, 54.26216, 23.65814, 138.2561, 24.81247, 41.38338, 34.359, 81.39793, 83.72601, 9.505783, 5
57.02442, 33.49648, 23.13567, 11.32763, 19.62272, 18.86681, 10.51023, 12.08496, 13.97462, 53.55622, 22.79562, 162.9671, 21.22681, 37.724, 34.77998, 87.86176, 92.34495, 9.696574, 5
55.47023, 31.51229, 23.68351, 12.11744, 20.43112, 20.07038, 8.996498, 12.19024, 13.48047, 52.71725, 23.15637, 142.1328, 23.09006, 39.30855, 33.63629, 92.61452, 95.67129, 9.301321, 5
51.61371, 31.29564, 23.96403, 10.44988, 14.88781, 17.18186, 9.490095, 13.19821, 14.36453, 50.57779, 19.31559, 146.7172, 25.18099, 42.02205, 32.73635, 112.8532, 111.6018, 9.290157, 5
51.54625, 30.39066, 23.69402, 11.76295, 17.97664, 16.34156, 9.022428, 12.1215, 13.64154, 52.46719, 21.91159, 150.1897, 20.75846, 35.48, 33.31441, 105.9804, 110.8208, 8.407281, 5
51.52656, 28.54845, 21.46636, 9.352631, 15.38357, 17.63886, 9.408846, 12.73098, 14.39486, 48.61852, 16.24309, 148.3366, 20.64376, 36.40461, 32.27786, 118.9796, 118.3112, 8.59512, 5
48.65234, 25.35385, 18.73942, 7.532051, 12.74336, 20.21458, 8.939471, 12.93785, 15.32893, 50.48558, 19.14144, 161.3345, 19.05931, 36.14514, 34.07732, 104.9457, 107.7086, 9.546064, 5
47.92628, 24.45129, 17.97371, 6.071894, 10.58281, 19.51748, 8.40873, 13.16317, 15.88374, 50.47217, 17.53163, 155.486, 18.6964, 36.19833, 34.35131, 112.7096, 114.0095, 9.600624, 5
45.60072, 26.66733, 20.66421, 8.443501, 13.76645, 17.45542, 8.779261, 13.32431, 15.03016, 52.19952, 18.65073, 150.234, 20.86578, 39.43649, 33.92843, 123.0408, 123.8124, 9.92444, 5
43.6799, 30.08247, 23.63161, 12.77237, 17.56457, 15.45995, 9.112617, 12.18148, 15.09983, 52.07633, 18.15252, 153.991, 21.06156, 38.24837, 33.17714, 122.2134, 122.767, 9.76962, 5
43.42146, 26.95477, 20.7509, 9.404374, 13.66963, 17.80478, 8.548906, 12.92462, 15.98826, 49.46635, 17.44378, 154.4286, 18.40109, 32.57574, 32.27949, 112.1605, 114.465, 8.951859, 5
42.88079, 24.55895, 19.11722, 6.660117, 11.02019, 18.67218, 8.524911, 13.52669, 16.58976, 52.20435, 17.16179, 148.8495, 20.04773, 39.69656, 36.1464, 121.6705, 121.778, 10.53439, 5
37.55621, 24.82771, 21.62807, 13.9629, 17.68795, 16.82156, 7.899359, 10.73555, 14.22466, 50.76028, 19.49031, 170.1792, 18.61153, 39.62163, 34.04444, 100.7455, 103.3323, 10.99129, 5
41.77899, 23.73388, 18.38417, 9.514774, 14.26361, 18.08649, 8.310518, 11.69945, 14.69032, 47.7098, 16.80836, 168.2376, 17.47524, 31.03458, 33.49949, 95.71187, 99.99823, 8.809951, 5
41.63949, 29.38472, 23.25137, 10.38105, 14.30065, 15.68833, 9.488355, 13.46139, 15.87692, 49.45778, 18.63416, 163.469, 18.33911, 34.93678, 32.78001, 112.115, 115.4224, 9.385189, 5
36.9108, 28.45658, 22.63454, 9.022929, 12.67829, 15.70452, 9.32249, 13.64942, 16.94828, 49.51105, 18.40661, 162.8031, 18.96758, 35.64671, 33.82899, 114.888, 118.0972, 9.621017, 5
41.33334, 27.77259, 21.58788, 9.317998, 12.2349, 16.40227, 9.522766, 13.4158, 16.51234, 51.14319, 16.75239, 168.2148, 19.67295, 37.36072, 36.86605, 85.44622, 86.77544, 9.606397, 5
41.57059, 28.18098, 21.27739, 8.825702, 12.44285, 16.52074, 9.78016, 13.54904, 16.21979, 51.17246, 19.68212, 169.3026, 20.48328, 39.99599, 34.90386, 70.6368, 73.06611, 10.27, 5
41.10546, 25.96342, 20.43703, 8.794194, 12.79637, 18.54525, 8.897374, 12.69428, 15.8378, 49.64772, 18.781, 80.06705, 18.64012, 34.12753, 35.10441, 70.80932, 79.67918, 8.770394, 5
38.2597, 27.71728, 22.0335, 11.0748, 14.71223, 16.90722, 9.274448, 12.27775, 15.50505, 50.70629, 19.86341, 162.9156, 16.40292, 34.43359, 32.16324, 117.5924, 122.1642, 9.968294, 5
39.62392, 27.02937, 20.71703, 9.047263, 13.58193, 17.90542, 9.642572, 13.05979, 16.51544, 48.72948, 20.89853, 168.8964, 14.61432, 31.39671, 32.34566, 99.10616, 107.5156, 9.84762, 5
37.56734, 29.19678, 22.73819, 14.08299, 17.51982, 15.39582, 10.26813, 11.44412, 15.67434, 49.52898, 20.10616, 163.4606, 16.21279, 34.55366, 30.71134, 119.782, 125.1399, 10.23829, 5
42.09894, 29.00872, 23.63437, 11.55171, 16.81169, 16.90865, 8.553615, 12.88488, 15.5509, 48.35566, 20.15153, 159.4845, 17.30332, 30.79635, 33.61721, 77.50552, 85.28727, 8.543322, 5
37.76324, 30.10197, 25.56659, 14.49587, 18.29776, 15.06825, 8.220819, 11.57808, 15.79344, 49.90765, 22.26963, 173.3353, 18.2992, 37.32993, 32.34207, 71.96041, 79.85345, 10.03009, 5
39.18661, 27.83979, 21.43588, 10.08145, 14.64441, 15.9025, 9.559872, 12.99959, 15.64554, 47.20474, 19.85258, 40.42136, 20.20017, 34.36055, 33.51155, 31.35482, 39.56198, 8.224975, 5
39.74107, 36.5741, 28.73306, 15.42315, 21.7407, 11.15678, 10.28394, 13.16323, 14.38835, 50.89141, 20.19484, 166.7234, 16.66082, 36.14034, 32.77858, 113.9183, 118.448, 10.28262, 5
36.64563, 29.39018, 23.56665, 11.2073, 14.57818, 14.63502, 9.669732, 12.83436, 15.79165, 49.15069, 21.32495, 166.1818, 14.88674, 32.99978, 32.12157, 94.99013, 103.2271, 9.921209, 5
38.81686, 31.53961, 24.12062, 12.85486, 16.97359, 15.0682, 10.10316, 12.20024, 15.69719, 50.39085, 21.13036, 170.0871, 14.94544, 32.43018, 31.93572, 101.8091, 108.7809, 9.828693, 5
35.80157, 34.98243, 29.092, 17.6401, 22.24881, 12.03103, 9.664566, 11.62766, 13.9773, 47.14796, 20.21617, 165.2664, 15.93259, 30.55521, 31.38851, 97.30391, 104.415, 9.113759, 5
35.65214, 35.1508, 31.48069, 21.09131, 25.85747, 11.70161, 8.338094, 10.53846, 13.19162, 47.64095, 21.53399, 162.6604, 15.54351, 30.94628, 29.99299, 114.2501, 122.4239, 9.610059, 5
39.80917, 34.95178, 28.12817, 17.44398, 22.98358, 13.07016, 10.48571, 11.51298, 14.14029, 47.31144, 19.86922, 162.5924, 15.51233, 31.8468, 31.06173, 101.4984, 107.9691, 9.647913, 5
37.43139, 38.69604, 30.84841, 20.10121, 26.33828, 11.53246, 10.56794, 11.44613, 14.22235, 48.33603, 20.24338, 166.3786, 18.10399, 36.69172, 31.30313, 113.3098, 117.5011, 10.0441, 5
39.23127, 35.51529, 29.61147, 18.75765, 25.12343, 14.37998, 9.375656, 11.37934, 14.30541, 47.67757, 21.58255, 163.5879, 15.97946, 32.84468, 31.92602, 71.91997, 81.93495, 9.389586, 5
36.60986, 32.66879, 27.25896, 16.63762, 23.36186, 14.48822, 9.372889, 11.02905, 14.20234, 46.28881, 17.18452, 169.5883, 16.63099, 30.82083, 32.95763, 100.6852, 105.262, 8.878851, 5
37.8531, 32.28802, 26.93196, 16.13026, 22.166, 13.41072, 9.106814, 11.45317, 14.10393, 49.43093, 19.82263, 170.3457, 18.57252, 39.84978, 33.53391, 106.829, 110.7149, 10.59359, 5
38.69529, 35.22655, 29.02018, 17.32282, 23.0428, 12.22455, 9.933313, 12.02534, 14.43985, 48.93019, 21.16841, 57.01748, 21.07114, 34.35474, 33.51877, 46.30865, 54.0432, 7.887149, 5
38.70927, 31.58544, 27.33283, 17.38024, 22.06898, 12.74472, 7.889761, 10.91482, 13.96652, 46.78894, 19.5109, 161.4626, 19.2421, 32.91356, 32.06193, 94.45636, 99.14499, 8.285648, 5
40.32445, 31.76232, 26.51939, 15.80801, 22.16764, 12.79641, 9.202165, 11.98921, 14.11621, 48.79532, 20.13976, 124.046, 19.63771, 33.77413, 33.0765, 64.67217, 71.37967, 8.293158, 5
41.23306, 30.89245, 26.36919, 16.51725, 24.16364, 15.04806, 8.187746, 11.32481, 14.22584, 49.4596, 18.90725, 121.1865, 18.97742, 39.08248, 33.27536, 112.2251, 113.9597, 10.30103, 5
47.03032, 31.81355, 27.48636, 17.46383, 25.35394, 16.50653, 7.614993, 11.20816, 13.46486, 48.71138, 20.57044, 161.582, 19.04935, 36.04143, 31.96359, 114.1005, 118.3862, 9.459038, 5
45.24671, 31.93077, 28.14893, 18.27963, 26.22514, 15.53559, 7.188237, 11.0363, 12.93502, 48.69205, 17.83845, 163.8227, 18.13414, 37.36448, 32.32618, 111.8246, 113.165, 9.86984, 5
47.13229, 34.96217, 29.76876, 18.74503, 27.92609, 15.89097, 7.413862, 11.00714, 13.14574, 48.34291, 17.64052, 166.6411, 18.33769, 36.40805, 31.85803, 114.1393, 115.0612, 9.548617, 5
44.45031, 33.53852, 30.46277, 22.12723, 30.20734, 15.74793, 6.775782, 9.344242, 12.17045, 48.38364, 15.33868, 162.7911, 17.64518, 35.49866, 33.13303, 121.914, 121.4892, 9.669935, 5
47.00793, 29.61411, 31.3953, 19.67672, 26.00233, 19.28064, 4.849089, 11.25213, 13.49529, 49.91859, 16.68148, 155.2768, 18.57303, 38.17087, 36.08456, 116.7441, 117.3523, 10.83794, 5
45.81461, 27.16757, 31.36717, 24.75882, 36.38193, 21.42568, 5.153584, 9.003637, 11.4895, 50.20137, 17.81017, 169.3277, 16.22313, 36.93084, 34.74323, 111.6574, 113.6867, 11.41352, 5
59.29456, 24.44982, 31.57294, 26.53984, 40.98198, 29.26854, 5.998322, 8.905496, 13.16243, 50.67088, 16.26615, 164.1695, 20.40808, 36.71749, 37.03828, 94.7501, 95.41993, 9.972811, 5
64.11629, 15.91201, 24.1896, 27.70401, 43.14898, 36.59134, 8.315006, 9.097813, 12.18609, 51.89083, 14.87949, 149.5489, 21.97339, 40.46648, 36.83776, 126.0715, 123.6709, 10.82316, 5
65.68307, 16.0785, 24.97561, 29.13888, 44.52554, 38.89596, 9.661718, 8.012022, 11.53068, 52.91402, 14.49839, 147.4539, 21.37243, 39.48745, 39.36967, 115.1841, 113.1658, 11.06406, 5
63.96337, 19.95394, 26.53522, 29.31391, 42.99969, 35.21999, 8.136486, 7.382195, 11.94765, 52.67863, 17.28307, 18.03164, 21.34607, 34.62479, 41.3343, 14.53836, 12.15174, 9.222025, 5
65.60507, 24.43781, 21.89187, 22.52421, 39.43627, 34.08387, 7.085016, 9.080041, 13.57784, 52.1305, 17.70504, 33.21764, 22.86123, 35.11536, 40.62022, 16.14785, 14.12961, 8.365509, 5
70.27106, 20.76851, 18.26337, 19.25678, 30.79118, 35.57223, 6.960128, 10.41773, 15.24785, 52.71628, 17.78549, 109.7561, 21.22768, 36.94366, 39.31285, 19.64824, 19.13562, 9.9027, 5
69.37368, 17.59524, 27.5391, 25.23099, 32.44931, 36.85851, 5.138735, 10.46665, 15.19543, 52.72866, 15.22294, 152.8188, 16.41894, 33.04943, 38.77347, 111.1374, 112.0669, 10.73269, 5
66.98277, 16.65038, 28.10756, 24.20263, 30.4652, 34.67709, 6.103228, 10.42841, 15.87765, 52.37646, 14.60441, 146.1728, 18.90141, 35.65316, 38.47997, 117.6459, 117.5847, 10.35891, 5
64.70003, 25.03135, 27.89942, 19.34739, 28.72558, 28.51228, 6.129862, 11.33928, 16.21855, 51.82406, 17.41122, 163.9493, 19.74282, 36.09548, 37.65605, 80.92435, 83.77715, 10.02678, 5
65.14637, 23.63976, 26.04206, 16.70093, 26.2104, 29.71061, 5.276038, 11.68678, 16.5545, 50.60405, 18.30859, 167.3139, 23.59004, 41.69394, 36.20526, 94.0294, 93.53912, 10.57881, 5
68.53725, 30.45079, 26.35801, 16.87809, 26.13577, 28.2492, 9.809228, 12.34993, 17.16078, 50.91272, 17.77638, 144.9539, 21.67542, 38.99868, 37.67429, 63.42696, 66.38717, 10.20149, 5
63.58827, 28.32757, 26.01964, 19.65911, 29.68249, 27.91363, 8.239642, 10.93544, 15.74271, 50.88736, 19.63584, 155.6452, 18.45804, 36.98705, 36.55992, 105.0435, 110.4261, 11.09807, 5
65.58614, 18.96392, 27.84782, 23.53049, 32.03295, 33.25113, 5.615764, 10.12147, 14.18372, 50.79182, 17.32223, 160.4639, 16.38407, 31.43644, 36.17117, 109.3614, 115.3186, 10.10287, 5
63.15625, 20.6309, 29.14889, 23.45862, 30.3412, 31.06896, 5.427586, 9.972949, 14.87708, 51.06163, 16.81939, 169.9046, 13.09655, 29.49373, 37.06429, 104.0284, 110.6454, 10.59791, 5
65.3838, 21.18036, 26.51024, 18.32516, 25.32913, 30.66006, 5.056251, 11.26937, 17.38937, 49.58526, 15.41023, 159.4718, 17.45617, 32.23236, 37.63191, 101.6852, 104.8518, 9.581111, 5
61.86931, 20.7209, 22.76996, 15.08838, 24.85749, 29.97797, 6.511563, 11.27355, 15.60051, 48.85378, 15.06616, 140.8314, 21.11082, 37.02447, 38.54878, 84.21353, 85.13398, 9.847401, 5
63.7243, 18.40296, 21.75784, 17.27177, 26.70683, 33.22559, 5.874864, 10.09303, 14.52396, 48.08445, 16.0525, 155.0391, 20.91205, 39.47554, 39.45942, 64.2372, 65.44913, 10.53508, 5
68.27873, 16.49321, 21.57402, 17.85179, 28.00826, 36.20115, 6.372122, 10.16728, 14.30386, 50.04701, 16.00974, 142.7286, 22.26569, 38.57368, 37.07357, 106.2886, 105.9154, 9.863682, 5
70.97837, 20.5661, 19.60157, 20.40442, 28.40019, 34.639, 8.092719, 11.08726, 15.50818, 49.57904, 22.5104, 111.3175, 27.2957, 41.94313, 37.6588, 55.93454, 56.31517, 9.668533, 5
70.03764, 21.59031, 28.48689, 25.0219, 36.51244, 32.93427, 8.36356, 10.55147, 15.43993, 51.7896, 16.92592, 97.48615, 28.28051, 42.78291, 40.33711, 45.91606, 37.02043, 9.803935, 5
69.64182, 24.05924, 23.65209, 19.51259, 27.43373, 34.38999, 6.630577, 12.9276, 16.93024, 50.65158, 22.65901, 115.0839, 21.07132, 36.10937, 37.09827, 43.33992, 41.9052, 9.570662, 5
61.70665, 26.50963, 20.74788, 15.55665, 21.52154, 36.80125, 10.46646, 16.7273, 16.19081, 49.28173, 21.19412, 118.2992, 20.6631, 33.27713, 35.51519, 63.71405, 66.84507, 8.821716, 5
71.41112, 24.54212, 19.62635, 20.90991, 26.61745, 40.61593, 11.39688, 13.56257, 14.87218, 47.68143, 27.70771, 125.528, 15.64426, 23.88186, 31.69773, 42.21708, 52.83724, 8.847466, 5
76.25851, 25.63614, 23.55073, 23.22077, 29.76067, 37.39127, 10.61428, 12.02075, 15.58832, 45.16062, 19.76356, 135.7382, 15.62943, 26.11482, 32.20736, 82.54791, 88.37049, 8.313968, 5
74.06162, 29.05958, 18.81483, 21.06823, 29.80455, 39.27227, 14.34499, 12.8685, 16.66051, 46.91493, 11.71681, 146.7081, 16.98312, 28.39035, 36.59437, 121.2231, 120.5433, 7.78853, 5
74.39492, 22.91202, 24.61305, 23.83453, 30.89956, 41.18775, 9.136887, 11.42348, 14.735, 46.72473, 8.93857, 147.3878, 11.83761, 23.39397, 38.61604, 125.9257, 127.0576, 8.628168, 5
72.60223, 25.29582, 23.15184, 20.65545, 28.82115, 39.51043, 10.83658, 12.37022, 14.4903, 46.56237, 13.18759, 155.6703, 13.00044, 22.51789, 37.06595, 109.9418, 115.9831, 8.183885, 5
71.56499, 21.98977, 18.5433, 19.52706, 28.33309, 39.45292, 11.15348, 12.98636, 14.25694, 48.31678, 14.00526, 24.61357, 16.2767, 22.40395, 38.99784, 15.21156, 11.48641, 7.985147, 5
71.88536, 26.15978, 18.92636, 18.29406, 26.87296, 39.45959, 12.55514, 13.28968, 14.61133, 50.72092, 19.83304, 52.74446, 16.691, 24.67466, 36.27616, 45.95861, 52.89226, 7.359034, 5
75.2459, 25.42375, 20.02488, 21.586, 29.1567, 40.59892, 11.94836, 12.66796, 15.4805, 45.85221, 16.65438, 44.11791, 18.05454, 26.61227, 36.24043, 37.54976, 40.78435, 7.635557, 5
76.61455, 29.42972, 20.29572, 24.91776, 30.04413, 39.85577, 12.6952, 12.65395, 15.93443, 46.54914, 22.54112, 37.05579, 15.77233, 22.4437, 34.30587, 24.81608, 35.24437, 8.640429, 5
75.47225, 28.43377, 20.25381, 22.70773, 29.18762, 39.51303, 12.72321, 12.1917, 15.5947, 45.90781, 17.21573, 77.35197, 14.01147, 22.23629, 35.4556, 38.0106, 44.71476, 8.161085, 5
75.42567, 27.18272, 17.3511, 23.30272, 31.6159, 38.67034, 13.17353, 12.13071, 15.6153, 46.09129, 22.03271, 49.38745, 13.43806, 20.14622, 33.772, 40.47669, 54.08512, 8.70933, 5
74.09731, 28.24936, 18.84415, 22.10086, 30.16838, 39.07188, 12.59069, 12.15477, 15.52953, 46.16752, 20.08683, 104.1755, 14.03528, 20.84902, 33.91319, 53.65123, 64.33226, 7.68725, 5
74.70856, 29.38187, 19.16899, 22.77035, 31.66021, 39.05509, 13.38042, 11.85523, 15.23757, 45.30182, 18.8049, 159.1681, 13.41262, 22.06509, 33.34933, 85.73898, 95.79924, 7.46214, 5
74.3423, 31.78452, 20.16165, 21.08711, 30.4437, 37.45103, 14.14707, 11.89047, 15.42946, 44.51152, 15.18027, 157.5197, 10.10931, 19.41458, 34.28979, 122.0814, 129.3443, 9.286709, 5
72.03892, 30.50065, 24.43748, 24.19261, 32.90715, 36.77887, 11.6395, 11.55312, 14.24419, 43.52359, 17.00512, 153.9727, 9.454569, 17.32814, 33.37308, 110.3636, 121.6249, 9.494899, 5
74.55198, 29.78882, 21.34532, 22.92352, 32.19365, 38.84291, 12.36104, 11.8287, 15.02302, 43.65934, 16.90725, 157.1328, 10.14986, 18.32569, 33.40885, 114.6664, 123.9221, 9.10634, 5
73.8998, 33.37632, 22.64604, 24.89336, 34.07253, 36.66592, 13.32559, 11.4742, 15.02094, 45.3461, 15.85088, 157.558, 10.89374, 19.88499, 34.23412, 116.1183, 124.003, 9.033658, 5
75.93607, 32.32674, 23.80174, 29.78404, 35.8162, 35.33386, 12.66831, 11.21321, 15.0132, 47.2855, 17.23067, 144.6398, 10.22622, 15.81325, 35.86627, 92.55564, 105.63, 9.27129, 5
70.37669, 36.57265, 27.98664, 32.54197, 33.9283, 32.82558, 13.22324, 10.32066, 16.30205, 47.99605, 18.75044, 41.6537, 9.817103, 14.61315, 35.79323, 30.35641, 47.94216, 9.940458, 5
76.24786, 32.7128, 26.98964, 33.31737, 37.02102, 34.03111, 11.20686, 11.04653, 14.9323, 44.27121, 14.50293, 166.1618, 7.153546, 16.67871, 34.24702, 124.1084, 134.2853, 10.34899, 5
76.3136, 38.11357, 24.76186, 32.55603, 38.4127, 33.49938, 15.88525, 11.57062, 15.78935, 42.61344, 14.72289, 162.8686, 8.944964, 19.5031, 33.25599, 124.6271, 132.0623, 9.889725, 5
68.20748, 39.40392, 30.17724, 37.53847, 32.68423, 29.67855, 14.18397, 9.787173, 17.46722, 42.30645, 13.84686, 165.5797, 8.508978, 18.89112, 33.13037, 128.4252, 134.9331, 10.00429, 5
68.8544, 37.80503, 29.01636, 38.03681, 35.44188, 29.11281, 13.69947, 10.43234, 16.3521, 42.35903, 12.73039, 160.2303, 10.06099, 21.32194, 31.61586, 127.4046, 132.3402, 9.747053, 5
67.69353, 39.15017, 28.47756, 32.80133, 33.31728, 29.26622, 14.38897, 9.984459, 15.84524, 42.77473, 13.24291, 159.7386, 9.398729, 20.16329, 31.71816, 126.7225, 132.5099, 9.94301, 5
60.94968, 46.13113, 36.13737, 33.05414, 34.72328, 23.82824, 15.31953, 10.16359, 15.37623, 41.96887, 12.84309, 164.3231, 10.07519, 20.87346, 31.86872, 129.1969, 133.7944, 9.519256, 5
59.77035, 42.60176, 33.71962, 32.94034, 34.42717, 23.74218, 14.12919, 9.992099, 15.27657, 41.46606, 11.8513, 163.806, 10.96365, 21.83298, 31.85446, 130.9902, 134.612, 9.661108, 5
61.41235, 39.76393, 30.8658, 31.99706, 31.98203, 24.55226, 13.88992, 9.811373, 15.77876, 40.01818, 12.42924, 161.5988, 9.370875, 19.07285, 31.39723, 128.7358, 134.7357, 10.62523, 5
62.49982, 38.46548, 29.73917, 31.37927, 30.93168, 25.29125, 13.69611, 9.809369, 16.84242, 39.48649, 13.05888, 163.1553, 12.12301, 23.67905, 30.2691, 129.1268, 132.9462, 9.538009, 5
60.41451, 45.54703, 36.90102, 36.31604, 35.19289, 23.79301, 14.15394, 9.799441, 15.57474, 39.86936, 13.32899, 162.5702, 12.03405, 22.67234, 30.36296, 128.6981, 133.2145, 9.916987, 5
61.81659, 39.92952, 31.52373, 33.82839, 33.09271, 24.39536, 13.42581, 9.500052, 15.89119, 39.02959, 12.91373, 163.5629, 9.279765, 18.92902, 30.78059, 128.9245, 135.9601, 11.21069, 5
60.2669, 39.52999, 30.71113, 32.61432, 31.69064, 22.71163, 13.7619, 9.365651, 16.26193, 39.55779, 13.37162, 161.0992, 9.31361, 19.80108, 30.33158, 128.0914, 134.2922, 10.38546, 5
61.01071, 35.89323, 27.98049, 29.31064, 26.85566, 23.41366, 13.2167, 9.505431, 17.20659, 36.88842, 13.1945, 166.8896, 10.7968, 20.36769, 29.13706, 131.8281, 137.4714, 10.38281, 5
58.60202, 41.90049, 32.62548, 28.15732, 29.16817, 21.15048, 14.33257, 9.956213, 15.15054, 37.97204, 14.50896, 166.4237, 11.01015, 21.34879, 28.75808, 129.9026, 136.582, 10.78916, 5
57.89725, 41.56587, 31.33314, 27.98308, 29.87738, 21.35477, 14.342, 9.704134, 16.13682, 36.07267, 13.1603, 167.5164, 10.80456, 20.48411, 28.75821, 130.7171, 136.5927, 11.05751, 5
59.82397, 38.94795, 29.89833, 26.32803, 26.34245, 21.8126, 13.64784, 9.878961, 16.55595, 36.25375, 13.34507, 165.9803, 9.883379, 19.61316, 29.00906, 130.363, 136.7361, 10.68675, 5
58.25777, 39.11148, 31.40585, 31.07613, 29.25229, 21.11662, 13.43669, 9.368714, 16.09179, 36.76611, 12.8188, 166.1525, 10.23351, 20.10886, 29.20568, 130.1061, 136.1945, 10.72429, 5
61.24695, 36.76067, 27.76278, 28.42186, 26.29339, 22.81214, 13.25499, 9.280062, 16.98299, 37.39727, 12.09856, 165.5936, 9.748928, 19.70222, 30.13586, 130.3964, 136.1253, 10.68439, 5
63.01244, 36.14959, 26.19094, 27.0705, 24.36472, 24.20108, 14.04831, 9.904468, 17.5195, 38.00448, 12.07767, 165.0635, 10.81898, 21.14913, 30.21378, 130.3146, 134.9754, 10.39222, 5
62.87719, 37.51356, 26.29719, 25.72167, 25.64878, 24.13446, 14.60987, 10.30179, 17.3282, 37.86205, 12.41373, 165.9347, 10.93231, 21.2425, 29.94414, 130.9384, 135.5226, 10.38027, 5
63.13725, 37.27049, 26.41527, 25.49213, 25.58349, 24.59804, 14.55088, 10.08976, 17.04288, 37.97205, 12.71091, 167.232, 10.98826, 21.27124, 29.7531, 131.3298, 136.344, 10.58227, 5
64.82733, 37.9629, 27.5375, 30.49181, 27.4906, 25.90884, 13.74578, 9.482097, 17.6547, 39.26855, 12.40128, 166.0385, 11.82803, 22.53452, 30.62167, 131.8602, 136.0775, 10.16432, 5
62.33761, 41.46468, 31.6465, 33.65079, 31.42363, 22.46785, 13.95999, 9.404039, 17.56763, 39.17052, 12.35055, 166.7489, 11.84217, 21.75665, 30.62545, 131.7035, 135.9808, 10.12355, 5
61.45578, 40.63192, 30.82666, 31.93425, 30.91928, 22.85996, 13.55443, 9.461095, 17.04936, 38.78701, 12.55389, 166.6749, 12.87857, 22.57797, 30.43672, 131.8959, 135.8864, 10.02903, 5
63.33876, 38.95643, 29.33298, 31.80425, 28.74859, 23.74258, 13.56387, 9.663774, 17.91137, 38.48553, 13.0679, 166.7303, 13.27186, 23.58504, 29.93913, 131.1221, 135.0723, 9.915777, 5
63.45301, 39.52714, 27.70298, 26.11151, 27.32087, 23.3145, 14.46998, 10.20745, 17.03902, 37.78132, 13.67452, 170.0045, 15.11714, 24.05001, 29.20923, 130.8928, 134.1564, 9.711183, 5
59.69934, 39.54375, 27.89557, 22.21693, 25.10375, 22.1729, 14.90352, 11.01406, 16.50733, 37.28074, 14.19982, 168.4147, 14.61223, 24.72838, 28.86941, 130.8519, 134.5258, 9.754413, 5
59.79427, 39.57453, 28.06499, 23.84104, 25.59153, 22.03481, 14.71833, 10.73759, 17.01649, 36.88486, 13.37323, 168.0471, 14.74468, 24.3687, 29.31154, 131.1142, 134.0812, 9.484626, 5
61.02024, 39.17537, 27.52347, 23.6744, 26.36489, 23.13962, 14.28141, 10.41684, 16.77127, 37.00518, 14.06417, 169.2819, 15.06482, 24.033, 28.84184, 130.7692, 134.2031, 9.565895, 5
61.2907, 41.38328, 28.66328, 23.49519, 24.88099, 23.06856, 15.35704, 11.01308, 17.12247, 36.72892, 14.38438, 169.0516, 14.49149, 24.28246, 28.44664, 130.8418, 134.6929, 9.669996, 5
61.46049, 40.79742, 28.0153, 23.90342, 24.52566, 23.92536, 15.45232, 10.64974, 17.1245, 36.57969, 12.41286, 168.2176, 14.15013, 23.77573, 29.67255, 132.1893, 135.0667, 9.742412, 5
54.77399, 42.67281, 34.00194, 25.1297, 27.06261, 19.19543, 15.93343, 10.67942, 14.75227, 36.44371, 13.45336, 169.5368, 15.38055, 24.46836, 28.797, 131.4294, 134.1171, 9.400695, 5
51.32535, 43.11293, 33.77152, 23.97463, 26.69458, 18.91074, 15.82295, 10.61057, 14.36725, 36.68659, 13.08993, 167.9771, 12.96563, 23.21995, 29.26026, 132.1825, 136.2163, 10.00762, 5
48.6854, 44.83464, 34.1145, 23.43394, 26.51864, 17.3114, 16.25335, 10.26953, 13.13733, 37.71572, 12.97242, 167.0954, 11.06365, 20.85352, 29.85162, 131.8447, 136.7542, 10.34961, 5
47.72313, 46.23, 35.96162, 23.54263, 25.98571, 16.87464, 16.40767, 10.41505, 12.74846, 37.16477, 14.32829, 169.1801, 15.60254, 24.70731, 28.34556, 131.6297, 134.9595, 9.576329, 5
49.6522, 44.47126, 35.71398, 24.42318, 27.13844, 17.58766, 16.04332, 10.5082, 13.92774, 36.73249, 14.50008, 168.6696, 13.37358, 23.61368, 28.23113, 131.3697, 136.0601, 10.03895, 5
49.12236, 43.79342, 35.80392, 27.00223, 29.41744, 17.1662, 14.5813, 9.797895, 14.30434, 37.39388, 14.46493, 168.1067, 11.08585, 21.15536, 28.43582, 131.3134, 137.2008, 10.47305, 5
49.70972, 44.03156, 36.81505, 26.82774, 28.54264, 17.10113, 14.30989, 9.993948, 14.21764, 37.19948, 14.78253, 169.1793, 13.61357, 23.35409, 27.90278, 131.5625, 135.9706, 9.921626, 5
50.5, 43.68612, 35.92106, 27.00312, 28.6111, 17.4642, 14.64803, 9.764104, 14.4548, 39.11878, 13.24952, 167.1689, 12.20416, 22.7923, 30.14135, 131.8875, 136.6976, 10.50609, 5
52.55156, 40.75998, 33.41311, 25.90911, 29.09353, 18.95024, 13.31755, 9.667231, 14.74503, 41.92559, 11.62851, 164.5138, 10.57552, 21.53754, 32.12069, 132.4703, 137.5243, 10.65235, 5
55.15393, 41.18833, 31.42918, 23.96822, 27.66923, 21.28927, 14.23326, 10.39673, 15.3987, 40.64066, 12.22824, 166.304, 12.35398, 23.37782, 31.00524, 132.0209, 136.15, 10.12638, 5
60.88523, 39.38507, 28.40019, 23.77626, 26.59796, 24.46206, 14.08995, 10.24989, 16.24335, 41.26952, 12.4898, 164.0359, 10.93826, 22.70055, 31.35725, 131.6792, 137.0826, 10.47634, 5
58.68309, 41.3385, 30.74548, 24.98685, 26.75767, 22.54287, 14.81499, 10.28866, 16.09498, 42.34777, 11.02843, 164.7312, 10.94557, 22.10236, 32.62643, 132.4991, 136.6285, 10.35102, 5
60.23141, 39.57782, 28.04375, 23.52946, 27.14017, 23.78989, 14.04025, 10.09789, 15.60035, 41.89375, 13.05064, 161.3766, 12.59091, 24.53754, 31.26094, 130.1928, 134.2651, 9.686573, 5
59.15614, 40.96284, 28.28796, 22.33055, 24.77778, 23.39486, 15.70638, 10.63064, 16.10931, 42.0188, 12.66852, 158.6038, 12.58109, 23.96701, 31.1613, 129.5226, 133.0909, 9.34359, 5
60.00113, 39.26373, 27.41954, 23.01878, 25.88215, 23.74044, 14.66216, 10.30979, 16.14842, 41.55385, 12.1549, 160.7934, 12.50265, 23.97751, 31.06047, 130.9583, 133.8999, 9.459391, 5
60.67643, 40.47354, 28.09181, 23.56567, 26.24705, 23.95996, 14.67462, 10.25482, 16.03082, 41.10335, 12.58871, 162.6832, 12.88681, 24.58878, 30.71222, 130.8337, 133.8317, 9.665401, 5
59.27366, 40.41245, 28.39989, 22.41224, 24.87891, 23.68643, 15.16913, 10.62881, 16.31689, 40.34192, 12.74687, 163.2536, 13.07851, 24.79868, 30.14791, 131.8799, 134.7388, 9.34931, 5
58.52264, 40.43889, 30.30239, 24.18236, 26.26886, 23.13696, 14.19912, 10.1561, 16.32283, 39.77999, 11.76978, 165.0272, 12.40464, 23.98014, 30.47596, 133.4607, 135.8916, 9.615396, 5
58.38288, 40.79248, 31.14151, 23.78356, 26.64017, 22.26563, 13.87769, 10.44821, 15.86238, 38.94852, 11.91734, 165.9318, 12.92087, 23.96032, 30.02332, 132.3499, 134.6505, 9.575015, 5
56.99598, 42.52903, 32.69893, 28.25012, 28.21758, 22.01683, 14.64419, 9.600521, 16.43087, 38.75827, 13.07119, 166.8192, 12.94304, 23.68396, 29.24815, 132.5071, 135.6847, 9.596549, 5
58.81683, 40.50176, 30.43775, 25.60723, 25.53434, 21.74645, 14.58389, 10.32129, 16.74908, 39.33568, 13.235, 167.8155, 12.40809, 22.18946, 29.45347, 133.1694, 136.7527, 9.71944, 5
57.99753, 41.62167, 32.02524, 27.26926, 27.28741, 21.07522, 13.98979, 9.914528, 16.23002, 39.25009, 12.05506, 166.6291, 11.7028, 21.01177, 30.88939, 132.1649, 136.6737, 10.08559, 5
57.86578, 39.88609, 31.52473, 27.93494, 27.84017, 21.64823, 14.31222, 9.85341, 16.35586, 40.53382, 11.52225, 165.7803, 11.04307, 20.68204, 31.34981, 132.8436, 137.4213, 10.07433, 5
58.15886, 39.04935, 28.76339, 23.44168, 25.94163, 22.61556, 13.72336, 10.5024, 16.31097, 39.51188, 12.08607, 166.9731, 11.05596, 21.61336, 30.90223, 133.2279, 137.7554, 10.1874, 5
58.01752, 41.313, 32.44768, 26.63146, 28.08541, 20.69302, 13.69463, 10.18847, 16.24321, 38.00259, 14.54284, 166.7917, 10.55355, 21.25484, 29.84957, 131.2167, 138.5685, 10.78923, 5
58.18486, 40.01718, 31.10262, 26.86255, 26.77173, 20.53314, 13.46826, 10.18163, 16.54379, 38.21458, 12.46396, 167.4406, 10.85337, 21.63775, 30.62341, 133.6863, 138.7616, 10.18686, 5
58.60191, 39.8542, 30.55185, 25.94238, 26.51007, 20.45282, 13.79515, 10.50094, 16.56379, 38.48887, 11.9302, 168.2567, 10.54954, 21.15653, 30.91584, 134.0705, 138.7965, 10.28841, 5
56.35463, 42.67257, 32.53949, 25.03178, 28.24123, 19.57837, 14.08074, 10.65329, 16.15047, 38.27152, 12.56324, 168.2715, 10.5663, 21.15185, 30.47507, 133.3592, 138.6736, 10.40991, 5
55.22713, 43.23724, 32.77405, 26.04191, 29.4692, 19.26182, 14.04321, 10.23739, 15.7091, 37.6615, 13.54257, 168.9718, 10.89385, 21.30013, 29.40763, 132.7071, 138.4619, 10.42507, 5
55.14259, 42.41789, 32.2039, 25.23355, 28.81464, 19.26031, 14.01332, 10.39097, 15.93236, 36.5929, 15.37299, 169.4422, 12.89543, 21.60205, 28.35525, 131.2812, 137.0755, 9.898827, 5
55.22746, 43.70197, 33.78468, 27.31117, 31.60789, 19.3272, 13.45779, 9.815901, 15.64583, 37.42129, 13.89083, 168.6174, 10.2211, 20.36291, 29.57803, 133.2557, 139.769, 10.57777, 5
55.33812, 44.03689, 33.14303, 26.36392, 29.79215, 20.3461, 14.51962, 10.41849, 15.92384, 37.60564, 13.16635, 168.305, 9.221364, 19.92571, 30.23729, 133.7841, 140.4017, 10.8362, 5
55.81638, 41.30619, 31.70427, 26.12155, 30.53985, 19.91631, 12.7743, 9.827652, 15.53745, 36.96749, 14.28188, 169.8001, 11.29362, 20.30338, 29.16416, 132.2493, 138.2534, 10.55441, 5
55.99979, 42.74501, 34.05888, 27.7237, 32.18585, 20.78329, 13.10309, 9.548761, 15.11727, 37.15575, 14.38112, 168.5096, 9.64143, 20.19689, 29.19397, 132.7484, 139.9486, 10.84037, 5
55.64383, 43.55539, 35.2458, 27.94417, 32.41706, 20.70867, 13.22698, 9.66481, 15.27927, 37.00115, 14.6588, 169.5173, 11.09333, 20.68227, 28.71797, 132.1391, 138.4908, 10.55823, 5
55.00468, 42.49957, 36.02221, 29.15349, 32.94117, 20.73894, 11.69149, 9.134155, 14.43328, 36.79294, 15.40402, 169.2758, 12.7459, 21.99998, 28.64901, 131.4488, 137.4327, 10.08506, 5
52.71858, 42.30598, 35.24613, 27.52934, 31.21315, 19.94723, 12.76968, 9.777747, 14.91852, 36.81281, 15.07539, 169.0066, 11.99975, 21.84567, 28.61861, 132.1526, 138.1462, 9.914013, 5
51.9055, 41.94837, 35.48186, 26.9439, 31.11674, 19.52245, 12.06322, 9.749534, 14.97473, 37.57589, 13.935, 168.6101, 11.54127, 21.37636, 29.50848, 132.9117, 138.2048, 10.14862, 5
54.21406, 39.99109, 34.08378, 26.64759, 29.99111, 21.13321, 11.77013, 9.688358, 14.61393, 36.59149, 15.96432, 168.4456, 11.96446, 22.45904, 28.66574, 131.1018, 138.1315, 10.3004, 5
52.82748, 41.96896, 34.78487, 26.92691, 31.20013, 19.65742, 12.17323, 9.673799, 15.19725, 35.92933, 16.39764, 169.2569, 12.01089, 22.13907, 27.75968, 131.1029, 138.1626, 10.07035, 5
52.2356, 40.31599, 34.78238, 26.39146, 30.68201, 19.83102, 11.33647, 9.624859, 14.78523, 36.20946, 15.1375, 169.0878, 12.42161, 22.01639, 28.40042, 131.6202, 137.3541, 9.952637, 5
52.53915, 40.67018, 34.88741, 26.79181, 30.46915, 19.97398, 11.64117, 9.617257, 14.6282, 36.00782, 16.16061, 169.1631, 11.14288, 21.05614, 28.35177, 130.6379, 138.1932, 10.2317, 5
51.21016, 41.92491, 35.25998, 26.33866, 30.36852, 19.72531, 12.10776, 9.960755, 15.2812, 38.47155, 13.64827, 168.4799, 11.28442, 21.15825, 30.31953, 131.8623, 137.6179, 10.21698, 5
51.3312, 40.90295, 35.49424, 26.61798, 30.58151, 19.4578, 11.28016, 9.789725, 15.02238, 38.7481, 14.34564, 168.59, 11.89159, 21.81464, 29.67544, 131.1076, 136.7214, 10.06724, 5
52.05856, 40.01966, 35.51857, 27.00823, 30.95914, 20.29789, 10.76108, 9.624695, 14.87747, 38.25313, 14.98725, 167.6339, 11.26215, 21.49581, 29.65074, 130.2289, 137.0929, 10.25037, 5
50.90466, 42.19405, 36.31509, 27.52044, 31.40369, 19.94138, 12.01375, 9.800003, 15.41297, 41.29216, 12.42169, 165.2582, 10.6158, 21.82727, 32.2108, 132.6156, 138.2075, 10.46843, 5
52.60217, 39.76975, 36.0435, 28.64287, 32.93142, 20.40669, 10.14532, 9.154741, 14.38384, 43.24061, 12.96778, 163.4101, 10.45762, 22.36649, 32.89298, 131.0958, 137.3205, 10.53435, 5
52.66644, 41.79587, 35.7775, 27.71218, 31.31013, 20.41128, 12.06844, 9.82277, 15.31071, 42.95524, 13.31697, 163.1703, 10.02707, 22.26609, 32.7265, 131.4848, 138.4093, 10.55223, 5
52.31909, 41.30111, 35.55736, 26.97805, 31.27254, 20.04323, 11.73559, 9.823971, 15.07749, 42.1626, 13.43265, 164.043, 10.87042, 22.59328, 31.9886, 131.3236, 137.6538, 10.33599, 5
1.688991, 32.78354, 25.29504, 22.58752, 30.70455, 49.76796, 13.02801, 10.92564, 17.9883, 2.927904, 34.09676, 43.83699, 47.19857, 47.10202, 53.54571, 11.74913, 10.19102, 15.56655, 7
3.206134, 32.68828, 24.59276, 22.18816, 37.25253, 50.62505, 12.34792, 10.24914, 18.95784, 13.60595, 33.87891, 42.43208, 44.7361, 46.9241, 49.77443, 11.54709, 10.24388, 15.53368, 7
4.817555, 34.11975, 25.90189, 24.16478, 41.80989, 51.24769, 11.65295, 9.495438, 18.78795, 10.99882, 32.69982, 40.74727, 43.62943, 46.20585, 50.37715, 11.65778, 10.40142, 15.56064, 7
4.365787, 33.27495, 24.55534, 22.26312, 39.24576, 51.0716, 11.53037, 9.144518, 17.94238, 11.87069, 33.92144, 43.17019, 45.44759, 47.29253, 50.32788, 11.62458, 9.519628, 15.06312, 7
4.548337, 31.01212, 22.62834, 19.87814, 36.94355, 51.53072, 10.96548, 9.103168, 17.8589, 9.503177, 33.42748, 42.79487, 45.49612, 47.89318, 49.96741, 11.81438, 9.533309, 14.30184, 7
4.406423, 34.63289, 23.94471, 21.29549, 37.52979, 51.15702, 12.16711, 9.365545, 17.52706, 7.811152, 33.91498, 41.7008, 43.95137, 46.81685, 49.04887, 11.92203, 9.518307, 14.21245, 7
3.794883, 36.59166, 26.88244, 24.24043, 38.92355, 49.80721, 11.8422, 8.926275, 16.58936, 14.15439, 34.21818, 43.1765, 46.29674, 49.64448, 50.40699, 11.47751, 9.499391, 14.7074, 7
3.314934, 42.65363, 31.1656, 27.34705, 41.11354, 49.71453, 13.02397, 9.079242, 16.16378, 11.42874, 36.83356, 44.63016, 46.17816, 49.49156, 48.12781, 11.219, 8.775881, 14.89559, 7
4.033326, 42.79917, 34.26249, 30.45668, 42.15028, 49.01531, 11.19524, 8.3339, 14.21013, 10.10301, 32.81608, 36.98153, 36.75514, 43.31711, 47.50312, 11.12284, 8.125693, 14.57624, 7
4.472032, 43.52966, 35.59437, 32.29518, 44.3661, 48.51695, 10.77961, 7.741896, 13.54675, 9.14022, 29.13046, 31.42874, 30.27046, 38.77131, 46.38783, 11.04856, 8.424082, 14.95644, 7
4.221367, 43.67926, 36.45004, 32.31399, 43.64323, 48.94721, 10.40518, 7.667259, 13.14355, 7.446714, 28.26493, 29.06209, 26.97845, 37.77422, 46.73917, 11.24519, 8.839158, 15.97894, 7
3.947345, 44.81356, 36.06924, 32.24958, 43.73255, 48.12916, 11.65673, 7.799861, 13.55794, 9.04709, 30.35752, 32.50834, 31.14961, 40.51472, 47.64819, 11.38164, 8.93635, 16.14408, 7
3.102235, 42.96523, 34.37497, 31.25988, 43.51261, 49.35815, 11.39733, 7.910236, 14.16166, 12.96389, 33.54297, 38.43311, 39.96092, 46.90836, 48.55211, 11.29193, 8.565752, 15.06474, 7
4.300746, 41.76892, 33.83637, 31.24836, 43.03328, 47.58289, 10.75649, 7.70454, 13.62936, 12.78756, 32.21143, 40.35842, 42.52918, 48.00056, 48.59254, 11.49092, 8.304231, 14.84605, 7
4.439017, 42.56048, 34.62999, 31.8713, 43.50452, 46.46604, 11.02209, 7.706731, 13.3991, 12.42778, 32.8194, 41.16686, 43.53909, 48.49617, 47.96674, 11.31508, 8.183764, 14.53085, 7
4.963529, 42.02355, 34.66023, 32.6357, 45.27168, 46.13769, 10.46862, 7.185452, 13.08482, 10.35731, 33.28465, 42.15836, 44.65748, 48.64973, 45.62985, 11.28722, 7.963657, 14.38681, 7
5.238094, 45.06345, 37.13432, 34.59747, 46.22522, 46.79485, 10.66856, 7.085293, 12.51164, 11.33665, 31.59795, 40.33223, 43.12642, 47.09109, 46.15955, 11.55918, 8.204132, 14.2685, 7
5.597517, 43.34393, 34.76983, 31.41362, 42.53834, 45.96928, 11.25521, 7.39242, 12.4944, 11.61876, 31.48138, 39.84143, 42.46856, 48.49226, 46.73738, 11.24651, 8.398284, 14.1845, 7
7.537155, 42.07157, 29.10816, 25.36469, 34.25448, 44.80868, 13.60868, 7.839972, 11.71783, 13.07482, 33.54914, 40.24823, 42.16928, 49.16977, 48.50851, 10.78385, 8.396741, 14.0577, 7
5.774991, 42.3764, 27.90161, 24.48188, 33.3033, 44.35542, 14.58311, 8.063093, 12.08529, 11.81229, 32.53574, 39.48394, 42.40428, 49.90079, 48.83455, 10.51002, 8.729694, 15.06798, 7
5.994464, 39.32887, 27.15842, 23.65202, 32.98553, 44.44192, 12.92123, 8.007389, 12.32504, 12.76211, 32.48352, 40.34648, 43.04042, 48.77541, 47.33617, 11.29301, 8.485588, 14.40383, 7
5.914037, 37.06093, 25.64462, 21.94468, 31.50088, 44.10006, 12.71906, 8.051325, 12.35207, 10.71112, 32.17483, 40.25249, 43.15828, 47.55706, 45.37065, 11.26546, 8.244478, 14.47973, 7
6.421045, 38.97152, 27.86292, 24.51547, 34.62196, 44.63353, 12.44625, 7.628949, 12.02979, 9.400214, 31.88524, 39.76155, 41.95948, 48.03428, 46.67682, 11.25876, 8.078612, 13.89467, 7
5.837846, 39.1531, 29.399, 25.99967, 36.14496, 45.1579, 11.33642, 7.251361, 11.87897, 12.1791, 32.61141, 39.26343, 42.44421, 49.01136, 48.24902, 10.57559, 8.639929, 14.17429, 7
6.808065, 38.22649, 28.64752, 25.55737, 34.72871, 44.15099, 11.40284, 7.382487, 11.70292, 11.22228, 28.93068, 38.54127, 43.70661, 49.11714, 48.26167, 11.2358, 9.53805, 15.30436, 7
6.282287, 42.7014, 31.28623, 28.13698, 37.97836, 45.01527, 12.63265, 7.209521, 11.50619, 10.31795, 28.56948, 38.03459, 42.71764, 47.62664, 48.99324, 11.05031, 9.385147, 15.4542, 7
6.389484, 41.572, 30.41418, 26.91582, 36.22616, 44.22931, 12.64709, 7.601064, 11.89724, 10.20303, 29.44706, 36.31612, 39.66098, 45.1751, 48.43513, 10.81024, 9.035093, 14.98767, 7
5.807145, 36.92381, 27.25459, 23.83757, 33.05788, 44.15158, 11.17375, 7.339865, 11.43768, 10.58376, 30.33326, 39.13101, 42.30061, 47.46585, 47.47714, 11.08742, 8.684304, 14.7637, 7
6.731612, 40.30122, 29.68234, 25.89934, 35.53586, 44.35057, 11.88379, 7.17455, 11.17634, 11.68749, 32.26479, 38.9461, 42.32962, 48.8792, 45.6991, 10.91556, 8.461252, 14.31741, 7
6.720357, 40.1137, 29.88126, 26.40003, 36.15423, 44.4474, 11.57903, 7.015708, 11.02825, 22.03379, 37.91185, 44.02574, 43.25064, 47.78267, 44.70073, 9.583674, 7.691384, 12.81077, 7
7.040242, 42.57713, 30.7995, 27.17097, 36.47401, 44.07868, 13.06341, 7.24565, 11.22502, 20.76508, 33.55921, 39.34179, 37.72587, 43.99164, 43.79791, 9.774167, 7.607, 12.80622, 7
6.605894, 43.39802, 30.93116, 27.2527, 37.3863, 44.56681, 13.05779, 7.068606, 11.34132, 19.81421, 37.14787, 45.2818, 42.66745, 48.73991, 45.44873, 10.18669, 7.175207, 12.77283, 7
6.386353, 42.0024, 29.89478, 26.50321, 36.40186, 44.66767, 13.25633, 7.240314, 11.55839, 22.31059, 40.36665, 46.70775, 45.87997, 50.97848, 43.99144, 9.171897, 6.879826, 12.27006, 7
6.093295, 42.92839, 30.8092, 26.25742, 35.52224, 44.85899, 12.75615, 7.188864, 11.17257, 21.63841, 39.28294, 46.58819, 46.06784, 51.33921, 44.33156, 9.386614, 6.682429, 11.90441, 7
6.770975, 43.80819, 31.34719, 26.65191, 35.85275, 43.90978, 13.19699, 7.101886, 10.77273, 16.84587, 36.51609, 45.75145, 44.86321, 50.23607, 45.64229, 10.4483, 6.291705, 11.31026, 7
5.867586, 42.14985, 30.53242, 25.92753, 35.43086, 43.97333, 12.51804, 7.134599, 11.17923, 17.01892, 36.27339, 46.77485, 45.08851, 50.89821, 45.85751, 11.27674, 6.356317, 11.42913, 7
5.396556, 42.4881, 29.96116, 26.35788, 36.65106, 44.13682, 13.54892, 7.206227, 11.60583, 19.70401, 37.00397, 45.80344, 43.65704, 49.50608, 46.40858, 10.86385, 6.478292, 11.3416, 7
6.090945, 42.7816, 30.81339, 26.5537, 37.01978, 44.09713, 12.69115, 6.852803, 11.10246, 20.62758, 39.18102, 44.155, 42.88866, 48.26383, 44.54301, 9.908457, 7.055356, 11.89426, 7
7.530122, 45.31931, 32.66207, 27.52042, 36.405, 43.52834, 13.40759, 7.100118, 10.6785, 21.50098, 38.40945, 43.54589, 41.43059, 46.6529, 45.64109, 9.987275, 6.943537, 11.99681, 7
5.618415, 43.8288, 32.57334, 28.35413, 37.18192, 44.41086, 13.29461, 7.190119, 10.9577, 18.49271, 36.82669, 41.36988, 38.53948, 43.38933, 44.91317, 10.15821, 7.442813, 12.32006, 7
6.119107, 43.31753, 31.17997, 26.57844, 35.70726, 43.33142, 13.91962, 7.468264, 11.12042, 17.72956, 36.55422, 43.84509, 41.98652, 47.61791, 44.40548, 10.41076, 6.994174, 12.38481, 7
7.849404, 47.60756, 35.24585, 29.95302, 40.1616, 43.93703, 14.41449, 7.31271, 10.62355, 21.14176, 36.85765, 43.89628, 43.83131, 49.33887, 42.65801, 10.15333, 6.691433, 11.76405, 7
8.450941, 48.27012, 35.89524, 30.45326, 39.63552, 43.71719, 14.32104, 7.180973, 10.54925, 20.277, 38.02559, 44.83287, 43.51675, 48.51423, 42.86607, 9.970405, 6.676968, 11.53136, 7
6.39614, 49.91449, 36.23305, 30.68511, 40.6585, 45.683, 15.49508, 7.247329, 10.49282, 17.53581, 37.93654, 43.53373, 42.03591, 47.48742, 43.99557, 10.13756, 6.82188, 11.56446, 7
7.420952, 47.1717, 35.7881, 30.40371, 38.84011, 44.46706, 13.69341, 7.118578, 10.52016, 17.96672, 35.46431, 42.61579, 40.12439, 45.71395, 44.33051, 10.85054, 6.922487, 12.03971, 7
8.546655, 48.1359, 36.63817, 31.33907, 40.19114, 43.83969, 13.89572, 7.194129, 10.2124, 19.33463, 38.33156, 45.26823, 43.24108, 48.15144, 43.73997, 10.85777, 6.97831, 12.28177, 7
8.059221, 47.66656, 37.13037, 32.58559, 40.87251, 43.87967, 12.76566, 6.643459, 9.833973, 13.59783, 34.35606, 44.2498, 43.778, 49.02666, 45.11076, 11.48746, 6.892501, 12.23567, 7
9.579038, 48.38197, 38.42728, 34.2605, 41.54713, 43.05788, 12.31063, 6.399694, 9.459889, 9.391491, 35.43436, 43.28326, 43.31717, 49.27909, 45.41925, 11.05101, 6.991453, 12.7034, 7
7.841949, 53.87671, 43.35246, 36.35214, 42.05795, 44.62321, 13.78391, 7.891628, 10.15604, 17.4303, 40.14125, 38.85725, 35.66092, 39.99168, 45.80394, 12.78904, 8.391524, 13.75754, 7
8.123446, 55.82809, 44.14756, 37.01731, 42.22049, 44.821, 14.6912, 8.119796, 10.33491, 21.35956, 39.30914, 42.45629, 42.10097, 46.995, 47.45105, 12.15359, 7.037177, 12.35899, 7
11.45418, 52.54939, 43.84325, 38.48767, 43.92256, 43.61448, 10.95348, 6.913414, 9.007847, 25.3488, 43.76112, 44.79218, 44.80045, 49.34655, 46.25412, 11.78509, 7.2575, 12.62309, 7
10.80556, 50.97623, 42.03384, 35.9202, 42.95631, 41.83506, 13.14397, 8.097109, 10.96728, 29.76199, 51.58232, 40.86119, 38.83427, 40.22841, 41.79326, 14.82707, 8.94314, 14.58952, 7
18.44944, 55.82806, 48.82858, 46.84641, 54.29128, 36.85741, 12.25293, 5.764902, 10.04706, 30.71526, 52.75913, 44.63198, 42.05996, 43.90672, 43.29528, 13.90988, 8.247526, 14.41737, 7
17.83625, 59.20927, 52.97239, 50.24181, 57.35292, 38.66551, 11.10727, 5.022348, 9.017004, 30.01763, 50.18902, 43.6535, 40.72414, 44.14321, 35.35039, 12.54277, 6.833284, 12.31403, 7
15.41427, 57.50204, 50.61093, 45.90031, 53.01523, 39.36117, 11.15245, 6.389545, 10.45354, 20.07437, 42.01904, 36.03606, 35.22463, 41.16353, 39.91857, 12.26564, 6.920986, 12.83998, 7
17.73059, 59.87899, 52.63273, 50.71087, 57.97532, 39.11087, 11.80655, 5.146546, 9.0832, 20.3198, 43.14158, 37.08376, 36.60432, 41.63287, 40.93903, 12.28849, 7.211697, 12.65629, 7
14.82014, 59.38349, 52.33509, 47.78267, 53.74784, 40.67205, 11.61225, 6.013629, 9.563305, 19.66603, 42.31299, 44.42816, 45.96224, 51.04393, 43.0605, 11.61786, 6.306179, 11.29398, 7
16.95443, 65.03931, 55.82036, 51.28292, 56.19439, 41.12378, 13.7085, 5.938118, 8.896358, 20.30327, 52.98669, 47.36161, 45.75694, 50.70057, 41.63097, 12.31533, 7.03896, 12.16675, 7
16.93469, 64.28783, 54.92743, 50.03799, 54.37564, 41.17513, 13.4713, 6.51641, 9.286349, 17.56466, 51.73536, 47.77151, 47.96064, 52.43185, 42.12827, 11.91428, 6.660441, 11.30183, 7
13.51889, 61.79665, 52.35779, 46.58969, 51.60051, 41.77894, 13.84511, 7.204512, 9.860631, 20.13592, 45.88655, 42.16628, 40.39091, 44.90837, 41.70916, 11.52919, 6.645496, 11.71161, 7
15.64469, 64.73618, 53.82264, 50.33748, 56.2574, 41.97467, 14.94803, 5.721903, 9.064166, 15.656, 45.64077, 40.6113, 39.47522, 44.2062, 44.02197, 12.58782, 6.897991, 12.01979, 7
13.63707, 63.2411, 53.94054, 47.23708, 52.29138, 43.3018, 13.95208, 7.738017, 9.413649, 16.61504, 46.10765, 41.18819, 40.13675, 44.20768, 43.68954, 12.52119, 6.921468, 11.89174, 7
15.20589, 65.76093, 54.87659, 48.42025, 53.71957, 43.16555, 14.53629, 7.402235, 9.384038, 17.61058, 47.81844, 40.75039, 38.10885, 43.01603, 43.04966, 13.43547, 7.396506, 12.41646, 7
13.30294, 64.62955, 53.59665, 47.19073, 52.86205, 43.32658, 15.14202, 7.580226, 9.673269, 17.47917, 44.06843, 42.73922, 40.95837, 44.61424, 43.69378, 10.73414, 6.410562, 11.51066, 7
13.94512, 65.42799, 52.31071, 48.58897, 55.62633, 42.99397, 17.8683, 6.120389, 9.695621, 14.9993, 46.3835, 40.88908, 38.74324, 42.28153, 42.77851, 12.46897, 7.37395, 12.09494, 7
13.40931, 66.21988, 53.20588, 47.99908, 55.6835, 43.3895, 16.62816, 6.605152, 9.679039, 22.43355, 49.31336, 46.54102, 44.01696, 48.01018, 40.69343, 11.91006, 7.164754, 11.96736, 7
12.45348, 63.82551, 54.84317, 49.82195, 56.76707, 43.99508, 13.86824, 5.988477, 8.804107, 23.35669, 48.01293, 43.87008, 40.79707, 44.04346, 40.06112, 12.67035, 7.498288, 11.99423, 7
12.51123, 63.94059, 53.53102, 48.67173, 55.8018, 43.13465, 15.02562, 6.313512, 9.291491, 23.18401, 48.38267, 44.95981, 42.1239, 45.79001, 40.29368, 12.51555, 7.415953, 11.98418, 7
12.10242, 63.2691, 52.19015, 47.12457, 54.87767, 42.88798, 15.1319, 6.631316, 9.969064, 22.76344, 47.81503, 45.61905, 43.20994, 47.3913, 42.42223, 11.69956, 7.199308, 12.14802, 7
14.18117, 65.91423, 53.96992, 49.38778, 55.05271, 43.3226, 16.0786, 6.032507, 9.146194, 20.24004, 47.5036, 44.87981, 42.32114, 45.87857, 42.86954, 11.76444, 7.387854, 12.22061, 7
14.2422, 63.1617, 51.81688, 46.48533, 52.59669, 41.59675, 15.48384, 6.832509, 9.892508, 11.12274, 46.17954, 42.3744, 39.21809, 43.48621, 43.55837, 11.53273, 8.103774, 12.64107, 7
13.59221, 63.01135, 50.84893, 45.96172, 52.84461, 41.49939, 16.00888, 6.493469, 9.866931, 10.16249, 43.17311, 37.8447, 33.31876, 37.01192, 44.71323, 12.33612, 9.312218, 14.47462, 7
14.25712, 63.10775, 54.10238, 47.90659, 51.9498, 42.9492, 13.16308, 6.973783, 9.055512, 15.09301, 52.1748, 48.4001, 45.26089, 49.45243, 44.43332, 11.90099, 7.867937, 12.4002, 7
15.5321, 64.56236, 54.60683, 48.73686, 52.81111, 43.11586, 14.41153, 6.981682, 9.3262, 16.60584, 48.83583, 44.90947, 40.73855, 45.34892, 44.34673, 11.30597, 8.132721, 12.42599, 7
14.06754, 65.28075, 54.79436, 49.39341, 55.12222, 42.64603, 14.7574, 6.75607, 9.41557, 11.64031, 46.02618, 41.37431, 37.06385, 40.16378, 44.72926, 12.35302, 9.030025, 13.51348, 7
13.88518, 65.21387, 51.72775, 46.85233, 53.8284, 42.02668, 17.73993, 6.797427, 10.57481, 21.19629, 48.18228, 44.02594, 40.89862, 44.45894, 43.19003, 12.37636, 7.315231, 11.73643, 7
15.25539, 64.16791, 53.14768, 47.60085, 54.07529, 41.98441, 15.77263, 6.819838, 10.05453, 15.90607, 45.17159, 39.58389, 35.67943, 38.60184, 42.91591, 12.28355, 7.883539, 12.70461, 7
12.52758, 62.22328, 50.55122, 45.57015, 53.4775, 42.09189, 15.9421, 6.483496, 9.96113, 13.10808, 47.0123, 38.90348, 34.57432, 38.71996, 43.23238, 14.16257, 8.836179, 14.25579, 7
15.36201, 61.77097, 53.32592, 47.1887, 51.01966, 42.27852, 13.212, 7.196746, 9.455027, 18.31283, 48.78255, 41.15617, 37.14321, 41.35036, 41.17481, 14.12761, 8.3995, 13.41561, 7
13.93574, 65.52177, 56.32263, 50.53836, 55.04497, 44.13308, 13.53084, 6.690583, 8.702991, 12.47157, 48.70981, 42.73373, 39.79482, 44.46542, 43.76095, 13.26504, 8.393746, 14.01445, 7
11.87866, 64.10498, 54.58159, 49.76833, 53.39145, 43.69409, 13.43974, 6.502342, 9.440858, 12.58066, 48.61517, 45.25375, 41.96642, 46.53237, 43.72599, 11.60361, 7.902588, 12.88414, 7
13.54214, 65.21729, 55.27039, 50.49366, 53.57793, 43.10584, 14.08505, 6.458861, 9.671541, 15.6822, 48.99233, 43.63147, 38.15915, 41.16759, 43.48558, 13.03484, 9.049521, 13.16648, 7
15.16273, 65.73666, 53.87027, 48.89058, 53.43224, 41.78805, 15.46549, 6.705954, 9.843546, 16.1286, 50.05546, 44.46558, 39.66455, 43.11142, 43.9784, 12.89714, 8.595006, 13.01645, 7
16.8433, 62.64244, 55.05386, 48.6575, 52.01829, 42.17369, 12.25815, 7.466713, 9.382027, 15.20059, 53.08915, 46.9333, 41.65905, 45.26712, 44.35446, 13.06246, 8.687403, 13.01332, 7
14.29956, 65.11075, 57.54128, 51.90701, 56.17329, 43.67817, 11.99035, 6.542388, 8.422264, 18.84974, 52.71879, 45.5854, 40.73743, 44.97694, 43.74692, 13.55898, 8.916872, 13.25778, 7
16.34727, 61.70783, 50.90813, 43.84906, 50.77839, 40.92619, 15.15395, 6.939383, 9.24584, 21.24928, 54.61525, 47.52882, 43.71814, 48.35456, 44.15414, 13.79199, 7.802906, 12.88468, 7
15.59264, 61.885, 53.76855, 48.00996, 50.97855, 40.88171, 12.49773, 5.629148, 7.881498, 18.10767, 51.526, 48.19471, 45.99712, 50.00574, 45.0423, 10.99605, 7.721944, 13.64166, 7
11.25641, 53.49175, 45.95106, 39.20443, 43.1633, 41.99717, 11.80859, 7.141442, 9.253298, 24.01058, 53.28212, 51.00892, 48.89806, 54.46886, 43.57666, 12.11987, 7.085874, 12.46559, 7
9.714118, 42.80077, 38.16856, 33.82679, 38.78687, 41.34398, 8.815523, 6.115325, 9.525037, 39.20467, 52.4062, 48.31852, 44.74755, 49.50523, 42.08744, 13.72101, 8.015965, 12.22545, 7
12.16983, 40.36388, 36.12645, 31.79694, 36.56447, 40.63684, 8.465151, 6.282037, 10.00766, 41.89756, 58.04618, 46.65455, 41.78008, 43.0471, 43.86753, 19.08625, 8.991102, 14.15675, 7
10.11824, 36.95245, 31.83771, 27.41774, 31.13559, 41.42636, 9.835533, 6.696179, 10.52865, 41.71046, 54.47169, 52.07571, 49.00518, 51.37935, 46.95762, 14.28823, 8.798973, 13.57118, 7
6.500562, 32.63256, 26.12349, 19.24612, 21.39019, 43.68829, 11.67614, 8.903157, 12.67804, 40.81107, 56.37776, 53.17707, 49.19659, 50.61337, 48.18599, 14.47857, 9.011969, 14.32134, 7
6.994258, 36.33733, 28.18382, 20.43837, 22.15864, 44.55997, 12.62345, 9.488148, 12.65714, 40.00109, 60.28724, 48.56647, 41.84835, 41.34187, 48.91256, 18.24001, 10.15183, 15.51087, 7
7.904178, 37.50803, 26.67976, 17.72601, 19.3832, 45.77703, 13.96229, 10.55447, 12.99262, 35.19807, 55.01825, 53.83754, 45.24506, 48.61204, 48.43505, 13.9457, 9.214436, 12.7151, 7
5.747877, 38.46946, 25.15029, 16.35562, 20.01, 48.35934, 14.88884, 10.86272, 13.47811, 30.72237, 61.42254, 47.91273, 38.66813, 40.69952, 45.58184, 17.35098, 11.08468, 15.06176, 7
5.758711, 37.48004, 26.47362, 19.18625, 23.43534, 48.03568, 12.76855, 9.407634, 12.77882, 29.5361, 56.28644, 52.82941, 45.786, 49.897, 44.646, 13.69874, 9.859316, 13.78679, 7
5.080643, 30.70703, 22.87016, 15.93755, 19.29837, 47.06173, 11.42384, 9.28709, 13.14556, 31.71965, 53.83554, 52.26226, 47.48995, 51.63735, 44.75921, 13.12036, 8.770306, 12.908, 7
6.43593, 31.39162, 24.98815, 16.80937, 18.57547, 44.88622, 11.43695, 9.709542, 13.08221, 26.98712, 54.75887, 48.8143, 42.8806, 48.21198, 45.19604, 13.45619, 9.181319, 13.54889, 7
5.696362, 33.0431, 26.43834, 18.43151, 20.43379, 45.53728, 11.38882, 9.779315, 13.22866, 28.43072, 50.67787, 48.37986, 38.6983, 42.63332, 45.52868, 14.10858, 10.56777, 13.7528, 7
5.190407, 34.20858, 26.85519, 18.21184, 19.97152, 45.49104, 12.46174, 10.13133, 13.22162, 31.43056, 51.85881, 49.40889, 40.98124, 43.6717, 45.90321, 13.90758, 10.4287, 13.51788, 7
2.687006, 32.38248, 25.74579, 17.50654, 20.1512, 47.07971, 12.05228, 10.3743, 13.85742, 26.13433, 51.50894, 50.35186, 42.11011, 44.56055, 47.01674, 13.26946, 10.924, 14.06674, 7
2.67993, 30.62262, 22.88248, 12.85297, 15.77719, 48.81659, 12.91182, 12.2905, 15.34112, 25.97682, 50.65845, 52.14425, 43.04614, 44.34208, 48.46461, 13.02057, 12.1624, 14.7457, 7
3.848427, 31.28591, 22.68459, 11.728, 14.82528, 49.78188, 13.29258, 12.99683, 15.54421, 27.8656, 51.52501, 54.83164, 48.68179, 48.58606, 49.83675, 12.11666, 10.68377, 14.24851, 7
3.716942, 30.25092, 20.29561, 7.34366, 11.77564, 51.03193, 14.52216, 14.3831, 16.33909, 30.71119, 58.08102, 54.70323, 48.77902, 48.83128, 50.10392, 12.46707, 10.90943, 14.74732, 7
3.568151, 27.37024, 18.11572, 5.322002, 10.52874, 51.2429, 13.91195, 14.44583, 16.58647, 23.20848, 55.76719, 48.6386, 35.90202, 36.67294, 50.83205, 14.63068, 14.55314, 16.63136, 7
3.623204, 26.76103, 17.66922, 5.010006, 10.57466, 50.6637, 14.01793, 14.33045, 16.78395, 29.21192, 44.50642, 48.67614, 42.55992, 42.38253, 48.99693, 12.64737, 11.27253, 15.01875, 7
3.086418, 20.99648, 11.08171, 2.139271, 8.959844, 50.18365, 14.02254, 13.72576, 16.57423, 29.04695, 48.51913, 50.41765, 43.28565, 43.78316, 48.95896, 11.9911, 11.07364, 14.8765, 7
2.359745, 19.4534, 11.88543, 1.900016, 9.096819, 50.10611, 13.27574, 14.21425, 16.97404, 27.71923, 45.76929, 49.24196, 43.12886, 43.14642, 48.7271, 12.18647, 11.23514, 15.00767, 7
3.401451, 16.35357, 9.985326, 2.56956, 9.460783, 50.87417, 12.83762, 13.98467, 17.08164, 27.83643, 44.80169, 48.24542, 42.55214, 42.44837, 48.37108, 12.10263, 11.12286, 15.03796, 7
3.784704, 17.79397, 10.53263, 2.293881, 10.01683, 51.4279, 13.26005, 14.30487, 17.50613, 26.45719, 43.86268, 45.93959, 39.44163, 39.44038, 47.70411, 12.10862, 11.45442, 15.39893, 7
4.369822, 15.87604, 9.622387, 2.586945, 10.11943, 51.99767, 12.83961, 14.12516, 17.62484, 24.68813, 44.23674, 46.01942, 39.32176, 39.46495, 48.45943, 12.05566, 11.56964, 15.34541, 7
4.925691, 15.81013, 9.316711, 3.327608, 10.79529, 52.60483, 13.06838, 14.45663, 17.87794, 23.08919, 43.65104, 45.68522, 38.92691, 38.99706, 49.12769, 12.08814, 11.49213, 15.19099, 7
5.539446, 15.36013, 10.08619, 2.048322, 10.54003, 52.64795, 12.3967, 14.0365, 17.87296, 21.0008, 43.91512, 45.82385, 38.7187, 39.1866, 49.50059, 12.06498, 11.54751, 15.26533, 7
5.446257, 15.33594, 10.33755, 2.267277, 10.94881, 52.55268, 12.40971, 14.14609, 18.04125, 19.38897, 43.94796, 46.10668, 38.83138, 39.28394, 50.08666, 11.93173, 11.5785, 15.3236, 7
4.635655, 15.8326, 10.2492, 2.458776, 10.69881, 52.70947, 12.5634, 14.16681, 17.8784, 21.31102, 44.4668, 43.08053, 34.27592, 35.34246, 48.42333, 12.34595, 12.05007, 15.72273, 7
4.784054, 17.7655, 10.93967, 3.036864, 11.28144, 52.68121, 13.13003, 14.99194, 18.05924, 23.16412, 51.97958, 45.51524, 34.83442, 36.53349, 48.3768, 14.0128, 13.56898, 16.51365, 7
4.869087, 19.74965, 13.96489, 2.276495, 10.13005, 52.35234, 12.72777, 14.13013, 17.60002, 14.22776, 46.46508, 43.52078, 33.97256, 35.35954, 49.95902, 12.40777, 12.09597, 15.40018, 7
4.70003, 19.52636, 13.4417, 2.248205, 10.28924, 52.191, 12.87818, 14.05516, 17.53808, 14.49146, 40.03725, 42.28605, 32.78784, 34.24518, 51.25517, 11.8533, 12.33918, 16.27268, 7
4.791378, 19.32275, 13.25468, 2.349687, 10.90824, 52.50473, 13.00678, 14.42603, 17.75455, 25.09566, 41.42845, 37.47388, 30.34369, 33.53504, 46.99377, 14.02161, 11.48832, 15.73043, 7
4.747017, 19.65409, 13.14579, 2.425596, 11.26101, 52.46881, 13.18904, 14.65271, 17.95347, 20.51234, 43.04481, 36.78584, 26.69579, 30.2222, 46.41846, 13.87277, 12.81419, 16.07642, 7
4.97449, 20.54056, 13.24607, 2.72146, 11.55954, 52.41212, 13.64447, 14.63545, 17.879, 18.53089, 32.44202, 33.45494, 23.41046, 26.3084, 47.48245, 11.44503, 12.37793, 16.12476, 7
5.2773, 19.66932, 12.9436, 2.473934, 10.90096, 51.88486, 13.28142, 14.9567, 17.76193, 15.23512, 34.30732, 33.51915, 23.48634, 26.40709, 47.85203, 12.59133, 12.37953, 16.60841, 7
4.428813, 18.48324, 11.77103, 2.813134, 10.78795, 51.35821, 13.09926, 14.76136, 17.63983, 18.39643, 37.90706, 33.16411, 22.1965, 25.71997, 46.19959, 13.69506, 13.05617, 16.71607, 7
4.279838, 18.90631, 12.14327, 2.777349, 10.65898, 51.5365, 13.1609, 14.62325, 17.47854, 17.26932, 36.88902, 33.5164, 22.67984, 25.869, 46.46807, 13.0236, 12.87043, 16.53553, 7
2.041814, 28.16108, 19.02376, 5.173241, 11.49876, 51.9612, 14.17835, 15.24974, 17.56079, 15.92223, 36.80052, 34.54263, 23.07266, 25.80353, 46.5648, 12.62426, 13.04347, 16.58894, 7
3.537288, 24.6001, 16.41227, 3.295565, 10.71963, 51.44471, 13.62874, 14.9508, 17.57478, 20.72431, 42.69371, 35.36712, 24.12114, 27.1308, 45.04469, 14.72854, 13.34899, 16.67645, 7
2.836073, 26.1074, 16.11144, 2.750934, 10.7449, 51.4228, 14.58514, 15.46821, 17.70397, 15.21709, 33.3984, 34.38731, 23.58334, 25.96886, 47.00296, 12.28522, 12.4645, 16.15528, 7
2.67825, 28.30453, 18.3521, 4.262275, 11.12643, 51.7983, 14.35555, 15.43657, 17.53762, 16.09653, 34.34185, 34.59762, 23.69908, 26.01762, 47.13714, 12.45606, 12.53589, 16.2479, 7
3.946155, 27.62868, 19.78734, 5.638159, 11.03564, 52.39873, 12.45657, 15.16438, 17.18855, 26.43439, 42.58381, 36.41924, 24.69975, 27.29847, 42.21786, 14.35333, 13.26217, 16.53686, 7
3.857321, 27.92998, 19.62529, 5.893785, 10.94983, 51.99038, 12.86077, 14.90052, 17.00844, 22.40947, 39.0985, 35.05414, 23.17761, 25.97351, 42.48825, 13.66103, 13.32542, 16.82641, 7
2.853413, 25.58665, 16.56047, 3.684242, 10.80704, 51.42963, 13.92206, 14.74221, 17.32459, 20.76916, 41.24361, 36.70883, 25.13432, 27.67539, 47.08233, 13.98906, 13.16272, 16.87165, 7
3.247753, 27.69954, 17.88662, 4.443031, 10.68004, 51.93987, 13.82906, 14.62707, 17.074, 20.37833, 35.87472, 34.48673, 22.9619, 25.47286, 46.66814, 13.17128, 12.56996, 16.62901, 7
2.998982, 27.79694, 18.85185, 5.310945, 11.03774, 51.39173, 13.9081, 14.80459, 17.15662, 19.0328, 34.46896, 37.62054, 26.33601, 27.78233, 46.9566, 11.92284, 12.26773, 16.13052, 7
4.043461, 26.84207, 16.9361, 3.840022, 11.04434, 52.07428, 14.51397, 14.907, 17.53496, 16.29835, 39.12835, 36.2448, 23.64592, 27.09652, 45.98656, 13.05574, 12.7669, 16.82706, 7
3.277755, 28.07123, 18.79661, 5.395503, 11.40645, 51.70256, 13.97262, 15.0133, 17.43548, 16.47078, 38.12249, 35.44494, 25.48179, 27.63338, 46.28688, 12.80349, 12.19049, 16.07247, 7
2.665649, 29.21287, 19.55132, 6.026362, 11.55919, 51.42931, 14.38134, 14.91722, 17.3819, 18.64193, 38.99797, 36.10049, 27.04594, 29.27019, 45.54951, 13.0239, 11.67865, 15.45071, 7
3.010579, 28.64841, 18.40785, 5.96266, 12.39532, 51.03249, 14.66417, 14.65031, 17.67234, 18.1192, 40.11859, 36.07217, 26.39157, 29.05921, 45.7561, 13.54055, 12.03116, 15.75843, 7
3.549389, 29.2123, 19.44428, 6.748954, 12.1041, 51.50436, 14.15502, 14.50784, 17.20097, 17.7329, 33.80064, 31.61659, 22.46669, 25.05922, 45.19367, 12.43305, 11.93213, 15.98369, 7
3.216011, 28.57336, 19.19155, 5.604969, 12.21806, 51.80772, 14.19315, 15.35174, 17.66568, 22.99049, 40.28705, 33.66593, 24.07904, 27.04309, 43.65604, 14.91706, 12.57942, 16.29599, 7
2.832343, 31.90436, 20.55704, 7.241371, 13.03345, 51.46021, 15.26191, 14.90101, 17.48735, 23.50272, 38.40351, 34.47828, 25.18058, 27.82356, 45.10609, 13.57742, 11.99943, 15.72879, 7
3.925706, 28.4032, 16.47258, 4.244594, 12.53597, 51.3135, 15.60989, 14.90599, 18.02257, 20.35058, 33.28154, 33.89911, 25.70087, 27.80336, 45.81336, 11.66609, 11.27788, 15.45644, 7
3.388014, 27.50417, 13.69089, 2.807562, 12.19359, 51.80064, 16.31209, 14.95878, 17.99311, 26.66981, 44.37572, 36.37445, 26.56316, 29.82005, 44.52453, 15.64566, 12.79012, 16.2253, 7
4.230637, 25.29266, 14.82807, 3.711512, 12.41794, 51.4665, 14.79795, 14.7116, 17.95679, 21.30231, 42.12803, 34.0271, 24.37671, 27.78996, 45.18159, 15.52904, 12.64181, 16.38107, 7
3.883226, 25.74816, 15.19447, 3.561944, 12.15468, 51.53892, 15.01993, 14.86234, 17.94392, 18.57382, 36.57409, 32.41715, 23.52479, 26.87431, 45.43307, 13.65986, 12.03526, 15.89638, 7
3.849648, 27.27258, 15.07554, 3.260387, 12.55223, 51.59968, 15.93144, 15.84793, 18.38109, 12.98825, 31.89357, 31.76628, 22.86192, 25.31293, 47.58161, 11.47859, 11.757, 15.94354, 7
3.114579, 29.58, 15.6243, 3.887107, 14.7751, 54.0528, 16.48948, 15.06313, 18.6251, 14.53137, 32.73907, 31.04469, 22.2147, 24.74999, 46.94495, 12.02547, 11.70526, 15.84333, 7
2.635371, 31.40146, 19.39356, 5.141632, 12.82918, 50.89248, 16.22448, 16.21242, 18.21165, 22.18263, 39.76421, 38.12986, 28.70718, 29.97269, 46.12763, 12.21135, 11.90526, 15.92824, 7
3.703432, 26.58514, 16.68216, 4.6873, 13.26396, 51.62694, 14.85824, 14.60414, 18.37071, 32.36814, 47.17873, 43.40854, 34.41716, 35.70457, 43.93266, 13.41597, 11.61866, 15.63484, 7
4.766291, 23.50837, 16.63507, 5.884198, 13.26665, 52.19574, 12.25396, 13.77364, 18.36487, 23.9982, 36.19542, 33.65722, 22.73066, 28.1232, 48.34174, 13.54939, 11.14011, 16.75065, 7
3.153991, 25.49665, 19.98008, 8.68435, 14.02725, 51.90742, 11.5215, 13.45356, 17.83967, 22.30626, 32.94743, 28.03027, 18.93484, 25.36946, 48.78762, 15.48094, 11.3051, 16.5016, 7
2.996762, 25.89522, 19.66672, 8.686317, 14.32644, 51.60336, 12.1991, 13.20988, 17.63885, 22.89458, 39.88271, 44.9192, 37.15353, 37.83007, 47.54093, 11.21763, 10.66621, 15.39494, 7
3.34954, 25.58264, 17.42522, 6.69196, 13.50777, 52.25304, 13.46955, 13.50141, 18.02182, 31.67983, 51.49503, 48.36912, 40.40755, 41.26955, 52.35626, 13.66073, 11.4221, 14.39894, 7
3.198309, 26.84871, 16.06421, 4.48537, 13.5935, 52.93464, 14.82811, 14.90822, 18.65181, 22.35934, 49.96346, 46.49589, 40.37061, 42.83102, 46.81419, 13.26345, 11.07681, 14.75531, 7
3.699623, 26.8335, 15.61894, 4.071166, 13.2895, 52.04584, 14.7624, 14.75968, 18.61993, 26.16416, 48.0226, 48.2027, 42.69607, 43.61292, 47.68411, 13.0098, 10.37699, 13.27623, 7
6.010532, 24.50485, 14.09531, 2.86512, 12.92164, 53.10348, 14.53252, 14.96172, 19.04694, 23.47829, 51.32363, 43.52502, 36.95588, 38.86205, 44.595, 13.82193, 11.36235, 15.39818, 7
6.310468, 26.06939, 14.7443, 3.379914, 14.18659, 54.40758, 14.97722, 15.77065, 19.42998, 20.85542, 51.013, 45.25948, 38.72909, 40.06575, 45.98692, 12.8996, 11.13208, 15.32729, 7
6.174634, 24.82139, 14.227, 3.299246, 13.28203, 52.54866, 14.12744, 14.57932, 18.91534, 30.56153, 45.74796, 41.12096, 34.21692, 35.37062, 45.08666, 13.22053, 11.07491, 14.69279, 7
4.305434, 25.05086, 16.5376, 5.540259, 13.58097, 51.82851, 13.54943, 14.22734, 18.29881, 22.31228, 47.57018, 45.23167, 38.98375, 40.45167, 46.96749, 12.48418, 10.69699, 14.6942, 7
4.849816, 26.68122, 14.4934, 3.170768, 13.34759, 53.21894, 15.71616, 15.70319, 18.95996, 29.5523, 51.86777, 44.80763, 36.11119, 38.2015, 46.53442, 14.25073, 11.66471, 14.52975, 7
5.349655, 27.98405, 14.43851, 3.558369, 13.4151, 53.03577, 15.7664, 14.73154, 19.11994, 28.63279, 52.90593, 42.12633, 33.11208, 35.75776, 45.87267, 15.91322, 12.05468, 15.30612, 7
4.870052, 27.10805, 14.38541, 3.728199, 13.18865, 52.35061, 15.43718, 14.46534, 18.76757, 29.88141, 50.7752, 43.15749, 35.28171, 37.03112, 46.95213, 14.87187, 11.52684, 14.51204, 7
2.922082, 28.01439, 15.85519, 4.491742, 11.15704, 51.06033, 15.02281, 13.7907, 17.21606, 25.02154, 44.81656, 41.13784, 30.16672, 32.40559, 45.64109, 13.81469, 12.1457, 14.64341, 7
2.039225, 25.34959, 15.04084, 2.624131, 6.576857, 49.44797, 13.32936, 13.23924, 14.80461, 24.70046, 45.65201, 38.86942, 27.22849, 29.74307, 45.49828, 13.75574, 14.27631, 16.4025, 7
0.6570036, 25.702, 14.00199, 1.819944, 7.047511, 49.68148, 14.29584, 13.82144, 15.4741, 23.447, 39.60849, 35.90869, 23.60398, 25.86557, 46.80272, 12.75871, 13.12857, 16.41812, 7
0.3753442, 29.74458, 15.43437, 2.688462, 8.45654, 49.95117, 16.37507, 14.47924, 16.25015, 25.42455, 43.73053, 39.40644, 30.37343, 31.78725, 45.2543, 13.5951, 11.41554, 14.93744, 7
0.4159008, 29.98176, 15.86278, 3.373013, 8.939493, 49.79531, 16.53384, 14.29487, 16.38592, 23.27432, 43.88379, 39.55777, 29.5104, 31.1701, 45.69251, 13.29792, 11.99474, 15.41797, 7
0.2839303, 26.23895, 14.36654, 2.310544, 8.438431, 49.66709, 14.84239, 14.0956, 15.99457, 28.01429, 39.02596, 38.94944, 30.20741, 32.00266, 45.6778, 12.93628, 11.596, 15.31977, 7
0.09278741, 28.74101, 16.29078, 2.757544, 9.223303, 50.55404, 15.41921, 15.27448, 16.69765, 27.95018, 42.63749, 44.8756, 33.27798, 33.931, 48.5439, 12.15537, 12.09753, 15.23759, 7
3.550216, 29.72145, 17.80059, 3.966794, 10.45577, 51.40784, 15.3599, 15.59005, 17.08537, 27.20326, 51.08847, 47.22057, 38.88346, 38.87713, 48.78705, 13.04851, 12.03024, 14.45494, 7
2.650701, 28.84543, 17.16506, 3.942679, 9.973836, 50.07176, 15.3088, 15.12342, 16.90777, 27.42471, 49.37198, 43.91712, 33.05519, 33.76162, 47.99331, 13.17787, 13.33301, 16.16718, 7
0.4471871, 29.57063, 21.78607, 7.756282, 10.84479, 50.02297, 13.48181, 14.68538, 16.39105, 26.67168, 49.75542, 46.37402, 37.65368, 38.87326, 46.88961, 12.57269, 11.4293, 13.96809, 7
1.088944, 28.86437, 20.99347, 6.463504, 10.15846, 49.34645, 13.61464, 15.29084, 16.37579, 25.31076, 48.94414, 45.79318, 37.27261, 38.52562, 46.78495, 12.27793, 11.59131, 14.17829, 7
0.6385778, 29.78051, 21.49856, 6.775231, 10.8693, 49.59641, 13.91279, 15.49737, 16.70076, 25.03508, 47.5447, 43.39287, 32.43417, 33.30511, 47.44575, 12.37846, 12.96991, 15.68689, 7
4.108897, 30.58667, 20.04786, 4.923542, 11.42741, 51.63388, 15.03714, 16.4487, 17.12501, 24.664, 50.01342, 44.65023, 34.6727, 35.36335, 47.04643, 13.50911, 12.7413, 15.07874, 7
4.15473, 31.05757, 21.09596, 6.075412, 11.91491, 51.5339, 14.41167, 16.3067, 17.1543, 30.21196, 49.40784, 46.21899, 39.93666, 39.3853, 46.43623, 11.93887, 10.81867, 14.79155, 7
3.663884, 31.20265, 21.71937, 6.789747, 11.82563, 51.04876, 14.00367, 16.07956, 16.88851, 19.88076, 47.9127, 41.39925, 29.7304, 30.48559, 47.19819, 13.4597, 13.32732, 16.20712, 7
3.929944, 28.94333, 20.9456, 5.942243, 11.40222, 51.21146, 12.90832, 16.17557, 17.04609, 22.3257, 48.90622, 43.93299, 35.77575, 36.37881, 47.49592, 12.40365, 11.4914, 15.07398, 7
3.598096, 28.98701, 21.7327, 6.716299, 11.7061, 50.84632, 12.57857, 16.06291, 17.08553, 28.35766, 45.83067, 47.59767, 42.81368, 42.68533, 46.7212, 10.80116, 10.37608, 14.6073, 7
1.210469, 27.96968, 21.05738, 7.132316, 11.34331, 49.36836, 12.55624, 15.42521, 16.78957, 25.55597, 41.70594, 45.06541, 38.20011, 38.80783, 46.49779, 11.95678, 11.66375, 15.43535, 7
0.4347627, 28.11122, 20.43301, 5.489265, 10.94548, 49.61189, 13.06779, 16.01731, 16.79535, 22.93166, 41.21154, 42.9527, 34.17448, 34.69466, 46.80045, 11.92886, 12.32043, 15.65958, 7
0.2797648, 28.5778, 20.62277, 5.613704, 10.739, 49.51207, 13.17146, 15.95816, 16.76664, 23.23096, 41.761, 44.01202, 36.25203, 36.55446, 46.91115, 11.59979, 11.9711, 15.45485, 7
0.3045456, 28.50831, 20.80856, 5.614227, 10.52944, 49.59081, 12.89028, 16.10299, 16.50952, 25.80672, 45.63975, 46.72964, 41.12974, 41.61209, 46.69711, 11.17826, 10.9628, 14.62864, 7
3.871509, 29.60913, 21.21587, 5.753398, 11.07516, 50.66251, 13.28779, 16.45143, 16.43953, 24.89308, 47.77506, 46.48375, 39.22349, 39.74068, 47.53284, 11.63808, 11.60877, 14.96406, 7
4.845897, 27.76213, 19.74798, 4.89517, 10.86548, 50.83178, 13.09266, 16.22116, 16.87101, 23.35938, 44.61853, 44.81843, 37.56456, 37.67648, 47.82807, 11.71633, 11.20832, 14.73252, 7
3.693479, 28.56989, 20.59464, 6.272292, 10.22447, 50.30649, 12.7896, 15.3982, 16.39539, 26.7945, 45.08671, 44.97355, 39.22546, 39.68992, 47.86512, 12.04551, 10.4979, 14.2581, 7
3.307425, 29.55009, 21.71857, 7.504802, 10.89681, 50.10036, 12.81313, 15.3151, 16.20343, 27.02372, 45.42825, 44.55252, 38.52405, 39.23465, 47.49711, 12.21054, 10.75762, 14.47092, 7
4.471813, 30.05503, 22.24933, 7.698271, 12.01854, 50.55302, 13.32246, 15.69484, 16.71844, 19.77101, 44.19238, 43.28362, 35.86254, 36.46275, 47.5036, 11.60953, 11.36905, 15.14017, 7
4.024041, 29.65952, 21.71825, 7.499858, 11.22119, 50.25831, 13.13457, 15.34169, 16.40319, 18.78727, 47.61523, 46.15184, 38.99747, 39.44408, 49.01395, 11.84363, 11.62849, 15.26209, 7
4.219604, 29.63391, 21.67478, 7.510056, 11.2869, 50.33804, 13.07051, 15.31439, 16.33987, 23.34395, 46.58268, 41.81324, 32.62144, 33.34579, 48.56823, 13.42119, 12.36231, 15.70556, 7
4.117182, 29.67659, 21.9357, 7.754638, 11.58342, 50.02048, 13.0948, 15.39169, 16.42334, 22.0919, 48.11664, 43.86108, 35.57523, 35.89343, 47.56112, 12.54808, 12.02523, 15.43912, 7
3.196717, 29.99603, 22.62011, 8.441455, 11.74846, 49.0436, 13.16381, 15.28819, 16.52061, 25.10964, 44.9493, 39.26348, 28.2865, 28.9901, 45.30621, 13.11694, 12.97301, 16.35886, 7
3.511343, 29.10238, 21.41279, 7.45751, 11.71496, 49.10451, 13.38799, 15.31206, 16.70171, 19.03473, 40.54153, 38.32089, 28.33466, 28.3392, 47.59438, 11.84109, 12.14861, 16.17964, 7
1.000929, 30.13512, 22.86589, 8.886062, 11.40664, 47.25117, 13.45174, 14.91119, 16.35443, 24.34972, 46.49949, 41.29086, 31.36018, 31.54846, 46.64778, 13.1645, 12.4334, 16.04215, 7
0.1083524, 29.34017, 22.41603, 8.363325, 11.54724, 47.75805, 13.25188, 15.13079, 16.73364, 18.89548, 46.73225, 41.64276, 30.89707, 31.18962, 49.59312, 13.00841, 13.12191, 16.3744, 7
0.3779418, 31.09932, 22.79132, 9.054254, 11.89456, 48.17593, 13.89869, 15.24402, 16.26114, 23.17335, 43.72091, 35.33932, 23.40082, 22.45876, 52.44514, 13.73351, 13.61325, 16.77542, 7
0.2121421, 32.67465, 23.95638, 10.27251, 12.47685, 48.74566, 13.96663, 14.98919, 16.14627, 21.3961, 42.68491, 34.87026, 23.48939, 22.54336, 51.78731, 13.47052, 13.25227, 16.71297, 7
2.967221, 31.61198, 23.16791, 7.880576, 11.70851, 49.58008, 13.92216, 16.19878, 16.63852, 20.9619, 41.62931, 33.83956, 22.41352, 21.69448, 51.31461, 13.4175, 13.56189, 16.73758, 7
2.639823, 31.7162, 23.17414, 7.786791, 11.71124, 49.29835, 13.86907, 16.16291, 16.5207, 20.80551, 39.5271, 34.57557, 23.35232, 23.34453, 50.00854, 11.81672, 13.0823, 16.43393, 7
1.328543, 31.05342, 22.90552, 9.125674, 12.7474, 48.02745, 13.7561, 15.0627, 16.36672, 25.66265, 48.52651, 39.40241, 27.36589, 27.86815, 46.93608, 15.06333, 14.00031, 17.02014, 7
3.490147, 30.89074, 23.61876, 8.993855, 12.61553, 49.28377, 13.29063, 15.39865, 16.92461, 25.00934, 42.93088, 37.59809, 28.94668, 29.61658, 43.67366, 13.30325, 12.28599, 16.24456, 7
3.837267, 31.5117, 23.57598, 8.21824, 12.42667, 50.26558, 13.76395, 15.8876, 16.99019, 21.51743, 41.12467, 38.71876, 30.69691, 31.27012, 46.46865, 12.40028, 12.48021, 16.76433, 7
2.999113, 31.9227, 23.34022, 8.383588, 12.16928, 50.24041, 13.98357, 15.51071, 16.85628, 21.9766, 44.54127, 42.57366, 36.79877, 36.81952, 46.08586, 11.81064, 11.50335, 16.01929, 7
0.1802258, 30.30103, 22.70488, 9.094442, 11.6154, 48.35902, 12.84174, 14.55854, 16.46462, 20.65854, 41.10185, 39.2274, 31.06692, 31.41013, 46.27075, 12.05354, 12.2734, 16.50513, 7
0.2832403, 29.86921, 22.45638, 8.151072, 10.96781, 48.4726, 13.02859, 14.95465, 16.59464, 23.51352, 45.07011, 37.59568, 26.34299, 27.86175, 45.5632, 14.03354, 13.97769, 16.53852, 7
3.386569, 31.25835, 20.31677, 5.958549, 10.69785, 50.13092, 15.30291, 15.33495, 16.77455, 26.72701, 43.61905, 38.58771, 27.99378, 28.93117, 45.30708, 13.36999, 13.11527, 15.96365, 7
2.793092, 29.84478, 20.00746, 6.407778, 11.0401, 49.99929, 14.05496, 14.75123, 16.93347, 26.06883, 43.38186, 42.55238, 33.25193, 32.10638, 46.00344, 11.12558, 11.32869, 14.73428, 7
2.287901, 33.8886, 22.57665, 8.270539, 12.15729, 50.47796, 15.51518, 15.02188, 16.80691, 24.21636, 44.74005, 44.14786, 35.16346, 34.61181, 45.86535, 10.83838, 10.80152, 14.1456, 7
3.678392, 33.04948, 20.75709, 6.483829, 11.48491, 51.0933, 16.02422, 15.30871, 17.1194, 25.43424, 43.6778, 45.97304, 36.82817, 35.48238, 46.14479, 11.25479, 11.32406, 14.11456, 7
3.239001, 32.6764, 22.07919, 8.070225, 12.07386, 51.76965, 14.55826, 14.91865, 17.11869, 25.24753, 43.47638, 41.76819, 31.05336, 32.09628, 46.27976, 12.78231, 12.92415, 14.94149, 7
2.999831, 34.39291, 23.06418, 8.372219, 12.68629, 51.6945, 15.65087, 15.68759, 17.47517, 27.99049, 55.96946, 43.64331, 33.50371, 31.84548, 51.51862, 17.66505, 13.06967, 15.83491, 7
1.620879, 32.61479, 24.14308, 9.23146, 12.26734, 51.11265, 13.32784, 15.65752, 16.95659, 22.24438, 39.44806, 35.53984, 25.45454, 24.70008, 51.83797, 14.13123, 13.8389, 15.91491, 7
2.172858, 31.62213, 22.77807, 8.302741, 12.17965, 50.85615, 13.55366, 15.55698, 17.14383, 20.44725, 42.12983, 36.0773, 27.26634, 25.72872, 52.95435, 13.69881, 12.94985, 15.48259, 7
1.967619, 31.04281, 22.11097, 7.669845, 12.15682, 50.251, 13.63925, 15.80445, 17.37513, 26.01659, 53.52999, 41.27092, 32.34771, 29.5719, 52.68908, 15.82085, 11.51536, 15.5959, 7
3.974734, 29.65023, 21.1068, 5.784724, 12.45362, 51.54705, 13.58013, 16.66942, 17.71491, 22.86241, 42.99466, 36.89541, 28.0482, 28.26905, 51.01229, 14.74204, 12.45014, 15.06586, 7
4.05357, 30.95188, 21.59177, 5.102846, 11.68447, 51.63869, 14.12465, 17.0066, 17.60705, 30.79171, 55.8601, 45.63911, 35.59967, 33.49075, 52.43815, 15.9933, 12.29348, 16.11966, 7
3.789409, 29.49081, 20.62074, 4.025696, 11.67369, 51.07034, 13.61422, 17.27016, 17.8177, 26.84822, 48.1072, 43.45981, 35.6533, 35.38261, 50.86324, 13.90185, 11.62259, 15.07183, 7
5.102654, 27.3697, 17.88728, 2.972429, 11.51054, 52.04996, 13.55421, 16.96742, 17.82875, 24.3942, 52.38544, 42.23008, 32.56256, 32.19215, 50.54235, 16.52053, 13.0558, 15.62685, 7
6.331932, 25.95003, 15.4908, 3.218019, 11.6021, 52.40927, 13.60428, 16.98131, 17.82827, 27.38557, 48.35287, 40.35648, 29.15824, 27.95586, 50.41122, 15.91049, 15.00953, 16.3432, 7
6.544576, 24.1771, 14.83638, 3.143297, 11.8742, 51.58849, 13.11393, 16.90229, 18.24846, 24.36936, 50.78801, 38.89475, 29.26948, 28.84884, 51.18379, 17.81684, 13.28819, 16.25045, 7
6.078251, 23.86985, 14.59707, 3.97951, 12.53843, 51.48635, 13.0981, 17.36686, 18.58955, 20.30983, 46.25668, 37.49234, 27.6378, 27.96256, 50.69855, 16.26609, 12.89207, 15.45654, 7
6.222551, 26.41923, 16.25641, 3.327843, 13.14999, 52.67854, 13.8267, 17.55078, 18.75173, 19.93661, 41.76004, 34.90457, 25.44469, 24.89796, 51.80978, 14.24504, 13.03742, 15.44969, 7
5.973532, 25.55258, 15.5967, 4.230405, 13.2435, 52.41945, 13.54451, 17.80463, 18.63809, 23.10118, 40.44269, 35.23132, 26.46988, 25.09965, 52.29052, 13.25079, 12.63125, 15.59737, 7
5.303228, 24.55216, 15.78471, 3.100972, 12.20125, 50.84606, 12.87339, 16.84108, 18.07268, 19.6739, 41.21003, 37.54435, 27.79659, 27.27105, 51.98585, 12.71996, 11.97121, 14.94614, 7
4.824992, 24.73822, 16.63248, 2.664327, 11.36287, 51.06033, 12.80492, 16.53823, 17.78714, 20.62538, 40.33359, 38.30719, 28.87683, 29.40938, 47.80696, 12.10688, 11.60432, 14.34599, 7
6.614823, 24.54976, 16.24696, 2.727352, 11.59722, 51.43464, 12.67207, 16.53639, 17.8553, 21.78731, 40.23807, 38.71073, 29.39124, 30.02421, 46.39831, 11.79062, 11.43187, 14.21933, 7
6.143184, 24.09344, 15.41888, 3.265367, 11.65704, 51.47386, 12.68521, 16.49572, 17.76383, 31.45321, 46.31153, 37.48789, 29.69394, 27.93075, 50.28116, 14.77129, 11.18458, 15.11966, 7
5.970972, 25.33625, 15.89784, 3.069245, 11.35949, 51.39101, 12.9261, 16.72556, 17.56449, 24.16099, 42.55192, 31.99587, 20.86317, 20.23893, 49.53295, 14.44629, 13.32167, 15.6347, 7
5.74276, 25.44137, 15.58693, 2.932113, 11.06633, 51.02024, 13.12854, 16.4066, 17.34025, 22.20778, 41.15346, 32.57553, 21.39077, 20.8309, 49.87931, 13.81739, 12.63629, 15.44865, 7
5.604515, 24.39952, 15.80788, 3.41105, 11.67982, 50.82825, 12.82734, 16.41643, 17.63133, 23.09599, 42.74789, 33.65502, 22.08247, 21.26388, 52.40705, 14.12895, 13.70732, 15.70048, 7
6.59264, 22.14123, 13.25636, 3.354796, 11.20103, 50.47188, 12.63905, 15.91642, 17.55329, 20.91189, 40.44117, 36.28918, 25.7471, 27.42607, 46.74275, 11.97951, 12.04102, 14.59229, 7
6.204598, 23.05441, 14.08088, 3.43889, 11.63391, 50.84568, 12.84249, 16.53148, 17.7531, 26.01381, 41.26574, 35.67407, 26.83237, 26.85275, 50.76468, 13.71672, 11.8346, 14.80553, 7
7.091022, 23.31443, 14.53491, 3.678498, 11.91145, 52.08703, 12.6681, 16.67663, 17.80354, 24.95902, 44.59466, 43.77119, 35.6372, 36.376, 46.13005, 11.95983, 11.29163, 14.236, 7
6.359062, 24.39974, 15.55872, 3.331606, 11.74004, 51.94767, 12.90971, 16.44562, 17.66376, 23.81603, 43.82744, 35.11786, 23.47888, 22.51442, 53.82777, 13.82754, 13.62368, 15.83663, 7
5.605039, 25.48613, 16.56744, 3.700787, 11.93244, 51.00952, 13.22657, 16.22555, 17.4192, 17.66031, 40.01361, 32.07909, 20.31468, 19.951, 53.44323, 13.23421, 13.17834, 15.05289, 7
6.63844, 24.06793, 14.69926, 3.313576, 10.98069, 51.68448, 12.45741, 15.67904, 16.78909, 24.25475, 55.0471, 46.2014, 40.09788, 40.12794, 51.50533, 12.97214, 10.84292, 15.00946, 7
7.395153, 22.0416, 13.27244, 3.050692, 11.09148, 51.13089, 12.23324, 16.17298, 17.24927, 21.91099, 53.76189, 41.43948, 31.05719, 30.04664, 52.27731, 15.00983, 13.08103, 15.84288, 7
5.620054, 24.42306, 16.18919, 2.319506, 11.05624, 51.49892, 12.27885, 16.19101, 17.56025, 32.77692, 49.82505, 39.22809, 28.76625, 28.0372, 50.76163, 16.05561, 14.18989, 16.54813, 7
5.448955, 24.77511, 16.69479, 2.696604, 10.90779, 51.20662, 12.14814, 15.88654, 17.47452, 27.73302, 49.98276, 39.88233, 28.59002, 27.34699, 52.00836, 14.59565, 14.62028, 16.61045, 7
5.019383, 24.87578, 16.45776, 2.594199, 11.04887, 50.8759, 12.56453, 16.14691, 17.47033, 21.67118, 49.96592, 40.38607, 27.49065, 26.04918, 54.7362, 13.87672, 14.7078, 16.6436, 7
4.772452, 25.05454, 16.90578, 2.347187, 10.53345, 50.8555, 12.49055, 16.24325, 17.32724, 24.50794, 53.25896, 41.3825, 29.40724, 28.9427, 54.03552, 14.68016, 14.74694, 16.31509, 7
4.651432, 25.40707, 17.41727, 3.040987, 10.50446, 50.84534, 12.35223, 15.83342, 17.23081, 27.04583, 49.94683, 38.61279, 27.27081, 26.9021, 51.02863, 15.03116, 14.03761, 16.53444, 7
4.526839, 26.4482, 18.09869, 3.240874, 10.48824, 51.15024, 12.61563, 16.05804, 17.32229, 28.20296, 52.50082, 37.41, 26.38919, 23.92321, 50.55981, 15.94049, 13.10393, 16.83701, 7
4.92899, 24.77368, 16.83399, 2.71, 11.05186, 50.96461, 12.39546, 16.22425, 17.49635, 31.3795, 49.00998, 42.87074, 32.18162, 31.20268, 51.23214, 13.46953, 13.62468, 16.2392, 7
6.41912, 25.55991, 17.22994, 3.14983, 11.49439, 52.44916, 12.54492, 16.50929, 17.38415, 18.49179, 55.00485, 32.45173, 18.7616, 16.63915, 52.1912, 18.13074, 14.87629, 17.66719, 7
5.341114, 26.25742, 17.27879, 3.329078, 11.5822, 51.49611, 13.40779, 16.34099, 17.354, 19.2737, 55.07592, 34.33186, 20.2152, 17.87413, 51.1947, 18.1783, 15.03078, 17.81612, 7
5.560562, 24.77752, 16.67001, 2.794423, 10.81984, 50.97888, 12.91002, 15.97888, 17.26112, 10.08403, 41.29672, 31.05326, 17.28665, 15.91687, 53.96135, 13.7053, 13.55284, 15.75175, 7
5.662093, 26.77315, 18.1745, 3.268004, 10.59899, 51.47077, 12.9082, 16.22258, 17.43279, 18.71242, 44.17268, 37.84122, 25.24783, 22.13703, 51.62407, 13.73605, 13.54892, 16.20406, 7
4.68429, 25.8771, 17.96309, 3.489698, 10.42258, 50.3049, 12.74752, 15.7765, 17.16366, 14.6288, 38.63287, 33.9222, 19.73946, 16.97149, 51.92068, 14.47319, 14.42453, 16.09366, 7
4.510931, 26.55466, 18.20818, 3.200328, 10.38949, 50.65088, 13.07705, 16.10354, 17.25059, 8.317698, 34.20916, 26.36415, 12.34125, 12.96606, 54.80061, 13.87638, 15.05185, 16.96998, 7
4.734704, 26.41635, 18.21968, 3.709718, 10.6745, 50.59161, 13.05705, 15.80291, 17.18689, 6.172824, 37.78308, 22.97242, 7.658167, 11.50946, 56.98926, 15.87879, 16.11517, 17.47095, 7
7.05594, 23.77761, 15.01373, 2.780378, 11.11216, 51.98727, 12.66967, 16.50137, 17.49906, 6.592254, 27.73041, 21.4978, 8.68998, 11.52549, 54.79365, 13.73729, 17.49625, 16.56217, 7
6.594871, 24.80643, 16.32797, 2.624728, 10.99428, 52.32421, 12.65125, 16.6419, 17.54463, 5.318835, 27.35134, 21.97813, 7.381529, 11.6714, 56.2671, 13.34938, 17.95534, 16.44036, 7
5.67119, 24.75564, 16.56757, 2.942377, 11.0465, 51.64543, 12.69606, 16.26015, 17.35883, 7.230227, 33.70828, 15.77949, 5.004607, 19.81521, 59.14511, 17.66333, 18.26577, 16.79274, 7
5.038162, 25.02579, 16.79095, 3.205096, 10.90302, 50.80458, 12.82958, 15.79852, 17.20389, 14.36581, 48.67044, 33.47078, 13.16135, 12.84274, 54.43148, 16.50574, 19.46974, 17.59262, 7
5.318245, 25.99784, 18.00194, 3.488239, 10.95574, 51.28515, 12.84231, 15.95883, 17.18104, 11.17285, 49.33531, 29.24007, 8.823074, 10.56082, 54.94549, 18.59, 19.56252, 16.90678, 7
5.933428, 25.52262, 17.26374, 3.883428, 11.69135, 50.7531, 12.83922, 15.80001, 17.12199, 4.357209, 35.58257, 18.69963, 5.222434, 13.48053, 56.98245, 15.18178, 18.33335, 16.04991, 7
7.433553, 23.29143, 13.70616, 2.866145, 10.88204, 51.85469, 12.41684, 16.03677, 17.19274, 10.28034, 38.57469, 22.89323, 8.255355, 9.620487, 54.82928, 15.2696, 16.93604, 17.2142, 7
6.159375, 26.12122, 18.00412, 3.817416, 11.15152, 50.94652, 13.00762, 15.79155, 17.27072, 20.01082, 51.60373, 38.46923, 22.93321, 18.4616, 53.34844, 16.73336, 15.21108, 17.30389, 7
6.521674, 27.17277, 17.93168, 3.47057, 11.22168, 51.70392, 13.49304, 16.94502, 17.3515, 14.26962, 51.45054, 33.25557, 14.57119, 11.9117, 55.47819, 17.84089, 18.16673, 17.89809, 7
6.733302, 26.84425, 15.99876, 4.216029, 12.46386, 51.90091, 13.90478, 16.78021, 17.51857, 13.56777, 54.29933, 39.00341, 21.74163, 19.08177, 53.45056, 17.519, 15.81456, 16.89423, 7
6.453607, 26.47779, 16.84887, 3.782375, 11.48763, 51.02587, 13.1732, 16.41554, 16.93716, 11.43263, 47.22813, 27.16766, 7.760937, 12.39209, 55.57712, 18.1034, 19.64312, 16.57431, 7
6.405299, 25.41771, 15.97818, 3.617038, 11.23549, 50.92813, 12.94676, 16.04572, 16.8539, 8.094999, 43.7702, 24.34713, 6.823921, 12.05195, 55.90694, 17.14928, 19.03634, 16.63939, 7
6.881736, 25.41957, 16.40644, 3.99601, 11.21666, 51.45576, 12.83295, 15.44057, 16.59843, 9.262086, 39.16148, 22.3572, 8.81354, 9.565278, 55.45712, 16.22621, 16.81289, 17.03181, 7
7.301674, 25.20192, 15.91271, 3.852343, 11.25724, 51.46227, 12.76512, 15.45005, 16.62764, 14.68808, 49.21485, 30.6582, 13.24489, 12.51176, 53.54396, 18.47987, 17.15649, 17.2641, 7
7.263067, 24.97067, 15.69151, 3.916817, 11.59461, 51.60441, 12.88269, 15.84313, 16.67896, 15.57584, 46.00842, 29.15318, 9.089342, 11.15244, 56.98469, 16.39743, 19.18486, 16.70706, 7
6.181995, 23.14689, 15.18827, 3.417874, 10.89883, 50.60934, 11.86563, 15.1609, 16.44334, 12.0027, 43.84388, 28.89023, 6.174793, 12.64039, 56.79451, 16.24951, 19.70881, 16.00532, 7
6.63513, 23.39203, 14.2731, 3.079052, 11.18956, 51.40106, 12.5289, 16.32831, 16.85556, 16.50108, 42.82835, 33.18002, 14.77839, 10.60241, 56.64056, 12.55657, 17.86531, 18.55951, 7
6.235676, 23.47085, 15.88819, 2.72527, 10.83411, 50.92645, 11.96703, 15.80196, 16.92911, 13.69826, 43.93832, 45.17199, 16.52883, 22.38726, 59.25217, 12.08242, 22.6612, 15.37419, 7
5.040805, 22.78773, 15.45679, 2.627858, 10.92582, 50.94749, 11.88123, 15.96298, 17.22313, 6.670856, 34.44927, 37.34808, 14.14005, 17.64833, 55.61813, 11.65739, 17.29061, 16.78823, 7
4.369822, 23.54805, 15.59123, 2.353848, 10.80132, 50.83126, 12.19805, 16.50043, 17.28216, 16.46762, 34.42551, 32.77987, 17.15836, 14.65899, 54.69865, 13.38893, 16.39135, 17.75517, 7
4.541398, 26.51696, 17.30888, 2.317733, 10.48186, 51.44787, 12.78756, 16.72023, 17.21737, 7.019789, 36.5187, 36.2057, 14.81178, 18.84279, 56.96157, 14.70645, 17.29816, 17.44065, 7
5.504311, 24.85305, 16.63439, 2.354347, 11.0154, 51.11686, 12.59753, 16.39663, 17.68994, 26.60682, 51.54189, 36.08632, 22.21147, 21.11365, 51.38004, 20.05137, 14.05669, 16.81391, 7
5.93257, 23.95922, 16.04587, 2.841658, 12.31139, 52.35398, 12.46663, 16.55818, 18.02769, 15.05039, 65.23041, 35.77054, 23.14559, 23.25252, 47.673, 22.98327, 12.73163, 16.31706, 7
4.302567, 24.79628, 16.41743, 2.7827, 11.85162, 51.75652, 12.68131, 16.34317, 17.94151, 12.49231, 62.39266, 31.77838, 18.9371, 20.35102, 48.73708, 22.9134, 12.97477, 16.19665, 7
4.273839, 25.3716, 17.23599, 3.200634, 11.7845, 51.69559, 12.47304, 16.32447, 17.70308, 34.91948, 60.79128, 38.50972, 25.36907, 21.88744, 49.5837, 21.57223, 14.96546, 16.54918, 7
5.294353, 24.13358, 16.35025, 2.757686, 11.98277, 52.31185, 12.23604, 16.63233, 17.86145, 16.36188, 49.85141, 35.80124, 22.62679, 22.74953, 50.87934, 19.44974, 14.56116, 16.7657, 7
5.780012, 23.85208, 15.61111, 2.061085, 11.3344, 51.5229, 12.20641, 16.85643, 17.80436, 10.19972, 38.69857, 33.2054, 19.56081, 21.73342, 52.36927, 15.8973, 14.38609, 16.67775, 7
6.669474, 23.05433, 15.48783, 2.376358, 12.0448, 52.23882, 12.33328, 16.81516, 18.12387, 11.07727, 36.39487, 34.01573, 17.86916, 18.05061, 52.66201, 14.83393, 15.99789, 17.58012, 7
4.243486, 27.28183, 17.02267, 3.143733, 11.9198, 50.93832, 13.62207, 16.34616, 17.84927, 23.73659, 53.48785, 40.42037, 24.14739, 22.14578, 51.92216, 18.78957, 16.81487, 17.01721, 7
2.811602, 30.95648, 20.81657, 7.049793, 10.7213, 50.61976, 14.01558, 15.14315, 16.40996, 32.31939, 53.23969, 38.14088, 23.31048, 18.84193, 50.17427, 17.79001, 16.25768, 17.14376, 7
1.946016, 30.93481, 21.65012, 8.461624, 11.02177, 50.03372, 13.61629, 14.54656, 15.7362, 32.75864, 55.9007, 41.0977, 24.53455, 20.14532, 50.90186, 17.58707, 17.11698, 17.51433, 7
2.104684, 30.19391, 20.34484, 7.152641, 10.8824, 49.73271, 13.9902, 14.78068, 16.34287, 7.600471, 38.59237, 29.46157, 14.07458, 16.55128, 54.39655, 17.07596, 14.87903, 17.08963, 7
4.88796, 30.67595, 21.87607, 8.603707, 12.45039, 51.73591, 13.34565, 14.88572, 16.96943, 29.96606, 57.78013, 36.08406, 20.3894, 17.08256, 50.98963, 18.78659, 16.20484, 16.16107, 7
4.56274, 30.59802, 20.93237, 6.423396, 12.74391, 51.63614, 14.31027, 15.69694, 17.94915, 26.45705, 71.83372, 51.15096, 37.85921, 34.16298, 54.48036, 18.82777, 15.85819, 16.57112, 7
6.496337, 26.62384, 16.81935, 3.222518, 11.96262, 52.53395, 13.57332, 15.86364, 18.29426, 9.848899, 58.74332, 33.85085, 17.81699, 15.86254, 55.23913, 20.22817, 15.44664, 17.77748, 7
4.619485, 28.89308, 19.54093, 5.561232, 11.67386, 50.23347, 13.88703, 15.5085, 17.47503, 31.32147, 34.64204, 37.35429, 26.34523, 25.17568, 44.60584, 11.11909, 13.29843, 14.76299, 7
6.971757, 25.41637, 16.098, 3.226707, 11.49648, 51.05869, 13.37117, 15.50943, 18.07766, 15.4711, 37.35562, 39.32228, 26.14786, 24.88613, 48.53015, 12.07977, 14.1245, 16.12182, 7
5.572075, 24.81921, 15.84076, 1.900222, 10.9949, 50.41811, 13.23736, 15.99708, 18.27436, 36.12216, 31.23697, 27.62208, 19.61549, 20.77955, 42.43179, 12.76085, 12.18683, 14.42534, 7
5.095199, 24.77922, 15.52173, 1.679347, 9.584516, 50.76599, 12.9054, 15.60849, 17.64057, 25.42445, 35.69732, 34.48849, 22.46107, 20.81939, 46.27776, 12.37505, 14.36911, 16.01395, 7
7.967058, 24.15447, 14.79369, 2.248292, 11.96299, 52.25241, 13.69417, 16.49905, 18.7479, 28.30295, 30.11674, 31.03781, 20.03773, 20.25862, 45.58435, 11.41537, 13.73768, 15.217, 7
8.372149, 22.82128, 13.35491, 2.614342, 12.12471, 52.57705, 13.38371, 16.59603, 18.97112, 16.4, 39.66751, 32.29631, 19.82658, 22.72195, 48.33294, 13.40136, 12.90528, 15.89803, 7
6.572621, 21.90793, 12.8428, 3.226586, 11.4681, 51.91625, 12.98937, 16.80776, 18.38855, 21.44354, 35.99063, 28.83961, 16.01895, 18.40234, 47.42525, 13.69337, 12.77184, 15.31759, 7
7.073405, 20.11894, 11.54456, 4.402776, 12.47239, 51.62711, 13.04527, 16.63612, 18.58641, 18.10898, 34.00218, 24.73781, 13.02659, 16.29777, 47.88626, 14.07273, 12.65507, 15.29737, 7
7.710346, 20.32644, 12.24551, 3.63685, 12.14661, 51.87657, 12.66796, 16.44882, 18.6814, 16.88069, 35.50922, 25.03316, 13.53281, 16.70621, 47.5294, 14.89341, 12.64562, 15.30166, 7
7.41005, 22.1369, 14.5358, 2.4412, 11.10131, 51.23236, 12.3082, 15.28941, 18.25461, 17.42094, 35.0049, 27.83167, 15.14983, 17.70621, 46.95567, 13.19151, 12.48557, 15.14784, 7
7.23001, 22.57876, 13.35198, 2.660798, 11.23216, 51.37594, 13.54483, 16.30816, 18.28866, 20.16408, 26.16595, 19.67167, 7.471705, 10.46255, 46.24584, 12.52264, 13.47586, 15.36003, 7
8.269685, 20.86743, 11.55355, 3.590796, 11.73084, 50.9598, 13.22097, 16.07132, 18.34236, 9.575487, 26.68975, 17.48326, 6.005247, 9.421038, 54.2436, 13.6157, 13.02057, 15.81591, 7
6.52486, 21.87584, 12.9078, 2.26952, 10.42874, 50.61322, 12.65612, 15.23434, 17.75877, 8.980717, 24.92358, 17.39115, 5.085577, 8.44706, 53.21682, 12.73705, 13.35038, 15.51224, 7
6.586004, 20.70678, 12.04838, 2.385072, 10.4598, 50.00446, 12.43197, 15.12563, 17.7858, 8.880798, 23.97615, 15.59218, 3.465376, 7.778923, 54.67682, 13.12219, 13.22133, 15.58766, 7
6.532099, 20.00859, 11.56984, 3.067331, 10.87319, 49.73784, 12.39028, 15.43507, 17.88564, 8.601858, 23.30482, 15.73136, 3.935371, 8.206477, 54.80308, 12.50457, 13.12855, 15.52534, 7
7.845378, 19.95833, 11.57485, 3.426055, 11.68768, 50.14837, 12.61657, 15.92857, 18.34658, 11.88123, 21.50157, 14.4122, 2.857252, 7.600987, 57.29797, 11.9118, 13.48075, 15.60653, 7
6.96731, 21.66071, 13.24341, 2.873852, 11.45248, 51.0318, 12.57415, 15.88044, 18.05115, 10.87154, 20.51115, 12.70819, 2.563764, 7.373923, 56.96089, 12.481, 13.50018, 15.739, 7
8.105251, 20.50486, 11.50706, 4.359322, 12.19813, 50.8177, 13.4731, 16.03785, 17.93316, 11.91534, 27.67879, 23.27669, 8.526846, 8.980541, 51.72855, 11.39676, 13.90172, 15.19452, 7
6.199888, 21.27401, 12.29769, 3.254798, 11.6386, 49.65815, 12.94943, 15.99673, 17.85582, 9.845684, 21.45444, 13.40832, 3.320599, 8.31255, 54.50176, 12.81604, 13.20602, 15.97174, 7
8.015011, 20.22415, 11.44276, 3.396844, 11.45683, 51.016, 12.71924, 16.02386, 18.2003, 3.136376, 16.57045, 16.364, 4.797099, 7.085459, 49.8661, 10.40482, 13.17502, 15.68072, 7
6.970688, 18.30448, 9.877269, 4.43288, 12.02397, 50.45158, 12.31454, 16.07906, 18.30362, 10.77072, 27.54573, 14.52185, 1.313582, 4.799426, 56.04512, 14.30907, 13.02881, 15.1426, 7
7.313327, 17.65666, 9.513968, 4.721487, 12.13417, 49.84879, 12.30278, 15.98107, 18.18974, 19.9663, 40.19825, 30.2708, 16.20327, 18.17437, 49.13486, 14.97582, 13.27096, 15.30886, 7
6.195206, 19.9816, 11.67774, 3.285391, 11.29139, 50.0335, 12.3352, 15.98955, 18.13547, 24.72833, 34.89514, 28.20766, 13.33754, 12.80027, 52.84459, 12.43841, 14.13759, 16.61552, 7
6.299802, 19.44778, 11.28514, 3.717364, 11.6181, 50.24433, 12.22285, 16.1197, 18.23138, 16.57532, 33.57354, 23.68524, 11.49447, 12.54078, 53.56745, 13.06127, 13.47917, 16.81153, 7
6.526573, 18.25646, 10.38034, 3.908408, 11.27175, 50.84343, 11.67801, 15.81318, 18.11353, 17.56004, 35.05915, 27.72991, 16.92867, 16.13272, 53.02858, 12.56585, 12.74621, 15.4026, 7
6.960945, 19.10058, 10.4943, 3.478065, 11.37887, 50.19699, 12.22163, 15.87066, 18.22081, 16.70853, 42.01664, 27.72917, 14.19997, 13.35505, 53.99526, 14.63164, 12.80743, 14.75927, 7
6.783939, 23.21859, 13.57482, 2.358002, 12.17103, 51.83057, 13.34939, 16.40709, 18.8068, 16.06096, 36.96359, 25.33092, 12.5611, 11.6591, 53.70406, 13.76883, 12.86094, 15.09631, 7
6.086824, 25.47001, 15.03927, 1.928235, 11.73143, 51.34899, 13.78256, 16.31007, 18.51715, 17.48923, 37.55827, 26.86235, 14.26231, 12.78339, 54.34737, 13.5607, 13.16749, 15.68025, 7
6.926085, 24.30739, 14.13716, 2.209569, 12.18282, 51.96173, 13.68369, 16.44209, 18.86441, 13.59065, 30.2199, 27.05212, 12.07866, 11.9599, 51.65142, 11.50098, 13.9476, 15.20321, 7
5.567606, 22.90514, 13.4591, 2.37677, 11.48973, 50.40392, 13.00398, 16.05256, 18.00788, 20.58034, 39.17223, 27.88535, 12.86175, 13.0681, 49.95407, 14.29374, 13.76161, 14.25444, 7
6.340566, 20.63343, 12.12432, 2.892591, 12.18714, 50.68309, 12.68102, 15.96694, 18.59787, 18.33909, 37.6261, 27.89413, 12.89735, 12.8418, 50.71064, 13.78978, 14.01321, 14.35337, 7
5.963975, 21.91951, 12.72912, 2.213816, 11.53498, 50.45325, 12.61936, 15.92068, 18.56335, 15.44438, 33.05416, 31.07152, 15.80064, 15.32024, 47.18761, 11.11723, 13.78715, 14.47168, 7
6.095675, 25.54079, 14.8867, 2.031243, 12.01352, 51.4043, 13.75955, 16.34021, 18.58237, 16.66069, 32.81139, 28.05375, 12.77368, 13.21639, 46.39933, 12.48928, 14.49057, 15.27363, 7
7.221267, 25.79743, 15.52199, 2.39784, 12.82826, 51.86174, 13.88645, 16.37713, 19.09857, 15.1596, 28.74751, 25.52872, 10.31586, 10.97237, 46.17017, 11.74058, 14.27231, 15.39413, 7
7.032325, 25.9123, 15.7199, 2.177627, 12.17409, 51.82204, 13.75827, 16.36012, 18.83215, 16.75048, 31.37692, 27.53579, 11.61856, 11.80305, 46.06336, 12.11673, 14.58426, 15.43136, 7
7.035365, 24.84931, 14.63779, 2.161026, 12.02784, 52.02826, 13.47964, 16.07846, 18.59573, 16.58155, 32.69965, 28.21705, 12.49983, 12.44646, 46.72202, 12.34387, 14.43302, 15.38409, 7
6.845931, 24.84408, 14.9701, 2.080178, 11.84242, 51.41643, 13.46095, 16.08285, 18.56688, 14.64684, 32.97309, 28.0919, 12.31302, 12.17686, 47.64639, 12.70323, 14.56021, 15.41982, 7
6.877089, 25.11174, 15.17593, 2.218761, 12.02361, 51.09814, 13.55032, 16.19373, 18.57095, 13.84108, 31.78618, 26.69788, 11.41629, 11.26231, 48.05841, 12.69543, 14.41055, 15.40427, 7
6.671562, 24.9667, 15.43027, 2.444245, 11.72047, 50.92337, 13.25621, 15.82832, 18.1313, 15.53752, 32.376, 26.45948, 10.78208, 11.20959, 47.73312, 13.02204, 14.58165, 15.47015, 7
6.164338, 24.49217, 15.63566, 2.713465, 11.2696, 50.91778, 12.8518, 15.54998, 17.80501, 21.81976, 33.5693, 28.34921, 13.58338, 14.31563, 44.76441, 12.35065, 14.16369, 14.53278, 7
6.751337, 23.50201, 14.02556, 2.073488, 11.40033, 51.57554, 13.2143, 15.72056, 18.17648, 26.47202, 30.7941, 26.00305, 11.91896, 12.39483, 42.50848, 12.00993, 13.64366, 14.51095, 7
6.834346, 23.87553, 14.48574, 1.964234, 11.47154, 51.5891, 13.1459, 15.92803, 18.34758, 22.87688, 30.61516, 26.12485, 12.11331, 13.00723, 43.70559, 12.03214, 13.63242, 14.34362, 7
6.879655, 24.0126, 14.26535, 2.177088, 11.40805, 51.76278, 13.22814, 15.66825, 18.11847, 23.64266, 30.66312, 26.62919, 12.41969, 13.41926, 43.48093, 11.88456, 13.73184, 14.33516, 7
6.8788, 24.69216, 15.12876, 3.088004, 11.61517, 51.21447, 13.09462, 15.11613, 17.92439, 22.96246, 26.35023, 19.90022, 4.634852, 6.471054, 47.38927, 12.46652, 15.192, 15.30903, 7
5.991946, 25.69764, 16.43239, 3.845067, 11.07267, 50.75978, 13.02856, 14.97578, 17.49716, 8.22402, 21.87757, 14.77412, 3.79447, 7.073239, 51.13218, 12.18876, 15.89531, 15.66339, 7
5.75282, 26.86349, 17.46875, 4.120938, 11.00605, 50.50689, 13.3104, 15.38036, 17.41087, 7.737661, 20.55572, 14.35778, 3.770449, 6.74151, 51.11725, 11.58451, 15.91084, 15.41585, 7
6.071119, 24.56555, 15.00012, 2.182744, 11.4084, 51.0428, 13.39034, 15.9261, 18.08947, 11.43974, 22.60571, 22.08877, 9.423791, 10.73706, 48.36039, 10.54684, 13.04386, 13.8213, 7
6.704638, 22.55359, 13.68923, 2.028254, 11.0097, 51.24426, 12.71405, 15.51705, 17.82467, 18.21183, 27.82834, 27.23254, 13.79411, 15.41532, 44.85715, 11.24891, 13.55701, 14.09759, 7
7.459562, 22.44595, 13.82938, 2.363143, 11.03296, 52.03022, 12.62632, 15.37115, 17.73137, 16.61219, 25.86758, 24.51418, 10.83231, 11.84982, 46.11775, 10.79574, 13.60905, 14.39582, 7
7.346706, 23.29551, 14.71426, 2.466962, 11.00201, 51.75161, 12.58638, 15.38748, 17.72372, 13.48011, 25.32521, 23.28935, 8.73986, 9.702148, 46.81379, 10.98897, 14.12877, 14.95788, 7
7.015652, 24.86998, 16.12764, 3.048317, 10.96176, 51.5229, 12.89275, 15.64671, 17.55805, 13.47024, 29.9104, 29.20517, 15.33319, 16.86842, 47.14505, 11.40501, 13.78917, 14.20715, 7
6.222331, 24.15013, 16.04149, 2.751219, 10.30698, 50.84757, 12.32837, 15.37807, 17.36266, 15.26104, 29.18491, 26.89283, 11.8325, 12.791, 45.92321, 11.8131, 14.57072, 14.99396, 7
7.751423, 22.92187, 14.32277, 2.42995, 11.38451, 51.66825, 12.58556, 15.33567, 18.00397, 17.70516, 27.28347, 25.2345, 11.47811, 13.09938, 44.34074, 11.40465, 13.92682, 14.59355, 7
6.692693, 26.30941, 16.80221, 2.910738, 11.04487, 51.78537, 13.28121, 15.65053, 18.00035, 17.32529, 27.69488, 26.61398, 12.74701, 12.89618, 44.95161, 11.39717, 14.06815, 14.75195, 7
8.506853, 23.17766, 15.19553, 2.043539, 11.02544, 52.96196, 11.90026, 15.61407, 18.28126, 25.16411, 42.23715, 40.36189, 23.57848, 21.94902, 46.13974, 12.12257, 14.92002, 13.95887, 7
6.944215, 22.4282, 14.49427, 2.066396, 10.73829, 52.67245, 11.65631, 15.21595, 17.90294, 14.93618, 43.51214, 29.98367, 17.97665, 18.46078, 55.46036, 15.8443, 13.86466, 16.67755, 7
6.288276, 25.37842, 16.77357, 4.216911, 10.69851, 52.87336, 12.55762, 14.65177, 17.62096, 16.56652, 42.48662, 39.68184, 27.82671, 24.17809, 54.62211, 12.12218, 12.73856, 15.93387, 7
5.760038, 27.48207, 20.34309, 8.220008, 12.68954, 52.79996, 11.81385, 13.84486, 17.11529, 28.16702, 45.24168, 38.99517, 28.57486, 24.88196, 52.03318, 14.35969, 12.47799, 15.65243, 7
7.325202, 28.66436, 22.45915, 11.88571, 15.70853, 52.27474, 11.52417, 13.30576, 17.42864, 26.87613, 38.63195, 32.34335, 24.31838, 22.18325, 53.40306, 12.92129, 11.33564, 15.22209, 7
5.302563, 29.64929, 26.17574, 16.25624, 17.38228, 50.96442, 9.555058, 12.6898, 16.62367, 12.28771, 33.72808, 28.09606, 18.65197, 18.99443, 53.748, 12.71046, 11.77754, 14.40988, 7
0.3351346, 27.52503, 23.29172, 15.27315, 18.09327, 48.72356, 10.31258, 11.59607, 15.50267, 9.915441, 31.08393, 21.88911, 14.81869, 15.71639, 53.00993, 12.98099, 10.1417, 12.68901, 7
3.586377, 27.66349, 22.99473, 14.35749, 19.13205, 47.08754, 11.3779, 11.71583, 14.99779, 15.04488, 29.2804, 25.91879, 17.8031, 20.11651, 51.86487, 12.26976, 9.82349, 12.58909, 7
3.622447, 28.4028, 22.45261, 16.10358, 21.70645, 47.73635, 12.16444, 12.51577, 15.73175, 17.76187, 33.65936, 35.81546, 22.88365, 22.43965, 49.97436, 11.19069, 12.1983, 13.51794, 7
2.380308, 35.55909, 28.63879, 22.71565, 28.6712, 51.87929, 12.38472, 12.36891, 15.22124, 24.07038, 30.10873, 36.75375, 24.68518, 23.91327, 48.21937, 11.56419, 11.47518, 12.74661, 7
1.968713, 37.13672, 27.05783, 19.62488, 22.73164, 56.02914, 13.12516, 11.99786, 16.13182, 20.00935, 36.34967, 33.51329, 27.42933, 28.7667, 50.44667, 12.22418, 10.43226, 13.20859, 7
12.73708, 43.18224, 32.21289, 21.12465, 22.13603, 54.02106, 14.36879, 14.06795, 15.76396, 10.89663, 35.0331, 30.01165, 23.52366, 29.3442, 46.04848, 13.51325, 11.6605, 15.12495, 7
8.195704, 31.25077, 24.06733, 13.62666, 16.83, 52.72889, 12.2612, 13.73982, 16.18407, 0.04423466, 20.93556, 26.12201, 17.88762, 21.48434, 50.28357, 13.61818, 14.50198, 16.8075, 7
10.20261, 35.93623, 25.90665, 15.17281, 17.94836, 53.68758, 13.95147, 13.94878, 16.4204, 4.336889, 21.62697, 29.22346, 18.28009, 21.78555, 48.27348, 13.18151, 15.05636, 17.12651, 7
13.07097, 45.23062, 30.42431, 20.14257, 22.25084, 51.3818, 17.21044, 13.32293, 17.44666, 3.207172, 25.82095, 28.98927, 19.16078, 22.28183, 48.85696, 13.3935, 14.74109, 17.00477, 7
11.30993, 53.45565, 28.29902, 17.05294, 22.3841, 48.1729, 20.02268, 14.76761, 18.21045, 13.94773, 34.58614, 36.38259, 26.22814, 25.63289, 48.65256, 12.97443, 13.49051, 15.51689, 7
5.427983, 53.86242, 19.97459, 10.54751, 17.646, 52.85137, 23.0817, 13.98411, 17.96175, 19.33787, 35.57423, 35.3609, 27.98627, 26.98504, 46.63084, 13.56389, 12.98967, 16.03378, 7
4.766949, 73.49965, 27.0403, 11.41642, 17.04966, 55.64856, 35.8763, 16.21511, 18.28168, 23.2857, 40.45172, 37.10526, 29.45657, 29.65634, 47.10218, 15.25788, 12.09051, 15.08221, 7
2.972758, 71.10519, 32.49748, 16.22388, 20.17469, 56.54755, 31.83115, 15.93589, 17.85664, 25.79873, 42.29812, 37.14072, 25.51264, 27.82401, 47.02244, 16.41336, 12.46663, 14.79108, 7
4.955154, 65.93815, 29.75602, 16.92293, 20.53095, 54.96032, 28.3224, 14.38745, 17.97597, 29.35589, 54.57618, 44.15705, 32.03299, 32.01206, 46.82887, 17.58397, 12.90401, 15.05512, 7
5.726388, 63.86825, 26.85767, 14.37727, 19.10165, 55.05303, 30.23391, 14.36508, 17.65978, 21.36855, 47.46519, 38.31038, 22.32381, 25.51195, 50.33844, 17.31608, 13.46508, 14.94691, 7
5.313859, 63.30212, 21.07419, 11.36176, 16.03237, 55.47984, 30.14963, 12.82628, 17.2468, 25.32055, 47.07126, 40.99207, 28.39669, 30.9791, 49.78418, 15.77726, 11.96056, 14.62968, 7
7.942158, 73.52551, 27.9662, 16.2703, 19.09071, 56.54785, 32.44453, 13.78124, 17.75838, 24.96844, 45.08261, 37.16161, 23.8163, 27.45993, 49.69755, 16.82238, 12.74444, 15.17868, 7
9.347186, 73.01113, 26.94018, 14.98894, 19.11158, 55.97339, 32.74416, 13.47353, 17.64081, 27.46271, 52.7993, 42.34471, 27.61813, 29.38613, 48.27587, 17.87722, 13.18509, 14.83341, 7
6.983508, 78.70571, 30.83757, 19.29601, 21.5594, 58.22585, 31.3825, 13.62578, 17.34704, 34.35468, 61.22599, 49.46415, 33.8438, 36.66119, 50.27645, 16.57513, 10.92124, 13.34736, 7
6.031304, 68.3028, 28.38321, 15.86017, 19.45332, 55.99317, 30.92747, 14.46813, 17.79387, 35.01012, 45.41987, 49.38642, 37.73103, 38.18813, 52.76276, 13.96393, 9.809909, 13.42906, 7
15.92241, 79.54932, 37.54012, 24.79422, 24.73677, 57.77571, 33.25758, 13.60206, 17.40504, 31.45016, 58.79335, 50.01503, 40.21094, 42.25267, 51.61373, 15.95715, 9.842747, 13.58497, 7
15.73292, 79.03929, 36.96439, 21.01229, 21.05179, 56.74952, 33.0153, 14.84654, 17.93393, 35.16864, 67.22981, 48.95749, 34.49788, 37.92162, 49.1123, 20.2486, 11.58822, 14.45138, 7
25.21874, 80.25526, 38.02267, 27.37964, 26.4525, 56.64151, 31.41837, 12.8133, 17.26353, 25.42711, 47.7171, 38.00227, 21.92284, 24.94977, 48.78017, 17.60872, 13.49847, 15.74169, 7
24.77373, 78.60686, 37.00998, 26.51725, 25.86564, 55.9555, 31.50759, 12.82708, 17.16701, 21.0025, 39.13931, 31.22007, 17.94029, 19.90819, 48.5069, 16.90607, 13.96602, 15.8356, 7
16.79597, 75.81412, 35.25371, 24.1585, 25.49886, 55.04301, 31.65546, 12.82434, 17.14124, 22.48749, 36.62814, 29.96309, 16.71083, 19.82989, 47.76157, 15.89651, 12.69551, 14.76794, 7
24.42093, 77.75527, 34.12623, 24.87911, 24.89799, 53.64157, 30.19215, 11.865, 16.54623, 34.65638, 51.27398, 44.92799, 31.36239, 32.05991, 46.18011, 15.48836, 11.14382, 14.04027, 7
30.12345, 81.06702, 36.12582, 27.71538, 27.0218, 53.25654, 31.30577, 11.85985, 16.56314, 42.44765, 46.94957, 40.90398, 30.75358, 30.06629, 49.63092, 13.46448, 10.87187, 16.09991, 7
28.35303, 82.80778, 37.16299, 28.02838, 27.30459, 54.26776, 29.33544, 11.78188, 16.48267, 38.23954, 38.25084, 37.5697, 30.05753, 30.82607, 53.29798, 12.61826, 9.027457, 14.95018, 7
29.01214, 86.16952, 38.51571, 29.08161, 28.16554, 55.37012, 31.11277, 11.92195, 16.88786, 39.76226, 41.94469, 40.24995, 31.12741, 30.69005, 53.69273, 12.58403, 9.389231, 14.8978, 7
26.41969, 83.49823, 35.60576, 27.00623, 26.4903, 53.29984, 27.98466, 11.88596, 16.85729, 47.59132, 48.47294, 39.82679, 30.19943, 28.21786, 52.03693, 14.21059, 9.923945, 15.446, 7
34.60934, 81.36143, 37.78419, 28.62706, 28.05113, 53.12133, 30.1837, 12.05202, 17.02884, 49.38416, 53.98065, 43.8372, 33.18071, 30.22469, 52.17255, 14.92763, 10.32499, 16.36011, 7
32.53611, 80.23007, 39.2427, 28.73856, 27.74505, 52.75981, 29.91951, 12.13543, 16.99534, 51.19992, 54.63424, 44.31242, 33.45993, 30.75057, 51.92, 15.18944, 10.3487, 16.27311, 7
35.6847, 82.02783, 37.78392, 27.28356, 25.80049, 53.82919, 31.07059, 12.08674, 16.90489, 50.51955, 56.44599, 44.61789, 30.90571, 27.25566, 51.16817, 16.5745, 11.72615, 16.85775, 7
24.47596, 78.43123, 30.13528, 20.36831, 20.48638, 53.95036, 28.20112, 11.43812, 16.48205, 49.65664, 57.94382, 48.06298, 35.26137, 31.52943, 53.16253, 14.98144, 10.52332, 16.03169, 7
22.51717, 82.748, 25.50949, 19.51485, 19.11104, 55.29649, 31.67862, 11.85458, 16.84674, 44.16761, 55.03251, 41.98807, 31.37937, 26.98166, 54.83585, 16.22303, 10.40724, 16.12153, 7
26.20962, 88.8141, 32.985, 24.68637, 21.93962, 57.0923, 31.93926, 11.42289, 16.82242, 37.7779, 53.40665, 33.75163, 23.1339, 20.15061, 55.19291, 17.62138, 10.63214, 16.03587, 7
20.82341, 83.53722, 27.77182, 21.26597, 19.83196, 54.28087, 30.45833, 11.89468, 17.4875, 28.25672, 56.17272, 41.04011, 25.1752, 24.76407, 54.13276, 18.85302, 12.50849, 14.63656, 7
10.95368, 74.78148, 17.97174, 13.92548, 15.52907, 55.14072, 28.10699, 11.87285, 16.89062, 30.83204, 56.26372, 45.63139, 28.13708, 28.73592, 52.8162, 18.3659, 12.09321, 14.60517, 7
15.48131, 74.99234, 23.37487, 16.55008, 18.06326, 52.59797, 30.55049, 12.5088, 17.62811, 32.17151, 71.18539, 51.5498, 39.04867, 39.1031, 50.21636, 21.04029, 11.86181, 14.40693, 7
16.61837, 70.70789, 29.41246, 17.39798, 19.9929, 52.66472, 30.69143, 13.35723, 17.73216, 26.76261, 44.93814, 35.21307, 20.7629, 22.69679, 48.40973, 18.00503, 13.72155, 16.18922, 7
13.91827, 69.43037, 24.52385, 13.12986, 16.72794, 52.11649, 29.07113, 13.6618, 17.4146, 21.24507, 34.09914, 21.81932, 12.22997, 15.25561, 48.7931, 16.41964, 12.79384, 15.31956, 7
7.169735, 56.24496, 21.35222, 8.209538, 15.12716, 51.81108, 24.75207, 15.01903, 18.3096, 14.86827, 28.98822, 22.54171, 13.96595, 16.54609, 46.64189, 14.08107, 11.67486, 14.52104, 7
6.070699, 37.16891, 12.97491, 4.111803, 12.89462, 50.03824, 17.33303, 14.54339, 17.3461, 7.577249, 22.39475, 19.3553, 13.15568, 15.82132, 48.6426, 12.76371, 11.44782, 15.41666, 7
6.065692, 26.70839, 9.139402, 4.52991, 13.4805, 53.49463, 15.12903, 14.2829, 17.02762, 6.405421, 16.05154, 14.71057, 7.512746, 10.11853, 51.51332, 10.76445, 11.23228, 15.21852, 7
7.604059, 28.96148, 9.370456, 4.385883, 13.18708, 54.6002, 15.48975, 14.02603, 16.92454, 3.673971, 17.05764, 17.59808, 9.783114, 12.04398, 52.17507, 10.88278, 11.64182, 15.5137, 7
9.423917, 25.6924, 8.612675, 4.431642, 13.23641, 55.62173, 15.59953, 14.24115, 16.89042, 5.734939, 18.45122, 20.96449, 13.45008, 13.21897, 49.91275, 10.16926, 11.52393, 15.57616, 7
12.69336, 19.78735, 8.829752, 4.217608, 11.92752, 55.95568, 13.03454, 13.54436, 15.95942, 9.611716, 26.84766, 28.33958, 20.43057, 20.992, 48.44429, 11.31388, 11.30002, 14.98472, 7
11.07926, 28.59132, 18.84534, 7.552085, 12.51028, 55.72876, 15.24651, 15.14439, 16.97852, 9.076708, 25.20144, 26.95375, 15.36991, 16.89307, 48.49089, 12.14509, 13.45565, 15.54925, 7
7.701304, 25.77362, 18.2157, 8.724743, 13.5986, 55.82637, 12.76685, 14.02088, 17.03891, 12.68156, 25.63951, 32.52452, 23.26294, 22.03545, 46.16307, 12.57697, 11.96362, 14.43602, 7
4.063076, 29.61901, 20.59987, 11.44474, 15.623, 53.46017, 14.1161, 14.61734, 17.32612, 10.46928, 24.63173, 22.73774, 14.50325, 17.6031, 46.38486, 13.06881, 11.59945, 15.3413, 7
6.010304, 45.32273, 20.51544, 9.811131, 15.58641, 51.95313, 18.03301, 14.1855, 17.56796, 17.22526, 25.85095, 23.26607, 15.99283, 19.16826, 45.82468, 13.77621, 11.41145, 14.49756, 7
5.382266, 35.97202, 22.17999, 11.80497, 15.05831, 58.23289, 17.12205, 15.73897, 17.76506, 13.19211, 27.86563, 23.33564, 4.617746, 15.04112, 48.92249, 14.47592, 19.28714, 14.65169, 7
1.666126, 31.40247, 19.06647, 10.19327, 14.52207, 56.22458, 15.40464, 14.17295, 17.50536, 12.15568, 28.58461, 24.19636, 4.428504, 13.35869, 50.13171, 13.66109, 19.20809, 13.73468, 7
11.15786, 54.66065, 18.67226, 8.201307, 12.26601, 52.89888, 24.33942, 14.89716, 17.56924, 11.30172, 23.51764, 18.44348, 4.404199, 9.606336, 48.68979, 13.46131, 18.86735, 13.60949, 7
2.487899, 54.98126, 20.54965, 6.784083, 7.841323, 57.69788, 29.12476, 16.20297, 17.09871, 10.3307, 20.98766, 8.293536, 4.265536, 12.06516, 50.0597, 16.38637, 14.48708, 18.96891, 7
8.541827, 65.93816, 29.49203, 10.86379, 6.46866, 62.38384, 33.73472, 16.85354, 15.39575, 12.26593, 12.82681, 4.455884, 5.026443, 9.295382, 51.47301, 13.15295, 12.53946, 16.45389, 7
18.28421, 63.78294, 26.5799, 7.645779, 5.591806, 60.53198, 33.57821, 16.48698, 16.54325, 11.40881, 16.84396, 6.246263, 4.516529, 10.1567, 52.29848, 14.5556, 13.37419, 17.06786, 7
10.92204, 55.38878, 21.05017, 9.080842, 8.860356, 57.31979, 26.82493, 14.43075, 16.73405, 9.005557, 21.22771, 12.94947, 3.817314, 9.842927, 50.50098, 14.27705, 13.09925, 16.22069, 7
19.51106, 58.99029, 34.89588, 23.2739, 23.62087, 51.19511, 18.98129, 13.53337, 18.18417, 14.7994, 20.95811, 17.22681, 9.970799, 13.03519, 48.65259, 13.99446, 12.50145, 16.97181, 7
12.51257, 67.2903, 19.22714, 5.176383, 9.937371, 55.65532, 32.89113, 14.8475, 18.24159, 11.95642, 22.77125, 18.30548, 7.106248, 8.94336, 51.32815, 11.69221, 12.67719, 16.34013, 7
11.36498, 62.7923, 18.38986, 6.023369, 10.89452, 54.52135, 30.10422, 13.92747, 17.87019, 9.430255, 17.98682, 14.69919, 4.461332, 6.894891, 53.1355, 10.33548, 12.26603, 16.13315, 7
7.70668, 59.8124, 15.54043, 3.919965, 11.6827, 54.94844, 30.23234, 14.41009, 17.77396, 7.668999, 16.28422, 11.24976, 1.442522, 6.838191, 51.87153, 10.77786, 12.46677, 16.2649, 7
5.447983, 49.28749, 14.22067, 5.064073, 11.47238, 55.12196, 23.07358, 13.86034, 16.99865, 8.419278, 11.75411, 9.048001, 1.204798, 6.247989, 52.78266, 9.994361, 11.52613, 15.92623, 7
1.384515, 45.11493, 24.81831, 10.69111, 11.55023, 58.60605, 20.32542, 14.9164, 16.84372, 8.125355, 13.55246, 7.868786, 2.633067, 8.261869, 53.43958, 10.71388, 13.02509, 16.36212, 7
4.803751, 44.01044, 27.13561, 13.46693, 12.87383, 56.37246, 17.66229, 14.12361, 16.32645, 9.323565, 16.60942, 9.098547, 3.562933, 10.27362, 52.64718, 11.89242, 13.75366, 17.19948, 7
7.565455, 46.69899, 28.71102, 14.63873, 13.7595, 56.4264, 18.02286, 14.07267, 16.11926, 7.531321, 15.72037, 8.915991, 3.359229, 10.49858, 53.30666, 11.74942, 13.86057, 17.41322, 7
8.182014, 47.32004, 30.2999, 14.64138, 13.18118, 56.71374, 17.30379, 15.00577, 16.11106, 7.048234, 13.12188, 13.02419, 3.149084, 9.503074, 53.32651, 10.45809, 13.40377, 17.777, 7
11.14088, 48.38272, 30.67527, 13.19197, 13.10299, 56.91958, 18.9465, 16.26505, 16.68176, 7.323166, 17.67498, 15.16618, 3.455474, 10.50989, 51.24754, 11.40498, 14.3704, 17.5579, 7
10.68084, 44.39742, 29.91521, 14.00267, 12.74387, 57.34611, 16.24228, 15.232, 16.14554, 7.0316, 13.05288, 13.8376, 2.99722, 7.564158, 52.72886, 9.816241, 12.7635, 16.20331, 7
8.121222, 38.74715, 26.35919, 12.81398, 12.22389, 55.68216, 14.46521, 14.0434, 15.84093, 11.09803, 22.51497, 19.66626, 5.77404, 9.375488, 49.11663, 11.72523, 12.37132, 15.07695, 7
10.0597, 40.37948, 26.05142, 12.11663, 12.58178, 53.34449, 15.81907, 14.64926, 16.19991, 16.42977, 25.95055, 22.14977, 8.198841, 12.78098, 47.25436, 12.97678, 13.56472, 15.40447, 7
14.95379, 40.65554, 27.99148, 14.34584, 13.49051, 54.03992, 14.87963, 14.41164, 16.05119, 11.23317, 31.15063, 26.69699, 12.88543, 13.09628, 48.39661, 13.76961, 13.76891, 16.18102, 7
10.00541, 34.59734, 25.65306, 13.79351, 12.72546, 54.86962, 12.82181, 13.44868, 15.78365, 8.691697, 27.05372, 18.11733, 5.71786, 11.3065, 49.32404, 15.55958, 14.36421, 16.35739, 7
11.39463, 41.21534, 28.9429, 14.27349, 13.52463, 54.89107, 15.02578, 14.90049, 16.2864, 14.24644, 30.37022, 22.05672, 6.301296, 14.17312, 48.17603, 14.2606, 14.44359, 14.92262, 7
12.7493, 42.56871, 30.84667, 16.86623, 15.35534, 56.03342, 14.76575, 14.24641, 15.9913, 8.177836, 26.70948, 16.13472, 8.889178, 11.21236, 49.52361, 16.12019, 15.43744, 16.05939, 7
10.04557, 41.50561, 30.23309, 16.64562, 14.98184, 56.26252, 13.65243, 14.1628, 16.02257, 12.32728, 30.79333, 21.78853, 5.167177, 11.10809, 49.95266, 13.7234, 18.99731, 12.67032, 7
13.01504, 44.5098, 31.94084, 18.0091, 15.87535, 55.58927, 14.78456, 14.33876, 16.14156, 18.46524, 37.98307, 24.36196, 5.953085, 14.28944, 47.33885, 16.84664, 17.96375, 13.69802, 7
13.72687, 41.65313, 30.66111, 16.67961, 15.70892, 54.15807, 13.77381, 14.56019, 16.2043, 12.7864, 35.12727, 21.66487, 5.965618, 14.04151, 48.3299, 16.20195, 18.33216, 13.48769, 7
19.27457, 41.22037, 29.70514, 15.73544, 15.19952, 51.74443, 14.30791, 14.5, 16.13793, 14.56245, 30.55075, 20.50156, 4.714511, 13.8609, 47.36797, 14.31223, 18.69361, 14.58816, 7
15.53054, 38.12833, 26.60116, 13.69895, 14.33225, 52.2559, 14.01961, 14.31163, 16.14074, 17.76824, 30.67697, 19.87401, 4.796813, 12.85702, 47.38789, 14.58346, 18.46916, 14.39369, 7
16.28376, 42.40886, 29.62348, 15.53627, 15.40671, 55.13116, 15.43985, 14.75745, 16.29571, 23.72026, 31.68655, 24.31553, 7.125602, 14.10806, 46.56892, 13.41611, 17.06502, 12.18544, 7
11.54217, 41.67032, 28.47143, 13.80042, 14.59966, 55.60411, 15.77378, 15.31956, 16.34832, 15.4482, 27.68386, 20.00759, 5.07694, 11.99171, 48.27817, 13.5188, 17.53063, 12.85018, 7
10.68504, 39.07529, 26.9371, 13.13523, 14.33054, 54.47901, 15.14418, 14.92721, 16.50694, 14.00092, 28.63467, 16.38303, 3.523978, 11.69565, 48.00566, 14.79169, 17.86847, 13.62504, 7
10.94965, 35.23046, 24.647, 12.11543, 13.84224, 54.48694, 13.7289, 14.30783, 16.25379, 18.20893, 32.70585, 20.53268, 4.716879, 12.41165, 47.52235, 15.43129, 17.76375, 13.46045, 7
7.960279, 39.59812, 29.52052, 16.45235, 16.01076, 54.44631, 12.97211, 14.0395, 15.89821, 19.02666, 32.21043, 23.08472, 6.424952, 13.61538, 48.33746, 14.03972, 17.38034, 12.84494, 7
14.52539, 43.45579, 31.92364, 18.08931, 17.30487, 55.51272, 14.25713, 14.77116, 16.23639, 9.180655, 27.00393, 12.3277, 10.21271, 10.06734, 49.35094, 16.13686, 13.84894, 15.0102, 7
13.92774, 43.89421, 30.66814, 16.05613, 15.99161, 53.63496, 15.67943, 15.01339, 16.31428, 5.75115, 28.13781, 17.0459, 5.891922, 13.24092, 50.14689, 14.73386, 14.46939, 15.4987, 7
15.12201, 44.67423, 32.82598, 18.31052, 17.11053, 55.18131, 14.64017, 14.76119, 15.96715, 6.784112, 26.97412, 19.48235, 8.597473, 12.45511, 49.54299, 13.39121, 13.11736, 15.70248, 7
12.82252, 42.73377, 32.13023, 18.26456, 18.18927, 54.37293, 13.5928, 14.4826, 16.0536, 6.096929, 28.54053, 20.70688, 8.839758, 13.43148, 50.1604, 13.5277, 13.63995, 16.10728, 7
10.0049, 41.47599, 31.316, 18.45219, 18.46539, 54.21108, 13.0478, 13.99901, 15.84862, 4.786428, 26.45682, 19.80373, 6.85535, 12.63946, 51.22718, 13.40959, 14.0113, 16.13746, 7
10.40212, 41.23363, 31.52117, 19.42868, 19.17851, 53.99776, 12.73411, 13.62633, 15.62352, 5.01622, 29.37358, 21.21389, 8.013418, 14.27237, 51.97986, 14.73227, 14.0973, 16.62206, 7
14.97204, 42.93809, 33.00428, 20.86837, 20.04937, 56.22227, 13.47939, 14.01501, 16.19948, 7.602329, 29.19945, 28.45024, 13.29567, 13.89131, 47.46744, 12.24166, 14.14194, 15.87628, 7
11.82302, 42.97896, 31.55567, 20.97828, 20.88546, 55.48386, 14.66781, 13.16868, 15.96558, 9.060848, 31.11901, 33.95592, 16.52456, 13.84037, 47.848, 11.07615, 15.12008, 16.02596, 7
13.94546, 42.36295, 31.13869, 20.82763, 20.74008, 54.78588, 14.35491, 13.13108, 15.85852, 14.58411, 29.91125, 32.38096, 17.54235, 17.10688, 45.6881, 11.04211, 14.15774, 14.64771, 7
16.61989, 41.4896, 32.3858, 22.5158, 21.1759, 55.27032, 12.61382, 12.99712, 15.85894, 10.86897, 29.19139, 34.92888, 19.22414, 19.2743, 46.25386, 11.75281, 14.85395, 14.91827, 7
15.40531, 41.98942, 33.01055, 22.65802, 21.24564, 56.72375, 12.08051, 13.13598, 15.99, 10.53904, 29.56501, 36.38853, 21.10083, 20.88173, 46.5993, 11.53794, 14.79704, 14.81729, 7
13.59646, 41.10179, 32.06961, 21.61873, 20.78657, 55.45809, 12.40057, 12.93985, 16.02931, 7.895805, 28.477, 37.15768, 16.71553, 18.26546, 48.45645, 11.63542, 15.97154, 14.80962, 7
14.64504, 42.16564, 29.09291, 16.65154, 16.38325, 54.94408, 15.98545, 14.30595, 17.24928, 15.58409, 29.74804, 34.99668, 19.21408, 17.94163, 46.24601, 12.51975, 14.83626, 15.14983, 7
8.163251, 44.08741, 30.21692, 17.50023, 17.85482, 58.73351, 17.73733, 14.79779, 17.70692, 11.82253, 27.53529, 31.46478, 15.411, 16.22663, 46.4483, 12.62148, 14.49828, 15.118, 7
11.15586, 48.22468, 32.88258, 19.42636, 19.35606, 58.84684, 19.15581, 14.92148, 17.95984, 10.89115, 27.21827, 33.56693, 15.88761, 17.21303, 47.05622, 12.08442, 15.32466, 14.85277, 7
10.56565, 41.74696, 27.66519, 15.03777, 16.56897, 57.84779, 17.21542, 14.72216, 17.86843, 11.20268, 29.88994, 35.17097, 16.29711, 16.99854, 47.42249, 12.86098, 15.5444, 15.58383, 7
7.691768, 41.28191, 27.97061, 15.58403, 17.16684, 57.38034, 16.59176, 14.64737, 17.94077, 13.33957, 27.91213, 22.47298, 9.214542, 13.25334, 45.6092, 14.40924, 13.23803, 16.09319, 7
12.90627, 40.91586, 28.54358, 16.79777, 17.40202, 54.67451, 15.97947, 14.20079, 17.77956, 16.95157, 28.142, 20.06617, 8.815679, 16.8385, 46.47985, 14.19224, 13.4675, 17.37647, 7
7.88217, 40.19091, 26.25595, 15.37936, 17.3627, 57.42184, 16.73866, 14.12125, 18.57094, 16.2649, 25.02749, 13.86513, 5.551956, 14.02206, 46.23887, 14.76643, 13.38372, 16.36492, 7
3.108224, 39.40738, 22.9387, 10.12289, 15.52124, 59.98705, 18.81169, 15.5569, 19.4639, 15.77378, 27.93569, 16.17492, 6.431297, 14.6615, 46.39452, 15.04367, 13.11727, 16.19864, 7
0.07661667, 45.95307, 27.62784, 12.75626, 16.10087, 57.16611, 21.63349, 15.89013, 19.24531, 13.32677, 29.8059, 19.14043, 7.420291, 15.01129, 47.05474, 15.31443, 13.72405, 16.77938, 7
2.765695, 41.93031, 24.71909, 8.573384, 14.73428, 54.25858, 20.66652, 16.75548, 19.60006, 18.57566, 27.39592, 23.82214, 10.11283, 13.28326, 43.65704, 13.36327, 13.40458, 16.24137, 7
4.840072, 41.04654, 24.28343, 7.697303, 14.3199, 55.41322, 20.18276, 16.87343, 19.7631, 14.16663, 23.53835, 16.98116, 4.656609, 12.18178, 47.15512, 13.63116, 13.48257, 16.83475, 7
4.905444, 39.82332, 24.05911, 7.209439, 14.66023, 55.25651, 19.38101, 17.22071, 20.23532, 13.18701, 24.92774, 13.72388, 3.412829, 12.188, 47.35833, 14.40664, 13.24359, 17.08185, 7
5.82689, 41.05998, 26.58185, 8.481097, 16.36116, 55.38179, 18.37661, 17.66819, 20.47077, 14.11432, 23.09274, 18.67663, 5.868354, 11.33048, 45.52822, 14.69552, 13.77021, 16.24897, 7
17.75261, 38.91399, 24.57609, 8.71767, 16.4327, 54.74541, 17.25494, 16.88523, 20.5757, 12.03254, 18.39761, 10.33759, 3.414951, 12.44004, 46.35625, 14.516, 13.16997, 17.09951, 7
22.06718, 31.00908, 22.40273, 8.650243, 15.83494, 53.22937, 12.86656, 15.83006, 19.74344, 14.27756, 20.17572, 12.72275, 4.765387, 12.35733, 46.1111, 14.31852, 12.66045, 16.22329, 7
6.016107, 25.04846, 21.35758, 10.27749, 16.13483, 50.28675, 11.07238, 14.25232, 18.83715, 12.32407, 15.697, 11.64483, 4.421554, 11.84826, 46.49351, 13.28817, 12.49542, 15.99552, 7
10.17775, 25.87923, 19.21602, 8.556691, 15.57955, 52.53527, 11.85952, 14.97999, 19.41855, 12.64735, 15.13066, 10.10227, 3.869182, 11.51355, 46.77757, 13.92125, 12.38052, 16.49585, 7
2.214258, 22.99646, 16.63495, 7.573803, 15.68036, 52.39641, 11.27084, 14.27676, 19.40777, 15.84375, 16.72287, 10.10892, 4.182121, 11.15706, 45.90702, 13.34452, 12.46795, 15.84923, 7
21.59421, 29.41571, 18.85109, 7.852805, 16.19163, 52.98875, 13.30621, 15.42177, 19.71759, 8.535962, 14.17174, 7.580304, 5.148944, 12.18229, 47.56606, 14.05471, 13.0236, 16.6105, 7
2.631878, 28.08579, 17.48236, 7.431019, 16.44537, 52.83623, 12.66654, 14.53373, 20.1068, 16.49395, 12.38499, 8.566463, 4.559863, 10.67933, 46.36007, 13.91097, 11.99306, 15.71551, 7
2.190977, 29.22506, 21.25952, 10.12535, 17.62925, 52.49602, 12.3619, 14.80995, 19.65421, 19.19399, 9.873406, 7.567945, 4.569304, 11.12311, 46.00984, 14.07296, 12.11276, 16.11736, 7
3.44054, 24.6315, 18.79467, 8.756677, 17.35542, 52.81939, 11.36739, 14.67117, 19.77332, 16.07775, 14.37626, 9.486946, 4.231793, 10.89161, 46.50899, 14.04109, 12.01163, 15.66679, 7
1.769235, 27.20104, 21.26604, 10.32156, 18.29793, 52.76886, 11.77118, 15.36566, 19.87879, 18.23584, 16.74581, 13.01325, 5.127552, 11.9317, 45.15, 14.0943, 12.23781, 16.27871, 7
3.122363, 24.01788, 22.53376, 13.00331, 19.58614, 56.05786, 10.41918, 14.31058, 19.65472, 15.2162, 16.90873, 13.25929, 4.936299, 12.05048, 46.00308, 14.26601, 12.21737, 16.15344, 7
1.590162, 25.16239, 21.65466, 12.43527, 19.64205, 53.03559, 10.50858, 14.19528, 19.8307, 16.76447, 12.52601, 8.806472, 4.73582, 11.80747, 45.88423, 14.34736, 12.03411, 15.72831, 7
6.573516, 27.35256, 22.16037, 12.86061, 19.84694, 50.06487, 11.14975, 13.79956, 19.96886, 13.41845, 13.5087, 9.628718, 4.53691, 12.25713, 45.98727, 14.40762, 12.27531, 16.37767, 7
5.147079, 26.08322, 21.52187, 12.64495, 19.69773, 50.86148, 11.02348, 13.99884, 19.99142, 12.96111, 16.75447, 11.9811, 4.750565, 12.31158, 46.25823, 14.48537, 12.31557, 16.38066, 7
3.766656, 24.64588, 21.1497, 12.81718, 19.90381, 51.40267, 10.74532, 13.99702, 19.89638, 15.03555, 12.62886, 9.18947, 4.651979, 11.26268, 46.51646, 14.04763, 11.94666, 15.45729, 7
2.708555, 17.79574, 16.94489, 9.627677, 19.00975, 54.60258, 10.25118, 14.32579, 19.78477, 19.10191, 12.93378, 8.726138, 4.773067, 11.52976, 46.27806, 14.60448, 12.20639, 16.01507, 7
2.302993, 20.56906, 18.16706, 10.52609, 19.25915, 52.90387, 10.51238, 14.33159, 19.65122, 12.01424, 13.47666, 8.892559, 3.690667, 11.76899, 46.25877, 14.05422, 12.3505, 16.46415, 7
4.451882, 20.79761, 18.56436, 11.8177, 20.4119, 51.89244, 10.54869, 13.68904, 19.8797, 12.44362, 10.26774, 8.01932, 4.766949, 11.59536, 47.24635, 13.20931, 12.0786, 15.44002, 7
7.655271, 23.41971, 20.88754, 12.21653, 19.9623, 49.79194, 10.67614, 14.14796, 19.86439, 20.56606, 31.18704, 18.77427, 5.926421, 13.14595, 46.55604, 16.0833, 15.01335, 15.9113, 7
5.863643, 22.25988, 20.15263, 10.1681, 17.70799, 50.54688, 10.68988, 14.57867, 19.98424, 44.3287, 45.2442, 30.09939, 17.90275, 18.59862, 49.3382, 19.17062, 14.56144, 17.68386, 7
4.608702, 21.14777, 18.96802, 9.507623, 17.48595, 51.60327, 10.49923, 14.77337, 19.98764, 30.47025, 30.36033, 15.88297, 6.750988, 12.96278, 45.17313, 16.11388, 13.78315, 17.27997, 7
3.336128, 16.47455, 15.00221, 9.391512, 18.91946, 53.877, 10.51614, 13.56706, 20.09908, 19.03127, 26.42428, 14.89118, 6.160234, 15.07814, 43.9959, 15.84449, 14.67115, 17.48887, 7
2.817306, 15.85717, 14.9383, 8.977018, 18.9831, 53.9044, 10.35832, 13.98887, 20.1343, 16.96356, 21.86323, 15.49628, 6.002961, 14.34505, 46.15218, 13.88369, 13.81367, 16.14263, 7
3.253053, 17.44501, 16.99706, 10.80717, 18.95142, 53.86651, 10.31641, 13.83778, 19.79783, 14.66953, 26.43551, 17.00656, 6.117953, 14.93581, 46.71907, 15.22404, 14.37058, 17.2379, 7
3.575113, 19.32743, 19.46636, 12.69934, 19.05577, 53.30699, 10.53782, 13.7747, 19.59829, 16.96462, 21.64624, 17.89692, 7.087314, 14.47742, 46.1527, 13.22714, 13.6186, 16.73301, 7
6.164497, 21.33998, 21.51344, 12.02444, 17.96899, 51.56576, 10.60961, 14.85138, 19.5955, 14.08313, 17.58454, 12.88751, 4.723353, 13.03299, 46.70107, 13.30055, 13.14014, 16.94434, 7
6.240705, 21.98064, 20.93434, 11.96467, 18.40626, 50.67182, 10.99155, 14.56956, 19.72446, 7.928429, 15.12691, 14.82407, 3.266147, 9.340981, 46.2422, 13.51397, 13.4156, 16.46558, 7
5.157461, 20.26867, 19.58878, 11.07901, 18.14852, 51.49757, 10.72479, 14.35387, 19.86783, 6.859755, 15.65665, 15.27181, 3.343573, 9.523014, 46.63838, 13.38799, 13.4646, 16.67427, 7
4.015028, 20.0028, 20.302, 12.25546, 18.30769, 53.07698, 10.44764, 13.98491, 19.83464, 8.017532, 13.53156, 10.6673, 3.987081, 10.53771, 46.20434, 14.56261, 13.91542, 17.38357, 7
2.613892, 21.90594, 22.35493, 14.26969, 19.50725, 54.00314, 10.69056, 13.90347, 19.70099, 8.128882, 13.51823, 11.11025, 3.878887, 10.8468, 46.15221, 14.45665, 13.96025, 17.57618, 7
6.921666, 22.79789, 23.07192, 14.07229, 19.06286, 51.82314, 10.7416, 14.04495, 19.70195, 5.273735, 14.19256, 12.92583, 2.552056, 9.674326, 46.18894, 13.64413, 13.54516, 17.05264, 7
7.349216, 21.25531, 21.74675, 12.58843, 18.33126, 51.70655, 10.77207, 14.34811, 19.5027, 6.902198, 14.56636, 11.22355, 3.687802, 9.988712, 46.38489, 14.76622, 13.69085, 17.2328, 7
6.194098, 19.31086, 19.47386, 11.00217, 17.7542, 51.71129, 10.91459, 14.24792, 19.31668, 14.50426, 18.14001, 16.08788, 6.166055, 10.90981, 44.70645, 14.4006, 12.7696, 16.21849, 7
7.730657, 20.11133, 19.61494, 12.66831, 17.5255, 52.51099, 10.5454, 13.12908, 18.92672, 9.211876, 15.06333, 12.27287, 3.022584, 9.770324, 45.51991, 14.6409, 13.50954, 17.22567, 7
6.38279, 18.16141, 18.41411, 12.12125, 17.76314, 52.68084, 10.63164, 12.75317, 19.12129, 8.829173, 13.02495, 9.65663, 3.342636, 9.752518, 45.44375, 14.86144, 13.32369, 17.19441, 7
6.764309, 16.68642, 16.63851, 9.461573, 16.29482, 51.62576, 10.63216, 13.36141, 19.24267, 8.543667, 8.173178, 4.697528, 5.734358, 12.89611, 48.32785, 13.57423, 13.32064, 17.62306, 7
6.939694, 18.3426, 17.79859, 10.45342, 16.71219, 51.70092, 10.76039, 13.44449, 19.02472, 14.48915, 12.87406, 11.06747, 5.193427, 12.45628, 45.9606, 12.335, 12.39514, 16.59877, 7
7.742353, 18.24484, 18.01633, 10.29373, 16.47751, 51.82457, 10.47638, 13.45013, 19.01589, 12.32195, 12.20665, 10.10571, 3.901488, 12.03838, 46.69805, 12.94142, 12.58309, 16.88981, 7
7.225151, 19.17721, 18.18991, 9.934343, 16.43863, 51.66215, 10.64396, 13.76982, 19.16065, 9.871255, 12.98344, 9.528791, 3.78853, 12.20261, 46.82427, 12.58006, 12.51611, 16.70248, 7
9.413566, 20.76822, 19.32562, 10.43911, 16.38998, 50.51119, 10.68384, 13.90283, 19.20728, 12.57962, 15.6441, 11.70227, 4.515488, 12.72462, 46.10397, 12.91375, 12.74102, 16.72921, 7
7.865567, 21.67769, 19.83523, 10.23185, 16.40463, 50.39812, 10.86734, 13.84505, 19.23857, 14.13938, 17.12972, 13.40015, 5.087734, 13.08093, 45.83371, 13.02545, 12.78356, 16.82277, 7
5.376912, 19.17042, 18.01325, 8.787066, 15.73056, 51.36585, 10.51472, 13.82384, 19.18477, 16.41335, 20.47927, 16.60407, 8.2207, 14.72721, 44.99751, 13.64303, 12.84108, 16.59769, 7
3.30482, 15.18405, 13.83737, 6.95401, 15.3664, 55.42822, 10.38345, 13.64846, 19.0883, 15.91543, 23.8285, 20.93792, 11.4232, 17.56833, 44.94987, 13.63221, 12.78813, 16.44332, 7
2.425838, 15.39297, 14.46817, 8.209467, 15.94252, 53.8334, 10.15542, 13.27638, 19.00175, 17.31325, 24.20629, 25.53152, 13.04085, 15.96274, 43.42131, 14.21483, 13.14683, 16.15075, 7
3.751863, 18.01526, 16.78115, 9.426982, 16.08263, 52.40683, 10.28933, 13.30503, 18.8195, 13.17358, 20.65984, 19.96041, 7.919338, 12.67291, 44.46331, 14.70074, 12.94517, 16.27418, 7
71.52094, 153.5032, 150.2465, 150.2382, 153.3503, 139.4795, 2.510376, 10.75212, 11.53078, 62.53001, 147.4081, 144.8862, 142.6234, 144.5986, 150.9749, 2.136067, 7.963361, 9.359164, 24
70.68032, 154.531, 152.6391, 152.152, 154.8659, 138.4704, 1.71589, 10.94886, 11.43568, 64.61694, 150.7878, 146.9177, 145.1033, 149.5685, 143.1209, 2.47686, 9.721704, 10.1791, 24
69.64576, 154.7648, 152.9682, 152.5745, 155.8358, 138.8121, 1.503371, 10.72154, 11.29843, 67.18038, 149.6571, 146.7523, 145.476, 148.8783, 141.8843, 2.279416, 10.15028, 9.71181, 24
65.96849, 158.2343, 154.4066, 152.9257, 155.7321, 137.309, 3.467748, 9.998611, 11.91851, 65.64655, 150.5676, 147.2837, 145.7444, 148.9714, 142.1039, 2.295758, 9.680645, 9.822189, 24
61.22727, 157.0044, 152.1021, 150.4782, 154.1184, 144.0995, 4.413928, 9.344242, 11.98012, 65.79806, 150.4864, 147.2168, 145.4438, 149.1177, 141.4719, 2.600077, 9.992767, 9.945343, 24
68.645, 155.9126, 154.9818, 154.9992, 156.313, 134.0486, 3.661265, 11.19486, 10.95521, 64.74353, 151.8377, 148.9406, 146.9981, 150.9383, 141.8028, 2.792812, 9.910382, 10.62414, 24
68.91191, 155.5953, 152.0282, 152.091, 153.762, 138.573, 3.341816, 11.24938, 11.22442, 65.48776, 150.7547, 147.804, 145.7666, 149.6605, 141.2341, 2.984522, 10.08561, 10.46322, 24
70.89314, 154.0872, 151.0826, 151.1546, 153.1743, 138.1043, 2.961608, 11.50009, 10.52129, 64.98707, 152.0764, 149.4272, 146.9909, 150.9028, 139.7139, 3.702903, 10.36756, 10.82031, 24
70.20737, 155.5836, 153.0465, 153.1738, 154.8017, 137.9769, 3.251789, 10.41896, 10.23695, 64.73997, 152.7791, 150.1391, 147.7511, 151.4743, 139.5096, 3.879493, 10.47531, 11.0515, 24
69.16399, 156.9666, 153.5196, 153.4144, 154.8929, 138.0645, 3.465545, 10.58264, 10.6493, 65.94745, 151.7488, 149.345, 147.0812, 150.9684, 139.8111, 3.665968, 10.38514, 10.92917, 24
68.59967, 156.6209, 153.9464, 153.4857, 155.3425, 136.9132, 3.753324, 10.9846, 10.96476, 66.13058, 151.3349, 148.3885, 146.5668, 150.6356, 140.4467, 3.615576, 10.38082, 10.64749, 24
70.14885, 155.4089, 153.096, 152.6734, 154.6537, 137.1822, 3.4976, 10.85105, 10.69076, 64.79813, 152.4218, 148.8056, 146.8421, 150.5517, 140.4396, 3.653126, 10.25962, 10.6194, 24
69.61017, 157.3345, 155.032, 154.3501, 155.1168, 135.938, 4.433852, 10.28803, 10.50064, 65.16435, 152.2581, 149.4771, 147.1757, 150.6858, 139.9244, 3.638572, 10.25979, 10.74908, 24
68.76839, 156.17, 152.6468, 152.6098, 154.3656, 138.6215, 3.395575, 10.30091, 10.55577, 64.7793, 152.5664, 148.6115, 146.3206, 149.9817, 140.606, 3.596136, 9.574009, 10.52794, 24
65.52712, 154.2519, 150.8244, 150.5841, 153.7872, 139.7216, 2.723833, 11.03541, 11.38989, 63.97617, 153.0596, 149.2071, 147.2291, 150.9521, 140.5715, 3.900936, 10.05979, 10.61213, 24
66.72523, 153.6155, 150.5519, 150.4369, 153.2964, 139.9937, 2.442162, 10.8152, 11.18618, 64.2803, 152.6994, 149.3877, 147.4967, 151.2305, 140.4412, 3.261468, 10.3743, 10.65433, 24
66.12234, 152.8569, 148.8225, 148.9281, 152.7019, 140.7246, 1.922237, 10.59106, 11.31219, 65.59014, 150.2213, 147.2745, 144.0287, 148.1738, 145.07, 3.30476, 9.230097, 12.42264, 24
63.73808, 153.3301, 148.0297, 148.6628, 152.7019, 142.0114, 2.644861, 10.54191, 11.04027, 65.10161, 150.8467, 148.1653, 145.6122, 149.7143, 144.0018, 2.961476, 9.105153, 11.38, 24
63.94172, 151.3632, 147.2623, 148.2133, 152.2816, 143.9882, 1.279624, 10.37039, 11.4693, 65.5584, 150.235, 147.7563, 144.8133, 148.6657, 144.7336, 2.884187, 9.141574, 11.29329, 24
64.33564, 151.8147, 147.4284, 148.3197, 152.4839, 144.0402, 1.602788, 10.35763, 11.27992, 65.63194, 150.4917, 148.0345, 145.5534, 149.223, 144.0257, 2.315452, 9.448725, 10.79587, 24
64.28334, 152.5159, 148.2029, 148.7345, 152.8756, 142.6527, 1.592253, 10.48209, 10.71134, 63.40204, 150.9907, 148.4591, 144.6512, 147.5223, 147.4981, 3.877069, 8.437243, 11.43873, 24
63.93038, 154.2882, 149.9089, 149.8668, 153.9944, 140.5238, 2.40542, 10.60007, 10.71256, 62.39211, 151.0324, 148.2646, 144.0649, 146.5892, 147.6378, 3.868827, 7.918098, 10.80216, 24
64.47849, 154.6074, 150.3443, 150.192, 154.214, 139.9612, 2.438553, 10.68769, 10.81083, 63.31565, 151.023, 148.1125, 144.4451, 148.0407, 147.0903, 3.747685, 8.76737, 12.01286, 24
65.77585, 154.9139, 150.7318, 150.3143, 154.0652, 138.0941, 3.126373, 10.79239, 11.20822, 62.26712, 151.7856, 148.5344, 145.0873, 149.6284, 144.9875, 4.073811, 9.190839, 13.20467, 24
67.47569, 154.5955, 150.6099, 150.2526, 153.7356, 138.2655, 2.978218, 10.76887, 11.29334, 62.2094, 151.1715, 148.25, 144.8468, 149.2583, 146.5506, 3.965856, 8.9564, 12.80301, 24
65.26597, 155.3228, 150.6748, 150.2266, 153.7177, 138.8245, 3.264768, 10.74001, 11.26598, 64.7398, 150.1277, 147.2862, 145.0586, 149.5106, 144.2964, 3.084261, 9.314053, 12.45071, 24
66.85853, 155.3599, 151.1939, 150.8396, 153.8607, 138.2641, 2.846889, 11.04359, 11.34951, 64.31072, 150.4542, 147.3348, 145.4148, 149.4055, 143.4309, 2.650184, 9.19787, 11.41201, 24
66.87273, 156.9396, 153.1092, 152.6409, 155.1247, 136.4942, 3.934127, 10.62673, 11.54702, 64.96059, 149.4471, 147.2259, 145.2659, 149.1407, 144.3504, 2.356259, 9.463068, 11.15318, 24
66.432, 157.0992, 153.2529, 152.4536, 154.9751, 136.134, 4.112184, 10.53035, 10.85266, 65.19033, 147.7313, 146.2449, 144.9983, 148.8731, 144.196, 1.759475, 9.564436, 10.07841, 24
67.52797, 157.5476, 155.3945, 154.3377, 154.9481, 135.4042, 4.372242, 10.11478, 10.41624, 65.38051, 147.8185, 146.4625, 143.4911, 147.4306, 147.4239, 2.732873, 8.890615, 10.76156, 24
66.26373, 157.5559, 156.0429, 156.2284, 156.8314, 135.4507, 4.259287, 9.578649, 9.826933, 70.89962, 144.0318, 144.3108, 144.0582, 147.4884, 145.9113, 2.16835, 9.340919, 8.87055, 24
66.49652, 152.7845, 150.7029, 151.4617, 152.6731, 142.7419, 1.668357, 10.14523, 9.085925, 71.34206, 143.3527, 144.3297, 143.941, 147.6473, 146.2159, 2.761446, 9.036529, 9.166326, 24
65.35393, 149.0735, 148.0939, 149.3457, 151.4409, 146.0943, 0.6370438, 10.0354, 8.495511, 73.59541, 142.4378, 143.4361, 143.5632, 146.6904, 147.2502, 2.920742, 8.677199, 8.809883, 24
66.44939, 147.9449, 147.3352, 148.6054, 151.0584, 145.4781, 0.6308707, 10.16231, 8.189856, 75.81656, 141.9953, 143.7975, 143.5586, 147.0759, 146.1604, 2.677519, 8.422963, 9.565977, 24
69.42949, 151.3553, 149.9177, 150.7757, 152.0153, 142.4852, 1.956648, 9.835553, 8.511124, 74.03164, 142.3488, 144.8675, 143.6904, 147.2463, 145.2045, 3.163536, 8.8196, 10.1357, 24
68.98145, 150.745, 149.7785, 150.3663, 151.7704, 140.5643, 2.352351, 10.00642, 9.12716, 73.98856, 141.8217, 143.5635, 142.501, 145.8059, 145.3293, 3.279665, 8.599323, 10.20035, 24
66.06601, 151.6163, 149.2679, 149.9174, 151.7995, 141.3968, 2.471639, 10.25996, 9.977523, 72.02184, 143.295, 145.1855, 142.9765, 146.8943, 143.8164, 3.020382, 9.464522, 10.40509, 24
64.80085, 151.4359, 148.1613, 149.3248, 151.6155, 141.7536, 2.196331, 10.28526, 9.903136, 72.00854, 143.4731, 144.3484, 142.1292, 145.5955, 145.109, 3.229073, 9.21484, 10.23735, 24
62.67987, 153.4095, 150.0729, 151.1553, 153.0173, 141.2721, 3.061262, 9.770887, 10.14573, 71.13506, 144.4633, 145.0607, 142.982, 146.2646, 144.2836, 2.505616, 9.750077, 10.16231, 24
66.14098, 153.24, 149.8082, 150.5324, 152.734, 140.6749, 1.957048, 10.2901, 10.41255, 68.63991, 145.369, 145.3408, 142.3401, 146.3237, 142.4457, 2.755769, 9.67839, 10.82247, 24
67.98445, 152.0077, 148.3677, 149.1532, 151.8795, 140.6751, 1.583997, 10.35719, 10.39591, 68.0369, 145.3848, 144.3902, 141.9282, 145.8878, 144.2629, 3.217837, 9.025629, 10.86037, 24
68.06768, 152.9179, 150.7172, 151.0384, 153.0006, 138.9951, 1.965729, 10.34159, 9.966499, 68.35358, 146.229, 145.2543, 142.4037, 146.6842, 144.4466, 3.065224, 8.748463, 11.22556, 24
67.29623, 153.4295, 150.4798, 150.7446, 153.002, 139.1208, 2.472747, 10.65296, 10.40346, 73.89241, 143.7151, 146.1908, 144.2791, 148.0628, 142.7699, 2.33045, 9.95959, 10.5549, 24
66.30718, 153.0468, 149.7224, 150.1185, 152.4554, 139.9335, 2.285932, 10.74503, 10.8452, 73.47874, 143.9265, 146.1074, 143.6789, 148.0012, 142.2346, 2.937716, 9.651458, 10.83587, 24
68.6921, 151.2877, 148.4064, 149.2995, 151.4942, 141.5268, 1.596181, 10.61365, 10.49505, 73.96837, 143.915, 146.0932, 143.7262, 147.9408, 142.2951, 2.913898, 9.677069, 11.02785, 24
67.67601, 152.656, 149.0983, 149.9021, 152.2448, 140.4796, 2.20096, 10.44046, 10.30189, 74.45477, 144.3036, 146.3358, 143.5383, 148.0386, 141.3797, 3.413288, 9.636536, 11.42524, 24
64.88744, 150.929, 149.7452, 150.3112, 152.4049, 140.215, 2.352434, 10.0227, 9.857739, 72.06812, 145.6158, 146.9619, 144.0372, 148.7771, 139.9716, 3.970248, 9.844146, 11.42727, 24
64.18227, 153.0998, 151.2757, 152.0032, 153.6946, 138.7091, 3.234404, 9.952579, 10.32882, 70.51557, 144.6128, 145.4165, 143.2915, 147.7146, 140.4337, 3.159696, 9.782573, 11.04717, 24
67.89166, 150.7164, 148.7683, 149.8479, 151.7641, 141.7534, 1.751113, 10.22747, 10.30832, 70.20251, 143.5176, 144.3106, 142.679, 147.1815, 141.284, 2.008571, 9.396931, 10.48819, 24
65.45445, 150.6553, 149.0067, 149.906, 151.4928, 140.9004, 2.277612, 10.20199, 9.906869, 69.1881, 143.8021, 144.2455, 142.6815, 147.3089, 141.1264, 1.902692, 9.355887, 10.217, 24
64.14577, 149.232, 146.9877, 148.3917, 150.6322, 143.7231, 1.450369, 9.928065, 9.557939, 71.05727, 143.0392, 143.8164, 143.0962, 147.3589, 141.8627, 1.626904, 9.232375, 9.912902, 24
67.41964, 148.0056, 146.0713, 147.8777, 150.1025, 146.58, 1.053877, 9.975946, 9.862785, 71.41354, 143.3544, 143.9321, 143.1084, 147.466, 141.1368, 2.489157, 8.867692, 10.03678, 24
67.49754, 147.6054, 145.6015, 147.6268, 150.0156, 145.7742, 1.170359, 9.660294, 9.455878, 70.36195, 144.198, 144.7161, 143.1226, 147.7992, 140.6931, 3.030928, 8.846999, 10.572, 24
67.10332, 147.0262, 145.2401, 147.1942, 149.7904, 148.3879, 0.8372002, 9.903355, 9.739889, 71.91566, 144.0909, 145.3022, 143.8068, 148.4054, 141.8632, 2.962071, 9.446478, 10.5308, 24
63.74692, 147.7816, 145.7014, 147.3323, 149.8941, 148.3911, 1.231465, 9.99629, 9.777284, 70.5079, 145.1224, 145.7503, 143.8435, 148.5116, 142.036, 2.864164, 9.425084, 10.42964, 24
63.37506, 148.4908, 146.7571, 148.1597, 150.6826, 145.6344, 0.8607104, 10.03797, 9.837912, 70.26145, 145.3668, 145.245, 143.0853, 148.3284, 142.3743, 3.528698, 9.196824, 10.95698, 24
62.95229, 150.7253, 149.5811, 150.4728, 152.8989, 141.5623, 1.472729, 9.818766, 10.02554, 70.04929, 144.1414, 144.2587, 142.9277, 147.6231, 143.602, 2.784529, 9.204726, 10.21328, 24
62.22577, 150.4265, 148.9187, 149.8234, 152.6585, 141.2062, 1.693619, 9.643612, 9.605803, 69.86824, 144.1701, 144.7468, 143.4453, 147.5991, 144.8876, 2.547604, 9.289841, 10.23524, 24
62.50994, 148.4346, 146.7154, 148.1171, 151.2875, 145.0067, 0.5377761, 9.669082, 9.798738, 66.91, 144.7857, 145.1083, 143.7613, 147.7655, 144.3417, 2.367942, 9.511592, 10.14536, 24
61.59141, 149.6555, 147.4669, 148.6682, 151.7916, 143.7115, 1.215953, 9.491421, 9.869681, 68.60037, 144.6859, 145.2692, 143.7185, 147.7415, 143.4548, 2.3619, 9.521053, 10.23043, 24
65.30028, 148.9495, 147.4138, 148.1608, 151.5973, 143.1042, 0.7790887, 9.590462, 10.04338, 68.91661, 144.8537, 145.2337, 143.6212, 147.8047, 142.9242, 2.694426, 9.553989, 10.41552, 24
64.33553, 146.7486, 144.122, 145.6412, 149.6612, 145.7696, 0.4673002, 9.611675, 9.778612, 68.4806, 144.9952, 145.3109, 143.5866, 147.7913, 143.2437, 2.452719, 9.700567, 10.40322, 24
60.62899, 148.6396, 146.1875, 147.1483, 150.9322, 145.1501, 0.3090104, 9.801908, 10.52263, 70.89343, 144.1272, 146.0412, 145.0576, 148.6542, 144.9382, 2.234495, 9.717113, 9.75417, 24
62.67181, 146.8422, 145.5892, 146.5714, 150.5513, 145.9772, 0.7066523, 9.439734, 10.71664, 71.2214, 142.4576, 144.6953, 144.4544, 147.9425, 146.1458, 2.815985, 9.735084, 9.113393, 24
62.79142, 146.0554, 145.5618, 147.1766, 150.3238, 146.818, 0.7343537, 9.01175, 10.74602, 70.4552, 142.6286, 144.8856, 145.6414, 148.2928, 145.7696, 3.255941, 9.198554, 8.383329, 24
64.28847, 145.5708, 145.7892, 147.0643, 150.6221, 146.8621, 0.9089214, 8.945315, 10.26533, 70.5555, 143.6154, 145.7703, 146.1087, 148.9399, 145.0119, 2.893538, 9.222408, 8.933051, 24
64.8049, 145.8208, 146.5132, 147.8525, 151.4755, 147.4649, 0.9922895, 8.906709, 10.53508, 66.24181, 143.3216, 146.4794, 146.1068, 150.7624, 146.2314, 0.884702, 9.122682, 10.88443, 24
63.83391, 145.8812, 146.2508, 147.383, 151.2373, 146.7603, 1.065878, 8.853215, 10.31265, 70.89633, 142.4315, 143.8891, 143.6394, 146.9697, 144.9215, 3.22701, 9.137166, 8.859159, 24
63.5961, 144.6016, 144.2837, 145.9783, 150.182, 148.0911, 1.236539, 8.65728, 10.19273, 69.74386, 142.7756, 144.3475, 143.816, 147.4081, 145.182, 2.831859, 8.9316, 9.500694, 24
62.81825, 143.6901, 142.9331, 144.9647, 149.0271, 148.1846, 1.736523, 8.688917, 10.20321, 67.21709, 144.0779, 145.3901, 144.5518, 148.4405, 144.3858, 2.593066, 9.076731, 9.915977, 24
61.44353, 145.0522, 143.9193, 145.8049, 149.774, 149.4203, 2.308086, 9.20368, 10.67123, 62.51445, 146.5965, 147.2243, 144.6215, 148.4318, 146.0974, 2.677665, 8.381081, 10.56461, 24
61.41344, 145.2341, 144.2988, 146.0268, 150.1085, 149.285, 2.282333, 9.154484, 10.84887, 64.15116, 145.7473, 145.0645, 142.4062, 145.4457, 146.8381, 2.957904, 8.459697, 9.684624, 24
60.65023, 145.7192, 144.531, 146.3213, 150.267, 148.9783, 2.053093, 9.018464, 10.7128, 65.81715, 144.7472, 145.2351, 143.9033, 147.6837, 143.9163, 2.84152, 9.108325, 9.557959, 24
60.73919, 144.6938, 144.4887, 146.1467, 150.4278, 149.0797, 2.043922, 8.927464, 10.21925, 65.94971, 144.6503, 146.4115, 145.2275, 149.3071, 143.5955, 2.82272, 9.242757, 10.06036, 24
60.78258, 144.5726, 145.1591, 146.2278, 150.9401, 148.4848, 2.313761, 8.618966, 10.048, 62.92178, 143.8965, 146.8626, 143.1906, 145.5102, 150.0979, 3.188684, 8.120183, 9.278007, 24
57.72811, 144.9385, 146.2557, 146.8363, 151.6409, 148.4567, 2.097138, 8.218551, 9.371546, 59.74966, 143.5334, 147.0113, 144.2737, 146.8991, 150.4036, 2.41557, 8.124098, 9.225114, 24
56.57494, 146.4893, 148.258, 147.8904, 152.5215, 147.376, 2.307323, 8.325721, 9.229075, 59.6796, 144.0365, 146.5961, 143.5795, 146.8472, 151.3866, 2.457343, 8.29827, 9.583778, 24
55.1594, 146.624, 147.407, 146.7954, 151.8056, 148.6816, 2.300016, 8.544816, 8.876328, 57.59407, 143.8066, 146.628, 143.7269, 146.6689, 151.7419, 2.73638, 8.506669, 9.999654, 24
52.68198, 145.7249, 145.4931, 145.7389, 150.6528, 149.8864, 2.109699, 8.655873, 8.062096, 54.15208, 143.146, 146.0835, 142.9823, 146.015, 152.7315, 3.316292, 8.797477, 11.16872, 24
46.11836, 145.5407, 145.3522, 146.0921, 151.1534, 149.753, 1.612648, 8.506462, 8.288279, 50.72283, 142.5653, 145.2126, 142.5541, 145.7591, 153.8514, 3.6313, 8.971743, 11.9866, 24
41.2458, 146.6081, 145.974, 147.03, 151.6485, 147.8452, 0.4609765, 8.538999, 8.393841, 38.35725, 136.4616, 142.4696, 143.2242, 147.2992, 143.8171, 1.967321, 8.713681, 9.356623, 24
43.15045, 148.9022, 147.206, 147.8074, 152.0817, 148.3035, 0.8494975, 8.559972, 8.076619, 40.89071, 139.8067, 142.4276, 142.4115, 145.5581, 151.991, 2.774035, 8.331474, 12.20264, 24
43.97926, 148.1308, 146.2288, 147.0336, 151.7618, 149.138, 0.7850935, 8.597222, 8.250549, 40.30867, 139.2295, 141.7525, 140.9128, 144.7023, 150.076, 2.220701, 7.952409, 12.66746, 24
42.4423, 148.1753, 146.7965, 147.4547, 152.0173, 148.5027, 0.5851721, 8.638019, 8.134363, 41.82162, 140.2509, 142.6152, 141.4055, 145.0765, 151.7986, 2.641973, 8.400482, 12.8423, 24
42.59563, 148.0414, 146.7042, 147.4172, 151.9266, 148.065, 0.4957456, 8.48237, 8.242239, 41.12694, 139.2426, 141.599, 140.6795, 144.0741, 153.6203, 2.497008, 8.82539, 12.7519, 24
41.98514, 148.8471, 146.6105, 147.3335, 151.7486, 148.3583, 0.6783969, 8.505329, 8.163948, 39.16269, 139.1387, 142.0244, 141.8089, 145.4218, 149.0233, 1.878573, 7.83, 12.23321, 24
42.86235, 148.3979, 145.8869, 146.5653, 151.2663, 148.9419, 0.4111691, 8.397348, 8.128133, 39.7736, 139.1884, 141.984, 141.591, 145.2296, 149.9367, 1.99007, 8.279082, 12.71907, 24
42.57621, 148.5645, 145.9063, 146.5768, 151.3175, 148.5543, 0.2646699, 8.331898, 8.136703, 39.4558, 139.5397, 142.9589, 142.0517, 146.2007, 150.6875, 1.313284, 8.260111, 13.6169, 24
43.29354, 148.5376, 146.0191, 146.695, 151.2837, 148.3238, 0.3494263, 8.289108, 8.120908, 38.68907, 139.1508, 142.6295, 141.4782, 145.5194, 151.2247, 1.20301, 8.145338, 13.99254, 24
42.71945, 149.2441, 146.3848, 146.8429, 151.447, 148.5744, 0.5730077, 8.323031, 8.189903, 39.1488, 140.3908, 142.74, 142.3684, 146.2594, 151.0499, 1.161632, 7.831229, 13.22126, 24
43.20485, 149.4625, 146.4205, 146.8916, 151.458, 148.3931, 0.5500081, 8.304987, 8.148397, 37.52856, 140.1743, 142.9571, 142.7776, 146.6265, 150.077, 1.525083, 8.096236, 13.20503, 24
42.79753, 149.3141, 146.2477, 146.715, 151.3004, 148.6446, 0.4865827, 8.279769, 8.173394, 37.74047, 139.4066, 142.3638, 142.0757, 146.0791, 150.1846, 0.9429458, 7.994214, 13.08766, 24
44.3107, 148.6001, 146.1611, 146.5017, 151.0041, 148.6238, 0.4238235, 8.1793, 8.063678, 37.04697, 138.8531, 141.7845, 141.5599, 145.38, 151.1847, 0.7209076, 7.952754, 13.17718, 24
43.68926, 147.6391, 145.4089, 145.778, 150.3943, 149.3059, 0.6045791, 8.342896, 8.128448, 37.14366, 139.334, 142.5382, 142.17, 145.7586, 151.954, 1.897026, 8.296732, 13.55858, 24
44.16846, 148.8553, 146.0807, 146.4793, 151.1146, 148.4959, 0.1370561, 8.3834, 8.358628, 38.7043, 141.4045, 143.2699, 143.1629, 146.7424, 152.7291, 2.460447, 8.694364, 13.79358, 24
42.15481, 149.8049, 146.6998, 146.9698, 151.5973, 148.8064, 0.5584812, 8.524266, 8.301606, 35.9562, 138.0859, 141.3704, 141.1116, 144.3649, 152.6957, 0.8268522, 7.979343, 14.09455, 24
42.73441, 149.6049, 145.9867, 146.1919, 150.6387, 149.5905, 0.5135812, 8.437755, 7.958257, 37.76122, 137.9793, 141.0442, 140.0426, 142.7831, 152.433, 0.6909716, 7.805999, 14.83929, 24
42.21774, 150.5463, 146.4297, 146.6304, 150.784, 148.7481, 0.4370072, 8.335927, 8.02424, 37.95847, 139.0804, 141.3355, 140.3536, 143.1245, 152.4772, 0.6000308, 7.630492, 14.56279, 24
42.28216, 149.4883, 146.0121, 146.1466, 150.9862, 148.8027, 0.2036718, 8.622293, 8.191319, 38.3861, 139.2536, 141.2048, 140.4612, 143.7112, 150.9501, 1.145859, 7.660013, 13.38654, 24
44.34049, 147.5715, 145.1151, 145.6388, 150.3146, 149.0069, 0.7388695, 8.434077, 8.2104, 39.32727, 140.3569, 142.1519, 142.1276, 146.1704, 150.3973, 1.115749, 7.568282, 12.05462, 24
44.54843, 147.7232, 145.6881, 146.4079, 151.0282, 148.7088, 0.4656222, 8.613929, 8.316211, 39.13664, 139.483, 142.1533, 142.2817, 146.5089, 151.5556, 1.50285, 8.003882, 11.91266, 24
47.58334, 145.647, 145.8118, 146.6459, 150.9844, 148.5405, 1.21402, 8.940637, 8.23373, 43.80836, 134.4884, 140.6783, 142.2102, 146.9884, 144.0327, 1.616889, 8.32105, 7.175725, 24
48.55495, 145.2213, 144.8876, 145.95, 150.3589, 148.9716, 0.8067285, 8.819377, 7.91899, 46.75494, 134.6737, 141.0252, 142.6592, 146.4607, 142.9695, 1.049038, 8.39115, 7.648757, 24
49.00139, 144.5187, 144.7458, 146.0932, 150.4154, 148.4642, 0.7551106, 8.832799, 8.237497, 48.98574, 135.7313, 142.049, 143.3327, 147.5878, 144.1281, 0.9242921, 8.346638, 7.670484, 24
48.92969, 144.5059, 145.4922, 146.4533, 150.4586, 148.0293, 1.020675, 9.047198, 8.165992, 45.86512, 135.895, 142.2751, 143.2395, 147.1411, 143.3928, 1.706971, 8.528851, 8.469372, 24
46.92903, 145.3083, 145.0155, 145.2922, 150.6814, 149.146, 1.893102, 8.864901, 8.666056, 47.81962, 138.1224, 141.767, 141.5752, 145.0724, 151.757, 1.847056, 8.700597, 10.98417, 24
44.49889, 147.5129, 144.8631, 144.6867, 150.1163, 150.9459, 2.202115, 8.43715, 9.159677, 37.96799, 139.7245, 141.973, 142.6503, 146.7784, 152.595, 1.922543, 7.96521, 11.80665, 24
43.49011, 147.5623, 144.5361, 143.8313, 149.2445, 151.3648, 2.261486, 8.700575, 9.74447, 39.78445, 140.6489, 142.5495, 143.1741, 146.814, 150.8953, 1.7463, 7.639462, 10.93666, 24
43.71643, 146.9468, 143.9604, 143.1978, 148.0815, 151.6599, 2.453038, 8.698023, 9.54489, 40.14619, 140.534, 141.5058, 142.5605, 146.2234, 152.8898, 0.7838463, 7.737205, 10.80653, 24
43.1929, 147.5653, 144.4144, 143.9185, 149.0826, 151.8021, 2.332045, 8.445873, 9.515786, 38.44902, 139.8203, 141.1456, 142.0822, 145.7525, 152.7818, 0.9206861, 7.85033, 11.34757, 24
43.43351, 147.5889, 145.4848, 144.9381, 150.6113, 150.0444, 1.682141, 8.264982, 9.697264, 39.93305, 141.2, 143.1731, 144.2554, 147.9542, 151.5166, 1.713151, 7.694905, 11.02653, 24
43.11126, 147.2023, 144.4552, 144.1579, 150.0659, 151.5013, 2.125136, 8.263367, 9.656528, 41.20899, 140.0826, 142.5303, 143.2162, 147.1459, 152.2397, 2.017418, 8.199679, 11.12698, 24
45.41326, 145.9924, 143.8654, 143.8533, 149.1226, 150.975, 1.965729, 8.244144, 9.014498, 40.86197, 140.6264, 142.3619, 143.5538, 147.2323, 152.2739, 1.724309, 8.147289, 10.53405, 24
45.48543, 145.7044, 143.5996, 143.5713, 149.2234, 149.5228, 1.947725, 8.158223, 9.096732, 41.30272, 139.873, 141.4209, 142.2087, 146.0991, 152.7562, 1.221252, 8.159113, 10.83273, 24
46.91534, 146.5034, 144.8544, 144.4523, 149.7584, 148.4278, 1.738325, 8.307115, 9.320381, 41.77888, 138.7034, 141.3825, 141.8178, 145.3207, 153.3086, 0.83063, 8.222777, 11.30874, 24
44.1529, 147.7085, 144.8995, 144.316, 149.0135, 150.549, 2.312746, 8.286004, 9.281481, 38.40306, 138.7077, 141.5954, 142.1845, 145.6684, 153.7195, 1.289071, 8.462436, 11.62734, 24
44.54966, 148.6641, 145.7558, 145.1197, 150.1325, 149.4627, 1.427933, 8.263485, 9.471954, 40.38058, 139.202, 141.6396, 142.3283, 146.2469, 153.7475, 1.325889, 8.540954, 11.79189, 24
43.46465, 149.5458, 145.6962, 145.0522, 149.8575, 150.545, 1.616042, 8.402305, 9.632699, 39.01066, 136.9203, 140.5168, 141.21, 145.2067, 154.2784, 0.4063823, 8.461229, 11.76723, 24
43.15549, 148.3852, 145.1876, 144.4959, 149.0747, 151.0769, 1.673627, 8.418695, 9.554502, 41.63913, 138.6109, 141.0165, 141.597, 145.2188, 154.2701, 0.3045456, 8.03866, 11.16123, 24
42.28725, 147.8992, 144.7175, 144.4049, 149.2041, 152.2465, 1.847056, 8.400762, 9.851295, 40.95656, 139.7233, 142.0325, 142.7054, 145.8953, 153.779, 0.719005, 8.29524, 11.28856, 24
48.73277, 148.1962, 145.8933, 144.4024, 149.7296, 151.9857, 1.984654, 7.992912, 10.46704, 57.51659, 139.4814, 143.5042, 142.0508, 145.4208, 154.8949, 1.532507, 8.482023, 9.648524, 24
49.08139, 149.6142, 147.0641, 145.6196, 150.9071, 151.4408, 0.8800449, 7.192629, 11.66361, 61.64866, 137.7016, 142.9374, 140.9319, 144.2679, 153.1722, 4.280204, 7.868986, 9.016743, 24
48.19012, 150.7986, 148.0689, 146.5304, 151.2821, 151.4087, 0.7674484, 7.405097, 11.06126, 62.93167, 137.5581, 142.2565, 141.0655, 144.7039, 154.1347, 5.157765, 7.396162, 8.949377, 24
49.46602, 150.0398, 148.2905, 146.996, 151.5745, 149.7758, 0.499677, 7.550604, 10.61891, 63.30809, 137.2233, 142.0509, 140.5099, 144.6466, 154.595, 5.498967, 7.583565, 9.408344, 24
49.27934, 150.0593, 149.621, 148.433, 153.0894, 148.1448, 0.3039024, 7.686101, 10.84005, 64.09585, 138.0264, 142.0367, 140.8099, 145.3889, 153.989, 5.246056, 7.168012, 9.046959, 24
50.16872, 152.5862, 149.3048, 148.2752, 151.6373, 150.4265, 0.05233916, 7.902887, 10.30798, 64.05325, 140.031, 142.5301, 142.0995, 145.7498, 153.2906, 4.213752, 7.488389, 9.903514, 24
49.58669, 151.9283, 148.8624, 148.4047, 151.9149, 150.8243, 0.382573, 7.900725, 10.37174, 64.36275, 136.507, 141.1555, 140.5381, 144.1588, 155.0106, 5.465616, 8.000646, 10.88175, 24
49.85833, 151.6618, 148.7562, 148.0875, 151.6662, 151.2457, 0.5699261, 7.942084, 10.3267, 66.25745, 135.5702, 141.4462, 140.7287, 144.1228, 154.5128, 5.904915, 8.584395, 10.71142, 24
48.18033, 153.5404, 150.0427, 147.5885, 150.8414, 151.03, 0.649214, 8.234303, 10.26427, 65.70792, 135.8503, 141.9603, 140.9618, 144.7132, 154.0063, 5.504488, 8.002559, 10.20706, 24
43.26989, 153.6566, 148.1041, 147.5173, 149.4404, 154.5424, 1.742374, 7.044921, 10.58128, 58.31655, 135.0085, 140.557, 139.9316, 143.6996, 153.4828, 5.801269, 7.650142, 9.808787, 24
42.5461, 153.588, 147.681, 147.5948, 148.2525, 152.482, 3.51942, 7.172608, 11.19862, 53.02726, 137.6222, 142.4012, 141.4899, 144.1481, 155.0927, 2.779392, 7.562212, 9.768513, 24
44.32621, 149.9714, 146.7226, 146.6062, 148.122, 153.1755, 1.84005, 7.271247, 9.976124, 51.07393, 136.6502, 142.4437, 141.3274, 143.9132, 155.7752, 2.914636, 7.689624, 10.04113, 24
43.18574, 148.0768, 146.8737, 146.8703, 149.122, 153.8785, 1.249135, 7.114223, 10.01899, 48.90084, 135.2931, 142.0236, 141.5436, 144.8975, 155.4555, 4.809701, 7.76799, 9.39691, 24
44.36315, 147.6928, 146.4532, 147.1504, 150.2605, 150.019, 3.323428, 7.547459, 8.597588, 43.50766, 138.4121, 142.1989, 142.8178, 145.6996, 157.0477, 2.421639, 7.503677, 9.28455, 24
43.02598, 149.0743, 147.6425, 148.4205, 151.5232, 148.4317, 2.421558, 7.761342, 9.281205, 44.68507, 139.3608, 142.952, 143.3177, 146.0135, 156.7135, 2.136433, 7.582556, 9.533886, 24
41.94267, 154.1609, 148.3057, 148.1749, 150.5658, 151.8222, 2.300101, 7.480498, 11.81728, 50.33287, 139.2264, 144.2303, 143.8869, 146.5347, 156.9976, 3.159882, 7.140123, 8.27251, 24
40.24584, 153.1913, 148.1755, 147.4784, 150.4676, 153.0672, 3.320717, 6.7991, 11.67565, 56.13656, 140.1255, 144.5028, 143.8004, 146.3223, 152.9043, 4.423857, 6.094967, 7.492241, 24
41.92443, 152.2654, 149.4614, 148.7077, 151.5423, 151.892, 2.152678, 6.946277, 11.48837, 54.77092, 142.626, 146.3145, 145.1077, 146.3964, 152.5721, 2.495675, 6.493892, 7.716707, 24
40.85851, 154.1409, 152.8641, 151.2676, 153.6778, 148.0285, 3.741044, 7.193284, 10.44502, 54.31365, 142.2132, 145.7551, 144.9355, 146.8615, 153.3016, 2.372154, 6.802244, 7.911328, 24
42.42996, 152.7592, 150.8052, 150.192, 152.7493, 150.345, 2.494184, 7.39709, 10.46279, 55.13188, 138.0772, 143.3519, 142.6679, 145.9474, 153.8859, 4.37663, 7.702859, 8.891564, 24
42.84384, 152.5338, 147.7797, 148.1262, 150.4732, 152.3976, 1.93472, 7.141964, 11.20505, 55.62405, 142.3949, 145.8734, 144.4918, 146.9234, 153.2606, 2.421235, 7.07432, 8.189689, 24
42.40304, 153.1926, 146.4696, 147.552, 149.7113, 152.7309, 1.968614, 6.844297, 11.70649, 55.66954, 143.9876, 146.9534, 145.5902, 147.4666, 151.6927, 0.838368, 7.28548, 8.048032, 24
42.50655, 153.0372, 147.1079, 147.901, 149.9725, 152.7196, 1.942795, 7.032464, 11.27143, 54.46717, 142.8163, 146.3534, 145.029, 147.1743, 152.9632, 1.201219, 7.51541, 8.415569, 24
42.0256, 151.3317, 145.9726, 146.8424, 148.8354, 154.8965, 0.7818466, 7.003647, 11.06995, 53.07653, 143.1243, 146.3283, 145.1622, 147.0827, 153.2231, 1.170861, 7.641826, 8.553546, 24
42.28647, 151.8635, 148.4829, 148.2654, 150.1476, 152.2087, 1.583132, 7.258798, 11.0456, 52.97126, 141.6674, 145.058, 144.2462, 146.7275, 154.2546, 2.015962, 7.65973, 8.396741, 24
42.56747, 153.5672, 149.9843, 149.5052, 151.4417, 150.4167, 2.222816, 7.286989, 10.46775, 54.12193, 141.0259, 144.3464, 143.3942, 146.394, 153.6408, 2.540449, 7.772511, 8.604095, 24
42.0876, 153.7942, 150.6294, 150.0493, 151.8939, 150.4973, 2.754277, 6.939326, 10.46589, 57.80127, 141.9018, 145.3937, 143.708, 146.2307, 153.1689, 2.981831, 7.933973, 8.666962, 24
41.54732, 153.929, 152.4361, 151.4732, 153.5095, 148.6265, 3.222153, 7.108567, 10.21504, 55.02824, 144.3075, 145.6193, 144.6196, 146.7916, 151.9817, 1.797874, 7.576445, 8.01555, 24
40.82168, 155.175, 153.0883, 152.4195, 154.2877, 147.4216, 3.438605, 7.011652, 10.12607, 55.00495, 143.7918, 146.5211, 145.0093, 147.2432, 153.1135, 1.520585, 7.771627, 8.023138, 24
41.28491, 157.8416, 154.8306, 153.5159, 154.7716, 145.5756, 4.153694, 7.309838, 9.741666, 54.65981, 143.7076, 146.6385, 144.8512, 146.8734, 153.1093, 1.19763, 7.90388, 8.380565, 24
41.45779, 158.0437, 154.3701, 153.068, 154.1395, 145.5209, 4.382131, 7.341336, 9.798057, 54.94852, 144.2802, 147.2731, 145.6558, 147.5745, 152.1425, 1.416236, 7.483356, 8.592903, 24
41.91226, 158.3628, 155.0016, 153.6572, 154.6895, 143.7366, 4.617746, 7.487839, 9.799622, 55.39883, 145.9728, 148.2601, 146.6479, 148.2556, 150.7694, 0.301316, 7.092903, 8.408449, 24
41.36428, 159.742, 155.2666, 153.8169, 154.7063, 142.6608, 4.712849, 7.687888, 9.807904, 56.7482, 142.4857, 145.8377, 144.5576, 147.0513, 153.1524, 2.510064, 7.096635, 8.533293, 24
41.8272, 158.3939, 154.3881, 153.5019, 154.5296, 145.19, 3.595156, 7.335186, 9.858836, 55.04385, 143.8163, 146.4054, 144.5935, 146.8055, 153.7763, 1.477505, 7.637562, 8.510547, 24
42.30552, 152.4151, 150.0103, 149.8938, 151.2682, 153.1395, 2.427935, 6.288495, 10.59429, 55.47923, 146.7731, 148.4406, 147.0724, 148.3329, 149.5941, 0.166689, 6.99866, 7.553929, 24
42.8211, 152.2906, 150.1752, 150.178, 151.6464, 151.9052, 2.410053, 6.310033, 10.50688, 56.56136, 146.0005, 148.9181, 146.9786, 148.7817, 150.8195, 0.6255756, 7.414206, 7.985688, 24
41.71583, 154.8503, 151.2044, 151.0469, 153.2396, 149.6769, 4.309708, 6.399971, 10.63958, 55.23925, 146.3531, 148.5916, 147.3579, 148.8143, 150.298, 0.5478694, 7.135094, 7.840598, 24
42.6887, 154.7367, 148.9492, 149.1326, 151.3787, 150.0855, 3.646098, 6.377043, 11.00394, 56.33702, 145.5023, 147.2668, 145.8054, 147.687, 151.1469, 0.7047113, 7.52616, 8.093836, 24
41.0125, 152.7401, 149.9599, 149.9655, 152.3305, 149.6651, 3.510396, 6.664768, 10.79576, 55.45094, 145.9533, 148.0391, 146.5225, 148.0038, 151.1126, 0.5203939, 7.388331, 7.907629, 24
42.25186, 153.0008, 149.7339, 150.1675, 152.6074, 149.0582, 3.390093, 6.688853, 10.86334, 54.84772, 148.4122, 149.04, 147.931, 148.8729, 148.3605, 0.670272, 7.189656, 7.858876, 24
42.0694, 153.8919, 150.2632, 150.5393, 152.7027, 149.1597, 3.180877, 6.7666, 10.94498, 55.54676, 147.6806, 148.3566, 147.2984, 148.6735, 149.2729, 0.9198355, 7.444157, 8.102199, 24
43.61961, 152.3492, 148.9268, 149.3126, 151.4648, 151.2608, 2.04794, 6.789719, 10.81381, 56.35668, 145.2727, 147.2457, 145.5859, 147.7509, 151.472, 0.7740492, 7.682551, 8.28463, 24
44.76897, 152.9526, 149.0504, 149.3707, 151.432, 150.5778, 2.458219, 6.760394, 10.8119, 56.60965, 145.5756, 147.5269, 146.1662, 148.3136, 151.2932, 0.9835745, 7.533144, 7.543375, 24
41.82324, 152.6991, 149.2034, 149.3042, 151.4279, 151.6967, 2.968342, 6.514664, 10.67531, 56.04948, 146.9749, 148.0245, 146.5628, 147.9812, 149.7246, 0.5535543, 7.342939, 7.715435, 24
40.9214, 152.4579, 148.7547, 149.1647, 151.7162, 151.7005, 4.131569, 6.293792, 10.853, 55.41357, 148.441, 148.9907, 147.3561, 148.433, 147.8725, 1.197956, 7.238363, 7.924268, 24
43.47051, 154.193, 149.0946, 149.3994, 151.4029, 150.8421, 3.081657, 6.629896, 10.50792, 55.67799, 146.4736, 148.387, 146.564, 148.1163, 150.5688, 1.127785, 7.431019, 7.835714, 24
41.07647, 154.2991, 149.0741, 149.4654, 151.4935, 151.6121, 3.737326, 6.307858, 10.55115, 55.02079, 146.459, 147.9673, 146.6295, 148.2265, 150.9191, 0.6957692, 7.59471, 8.137403, 24
40.5134, 152.2185, 148.4244, 148.9943, 150.8572, 152.6001, 3.353279, 6.293855, 10.43496, 54.5247, 147.625, 148.4576, 146.8322, 148.2841, 150.2747, 0.5446455, 7.672837, 8.249098, 24
40.20846, 154.6043, 149.4809, 150.3172, 152.1453, 150.5065, 3.907757, 6.612748, 10.42983, 53.42533, 145.8855, 147.6092, 146.1835, 148.0602, 152.1949, 1.048852, 7.773319, 8.285507, 24
38.97787, 156.1514, 150.868, 151.3684, 153.4538, 149.5364, 4.731972, 6.782638, 10.5679, 53.40735, 146.5165, 148.1075, 146.6902, 148.4366, 151.1244, 0.9080598, 7.437987, 8.032798, 24
39.44423, 156.674, 150.4876, 150.9426, 153.0067, 149.8752, 4.750689, 6.622586, 10.47277, 53.41111, 147.0953, 148.1172, 146.7353, 148.2322, 150.6207, 0.928938, 7.563484, 8.11007, 24
39.82541, 158.2642, 150.2182, 150.8413, 152.8151, 150.1223, 5.085692, 6.467568, 9.997077, 54.47226, 149.1663, 149.4165, 147.5747, 148.8941, 148.1582, 1.137804, 7.44081, 7.967058, 24
41.44545, 157.814, 149.3066, 150.1364, 152.1926, 151.5643, 4.487684, 6.705048, 10.03311, 54.72304, 145.9559, 146.5867, 145.1875, 147.1799, 152.8567, 0.5105241, 7.680482, 7.890159, 24
42.54681, 157.1244, 150.329, 150.7163, 152.1767, 149.8737, 4.08279, 6.530598, 9.603552, 56.16737, 146.4422, 147.5118, 145.7533, 147.4323, 151.6828, 0.5297108, 8.131248, 8.050155, 24
46.13765, 159.1049, 153.6535, 152.4839, 153.4841, 147.2798, 4.451355, 6.738222, 9.688745, 57.82635, 147.9581, 148.2107, 146.748, 148.0485, 148.3809, 0.9737772, 7.443815, 8.083714, 24
48.78731, 153.1115, 150.6784, 151.7975, 154.2182, 146.9411, 1.560598, 8.116386, 9.72969, 60.23466, 146.8015, 146.1382, 145.0758, 146.8478, 151.3563, 0.7564052, 7.936991, 8.81686, 24
51.47173, 152.0255, 149.7434, 151.0067, 153.5623, 146.0396, 1.202684, 8.491835, 10.08288, 63.50824, 145.1535, 143.7426, 142.8055, 145.3586, 150.4546, 1.528415, 8.118418, 8.853192, 24
53.30032, 150.1201, 149.1066, 150.3615, 152.7193, 146.4896, 0.6202354, 8.632765, 9.65439, 64.53792, 144.6086, 143.5155, 142.5652, 145.0636, 149.7942, 1.697313, 8.098951, 8.725058, 24
51.43575, 151.0415, 150.6631, 151.8974, 154.1516, 144.67, 0.9433607, 8.815791, 9.711405, 65.49572, 143.3515, 143.5275, 143.4738, 146.2564, 149.8195, 2.294734, 7.815122, 8.572605, 24
53.19589, 148.4012, 148.8911, 150.0415, 152.7734, 146.0652, 0.315279, 8.979382, 9.581213, 65.48412, 144.3941, 144.4961, 143.5587, 146.2051, 148.8504, 1.718739, 7.564081, 8.661203, 24
50.12267, 150.9153, 149.0347, 150.1927, 152.7623, 146.4307, 0.800886, 8.615616, 10.15832, 64.86353, 142.7703, 144.8266, 143.911, 146.3263, 149.4452, 1.22029, 7.372646, 7.865891, 24
46.34492, 154.0648, 148.7776, 149.7377, 152.0137, 145.8773, 2.623908, 8.518205, 9.565628, 63.54393, 145.6517, 144.6911, 143.1951, 145.5162, 148.4467, 0.5712977, 7.775919, 8.992326, 24
48.92344, 154.1695, 148.4673, 149.5197, 152.2504, 145.0299, 2.77897, 8.921827, 9.77646, 62.30259, 145.0923, 145.0602, 143.693, 145.9612, 148.5527, 0.5801346, 7.633346, 8.453799, 24
62.62677, 144.1566, 142.4631, 144.4673, 148.4088, 148.1725, 2.042006, 9.9266, 11.88972, 63.23682, 145.6576, 145.5098, 143.5909, 145.8605, 148.609, 1.195667, 8.202648, 9.242055, 24
59.88427, 146.7882, 143.7725, 145.0176, 148.912, 147.1158, 0.605226, 9.774127, 10.49593, 65.7247, 143.3922, 142.6478, 142.4927, 146.4361, 148.2972, 2.623833, 8.611123, 9.234015, 24
57.35356, 148.3208, 144.9012, 146.1973, 149.4905, 145.9795, 0.6815624, 9.469816, 10.7219, 64.87794, 144.9134, 144.1366, 143.328, 146.9346, 146.4084, 1.834297, 8.660501, 9.023473, 24
57.50362, 147.2014, 144.9144, 146.425, 150.0303, 145.5188, 0.8652453, 8.85246, 9.767687, 63.28175, 145.2012, 144.4299, 142.8553, 145.656, 148.1026, 0.2825486, 7.69771, 8.615433, 24
54.72583, 148.7698, 147.745, 149.3255, 152.2901, 143.9862, 1.218686, 8.895718, 9.528462, 62.96511, 143.1463, 144.1494, 143.6967, 146.5781, 147.6128, 0.7072059, 7.01786, 7.825587, 24
53.76423, 148.1964, 147.1945, 148.8821, 151.6842, 144.4945, 0.8831524, 8.672853, 9.399942, 62.94178, 142.7814, 143.5854, 143.4081, 145.8919, 148.055, 0.9410762, 6.751075, 7.321746, 24
56.72293, 147.2415, 146.8149, 148.7142, 151.364, 143.9591, 1.354508, 8.792162, 9.607317, 61.39501, 145.4364, 145.5365, 144.7043, 147.2199, 143.5069, 1.156737, 6.91018, 7.477927, 24
58.01435, 146.4195, 147.2573, 148.9441, 151.8254, 143.0651, 0.8559229, 9.116994, 9.45301, 61.1468, 144.629, 145.8187, 145.0124, 147.9929, 143.6335, 0.6236961, 7.065081, 7.681836, 24
52.37551, 149.1745, 148.748, 150.194, 152.6872, 143.4579, 1.0201, 8.72159, 9.64616, 62.31536, 143.7889, 144.2937, 143.8653, 146.3416, 146.4308, 0.5757331, 6.742878, 7.241452, 24
54.15652, 149.0656, 148.8622, 149.9392, 152.4612, 142.9385, 0.6968932, 8.801228, 9.530214, 61.10363, 144.3641, 144.9996, 144.5476, 146.6629, 146.533, 0.4182466, 6.770019, 7.085126, 24
53.61131, 148.9686, 148.9385, 149.9576, 152.4334, 143.8091, 0.9015719, 8.688736, 9.773422, 60.60208, 145.2116, 145.6355, 145.1086, 147.0448, 146.2142, 0.430693, 6.862928, 7.137843, 24
53.15506, 149.2124, 149.2333, 150.4383, 152.9891, 143.5789, 0.8784871, 8.764189, 9.744995, 61.16373, 142.4114, 143.8767, 144.0853, 146.3141, 147.3706, 0.7535542, 6.61426, 6.425776, 24
54.41317, 147.3087, 148.308, 149.6616, 152.7897, 144.7592, 0.7865875, 8.785501, 10.33622, 63.56245, 140.2372, 142.2801, 142.9919, 145.4247, 147.6696, 1.515557, 6.406921, 6.288401, 24
52.49067, 148.1215, 148.9325, 150.2406, 153.2361, 145.3065, 0.9208986, 8.455332, 9.91782, 62.7928, 142.1481, 143.9896, 144.2101, 146.5515, 145.9731, 0.872228, 6.618617, 6.623978, 24
52.10832, 149.2757, 149.5352, 150.7146, 153.4769, 144.7101, 1.338376, 8.288208, 9.788138, 62.33151, 141.0509, 144.3103, 145.2539, 147.4668, 144.5963, 0.6006827, 6.76225, 6.248679, 24
53.23132, 146.8114, 147.6189, 149.0198, 152.6446, 146.336, 0.7311491, 8.577323, 10.66323, 62.43742, 142.2353, 144.4883, 145.1639, 147.2825, 146.221, 0.9223848, 6.618173, 6.400797, 24
52.2671, 147.9719, 148.1518, 149.4902, 152.7792, 145.8564, 0.783097, 8.418905, 10.64703, 62.15349, 145.0029, 145.8203, 145.4231, 147.0695, 145.8185, 0.9306217, 6.677996, 7.217734, 24
51.28431, 149.9997, 149.0427, 150.094, 152.8276, 145.8463, 1.147736, 8.280766, 10.04612, 62.07684, 144.7662, 145.6653, 145.378, 146.923, 146.2903, 0.9377434, 6.723683, 7.037232, 24
51.20496, 150.6179, 149.5278, 150.6222, 153.2064, 145.2785, 1.391423, 8.257423, 10.08491, 62.51625, 143.5567, 144.9079, 144.7178, 146.362, 147.3986, 1.192061, 6.702824, 7.031292, 24
51.41196, 149.5461, 148.6054, 149.8091, 152.7545, 146.3005, 0.9522384, 8.243026, 10.23529, 62.41524, 143.8874, 145.1735, 144.9304, 146.2971, 146.941, 1.267177, 6.833169, 7.02814, 24
50.1563, 150.7022, 149.491, 150.3886, 153.1517, 146.0826, 1.194849, 8.212073, 10.12014, 61.05746, 145.4862, 146.2863, 146.0331, 147.2592, 146.5834, 1.098783, 6.894607, 7.059219, 24
50.44022, 150.4316, 149.2181, 150.2413, 153.084, 146.3415, 1.077018, 8.225523, 10.2222, 60.96818, 145.5321, 146.4659, 146.2296, 147.3899, 146.8942, 1.032493, 6.863956, 7.119625, 24
52.07172, 148.7588, 148.0831, 149.3469, 152.4018, 146.8598, 0.9765864, 8.250144, 10.28377, 60.81508, 145.4485, 146.5703, 146.3393, 147.7942, 146.9532, 1.180349, 6.935594, 7.158864, 24
50.98703, 149.7048, 149.2907, 150.3322, 153.0389, 146.257, 1.228601, 8.397535, 10.2548, 62.50974, 142.7052, 144.5253, 144.952, 146.6401, 147.9477, 0.8954742, 6.749767, 6.620543, 24
51.28839, 149.2901, 149.1201, 150.1629, 153.0188, 146.0134, 1.213053, 8.443223, 10.44676, 63.61589, 142.634, 144.4904, 144.7802, 146.2232, 148.3215, 1.374016, 6.785558, 6.777807, 24
52.20698, 149.3436, 149.1165, 150.2372, 153.167, 145.8487, 1.47419, 8.488088, 10.88029, 62.82395, 142.6143, 144.5464, 144.7174, 146.1565, 148.7805, 1.510124, 6.7245, 6.720006, 24
51.87122, 149.9205, 149.3171, 150.3962, 153.2561, 145.9264, 1.30731, 8.677765, 10.90548, 62.10063, 143.1203, 144.8856, 144.8626, 146.3692, 148.5105, 1.409449, 6.767875, 6.888203, 24
51.65419, 149.3373, 148.1758, 149.3843, 152.4272, 146.4702, 0.7129927, 8.826747, 10.55931, 62.08664, 143.0265, 144.4966, 144.6615, 146.0273, 148.5033, 1.206583, 6.611621, 6.657142, 24
51.98957, 148.0381, 147.6499, 149.0039, 152.2077, 146.4834, 1.179022, 8.479546, 10.81381, 63.04105, 142.1444, 144.4257, 144.8029, 146.5309, 148.261, 1.550786, 6.667063, 6.647561, 24
54.35353, 146.5386, 146.6216, 148.1805, 151.608, 146.8447, 1.058139, 8.720126, 10.85061, 62.33593, 144.0525, 144.8405, 144.5351, 146.2958, 148.8177, 1.553686, 6.823317, 7.139052, 24
55.38275, 146.3536, 146.9807, 148.6094, 151.8307, 145.9063, 0.858434, 9.027761, 10.68124, 63.17652, 143.4549, 144.6972, 144.4711, 146.0298, 148.3259, 1.71646, 6.748837, 6.925745, 24
52.34858, 147.9295, 146.9787, 148.5641, 151.6984, 146.3738, 0.4949555, 8.588399, 10.58361, 64.77925, 141.2292, 143.5924, 143.7073, 145.5197, 149.3887, 2.353017, 6.704463, 6.891078, 24
54.5958, 146.8163, 146.0461, 147.8046, 150.8368, 146.3087, 0.5602303, 8.898655, 10.86403, 61.71912, 144.8927, 146.3647, 145.8521, 147.5683, 146.5276, 1.972685, 6.976202, 7.514914, 24
55.4391, 146.2388, 146.5932, 148.2266, 151.4282, 145.1493, 0.7610474, 8.994467, 10.85999, 63.33384, 142.4193, 144.377, 144.2641, 145.9262, 148.6682, 1.916017, 6.712999, 6.974908, 24
55.03477, 146.3089, 146.1305, 147.9582, 151.2205, 146.1682, 0.964895, 8.923127, 10.69768, 64.66479, 139.3035, 142.189, 144.0826, 147.0427, 149.2358, 5.64278, 8.449616, 7.863645, 24
54.65919, 146.7757, 146.012, 147.8007, 151.0889, 145.0617, 0.6211811, 8.964403, 10.79864, 66.71265, 138.4463, 140.6576, 143.0541, 145.9049, 149.7521, 5.451543, 7.928528, 7.42431, 24
55.70446, 145.7818, 144.4315, 146.3683, 149.8611, 145.8894, 0.6373509, 9.038768, 10.28495, 63.58086, 141.5671, 143.2666, 144.7447, 147.719, 146.7042, 3.520198, 8.012708, 8.028617, 24
54.92455, 146.4176, 144.9938, 146.827, 150.0747, 146.2255, 0.4901886, 9.020926, 10.87393, 63.18797, 141.1509, 142.1572, 144.2863, 147.0686, 147.9032, 4.060135, 7.958602, 8.340024, 24
55.64014, 146.6799, 145.5356, 147.2532, 150.4262, 145.193, 0.5432065, 9.025259, 10.36881, 65.8517, 138.9965, 140.4794, 142.984, 145.6162, 149.2133, 5.314338, 7.686586, 7.704184, 24
56.74618, 145.4676, 144.4775, 146.2641, 149.6167, 146.2083, 0.9185583, 9.24297, 10.93032, 68.6842, 137.6273, 139.9787, 142.4436, 145.1232, 148.8252, 5.625979, 7.608754, 8.033579, 24
57.59971, 145.6359, 144.351, 146.3381, 149.5762, 146.2271, 0.6013339, 9.217505, 10.48451, 69.58252, 136.9957, 139.3732, 142.2397, 144.8652, 149.2048, 5.91354, 7.35055, 7.768243, 24
58.03971, 146.2064, 144.2949, 146.3978, 149.6049, 145.0601, 0.302612, 9.175111, 10.42838, 68.55669, 138.1954, 140.5982, 142.6879, 145.7721, 147.561, 5.301232, 7.511101, 7.970654, 24
59.20107, 144.8061, 143.6795, 145.818, 148.9554, 145.8097, 0.5385033, 9.078744, 9.889725, 69.21523, 137.3794, 140.0984, 142.2412, 145.1696, 147.7626, 5.57415, 7.465478, 7.944877, 24
59.23055, 144.7439, 144.2119, 146.3445, 149.205, 145.5597, 0.453703, 9.089644, 10.0958, 68.84367, 137.6793, 139.7519, 142.1973, 145.2246, 147.8772, 5.443701, 7.368972, 7.998878, 24
57.63315, 145.6425, 144.6623, 146.9584, 149.831, 145.1017, 0.3432113, 8.972334, 10.29541, 64.50365, 139.3871, 140.5979, 142.6871, 145.6807, 147.8744, 4.805871, 7.425631, 7.893592, 24
57.23049, 145.7526, 144.7744, 147.0943, 150.0268, 144.62, 0.5192646, 8.870971, 10.56308, 65.82178, 138.2179, 140.3005, 142.6311, 145.3524, 148.6256, 5.146851, 7.435771, 7.402102, 24
56.18719, 145.2556, 144.7141, 146.9561, 150.0035, 145.3988, 0.5757331, 8.969749, 10.60762, 64.66769, 137.8124, 139.6821, 142.1563, 145.0309, 149.7719, 5.59489, 7.257581, 7.181437, 24
55.48489, 145.4003, 145.0843, 147.1213, 150.2764, 145.6078, 0.745461, 8.990949, 10.8877, 65.63627, 137.6838, 139.7495, 142.2585, 145.0246, 150.0073, 5.470168, 7.575668, 7.408753, 24
55.88656, 145.0214, 144.991, 146.8963, 150.1007, 145.6382, 1.132115, 9.057227, 10.61882, 66.51044, 137.707, 140.3949, 142.5518, 145.2739, 148.6933, 4.009903, 7.449585, 7.290757, 24
55.8973, 144.5002, 144.6529, 146.5835, 149.8538, 146.5068, 1.364584, 9.121949, 10.82629, 64.90238, 139.5122, 141.2404, 142.5719, 144.631, 147.4451, 1.334422, 6.444181, 6.501527, 24
56.4586, 143.3059, 143.2867, 145.497, 149.1969, 147.1754, 1.901972, 9.11445, 10.61993, 64.62237, 137.4188, 139.5803, 141.1738, 143.553, 147.5127, 1.312688, 5.821337, 6.107017, 24
54.07647, 144.8891, 145.4134, 147.3853, 151.1091, 146.5546, 1.472596, 8.875111, 10.50041, 63.90308, 138.0183, 141.2991, 142.1932, 145.5099, 140.611, 0.6240097, 7.237848, 7.134681, 24
54.83735, 144.6027, 145.2346, 147.0243, 150.6965, 147.1268, 1.898058, 9.101203, 10.3038, 61.06475, 139.2744, 143.1697, 145.1818, 149.1307, 134.4189, 2.456706, 8.558183, 8.34485, 24
55.30725, 144.0643, 145.1668, 146.9381, 150.8525, 146.6535, 1.715548, 8.973056, 10.50899, 61.74389, 137.3315, 141.1053, 143.0922, 147.2742, 137.0434, 0.4739525, 7.868735, 7.382327, 24
55.42397, 143.4875, 144.9314, 146.4804, 150.6328, 146.6647, 2.050232, 9.061563, 10.35433, 61.62859, 137.5477, 141.629, 143.1722, 146.6015, 138.0056, 0.0656106, 7.555955, 7.094424, 24
54.6629, 143.2397, 144.9517, 146.4519, 150.4717, 146.7044, 1.963637, 9.190989, 10.13815, 61.65873, 136.2865, 141.615, 143.7216, 147.6922, 136.8763, 0.1968319, 7.66073, 7.50556, 24
56.91382, 142.7143, 144.3473, 146.0227, 149.9335, 147.0633, 2.555735, 9.278028, 9.883498, 63.11207, 138.228, 142.9842, 144.7655, 149.631, 134.8863, 0.8784871, 7.804265, 8.300968, 24
56.47272, 142.8219, 144.9713, 146.3134, 150.0772, 146.4129, 2.168981, 9.42621, 9.926323, 65.23308, 131.7742, 140.6287, 141.2515, 147.0452, 138.6841, 0.8156537, 7.464743, 6.522486, 24
58.33886, 141.6354, 143.8346, 145.5268, 149.309, 147.1736, 2.975456, 9.300645, 10.00172, 65.4981, 132.1731, 140.4555, 141.1484, 147.2859, 138.7955, 1.442251, 7.2942, 6.792635, 24
58.09848, 141.8918, 144.4523, 145.8087, 149.3959, 146.2935, 2.282076, 9.172711, 9.690591, 63.96133, 131.8569, 140.8798, 141.1485, 148.0035, 137.7574, 2.573898, 7.350844, 6.876747, 24
58.63875, 141.4823, 143.6481, 145.1154, 148.7471, 146.8719, 2.58528, 9.072248, 9.497673, 63.36629, 134.3691, 141.4611, 141.4607, 147.6695, 138.1654, 1.815315, 8.001773, 7.740806, 24
59.58377, 141.494, 143.5176, 145.2176, 149.1805, 146.5258, 2.537982, 8.969771, 10.35689, 64.96312, 138.5885, 143.5254, 144.7203, 149.7726, 135.94, 1.592376, 7.902539, 8.503137, 24
60.02459, 141.2068, 142.8181, 144.5337, 148.5971, 146.4965, 2.623908, 8.961817, 10.26127, 66.61698, 136.6024, 141.802, 143.3931, 147.9693, 139.5963, 0.7548515, 7.473648, 8.352, 24
59.14354, 141.2631, 143.3759, 145.0408, 149.1304, 146.3282, 2.64264, 8.938482, 10.13914, 66.03905, 132.6348, 139.9005, 140.456, 145.5064, 141.7774, 1.086785, 6.137693, 6.595585, 24
61.05662, 141.4772, 143.7872, 145.2702, 149.0524, 146.5272, 2.506397, 9.088651, 10.27161, 65.89487, 136.247, 140.5679, 142.0733, 146.1838, 140.7435, 0.6489124, 6.872153, 7.375467, 24
57.86522, 143.99, 144.629, 146.5028, 150.0037, 146.1366, 1.658356, 8.984719, 10.39671, 64.49686, 137.5949, 141.5032, 142.0227, 146.1833, 140.0575, 0.1557664, 6.943763, 7.193393, 24
60.95272, 142.4421, 143.2248, 145.2483, 148.6074, 146.7516, 1.965231, 9.014455, 10.07392, 68.12435, 136.4562, 140.429, 141.7206, 145.7932, 144.7661, 2.379239, 7.099012, 7.480812, 24
59.73133, 142.4863, 143.1857, 145.0397, 148.6043, 146.7867, 2.523984, 9.219062, 9.891593, 66.76793, 138.2676, 141.076, 141.0971, 144.7625, 145.3545, 0.9659083, 5.750707, 6.610494, 24
60.17013, 142.2715, 143.2959, 145.0078, 148.5511, 146.4391, 2.268657, 9.244479, 10.06241, 67.91173, 134.8579, 140.3251, 142.8021, 146.6115, 145.5902, 4.076118, 7.033524, 6.800196, 24
61.32333, 141.1536, 142.6544, 144.4857, 148.3593, 146.2209, 2.814456, 9.116692, 10.16866, 63.87587, 138.2157, 141.141, 140.8656, 144.7547, 146.1967, 1.722606, 5.931446, 6.51653, 24
61.31824, 141.9178, 143.4424, 145.5412, 149.4423, 145.0333, 2.037785, 8.599461, 9.849717, 67.66307, 133.3564, 139.1192, 142.6771, 146.4816, 147.9491, 7.363166, 8.273721, 6.53612, 24
65.83932, 139.0875, 141.5908, 143.8621, 147.5632, 145.6583, 3.035962, 8.15247, 8.188778, 65.05639, 135.0257, 139.0976, 141.8917, 145.8781, 148.1675, 6.093102, 7.711593, 6.662237, 24
64.33272, 139.6861, 141.9778, 144.1818, 147.8185, 145.6689, 2.754419, 8.217189, 9.210532, 66.01502, 135.8719, 140.5372, 142.557, 145.6403, 148.9191, 5.173847, 7.763416, 6.85226, 24
64.81187, 140.4633, 142.3884, 144.445, 148.1704, 146.033, 2.948558, 8.562427, 9.970227, 64.86229, 135.0512, 139.9822, 142.4379, 146.0529, 149.2764, 5.513701, 7.623158, 6.667474, 24
65.3649, 139.9495, 142.4379, 144.5145, 148.3012, 145.932, 2.803794, 8.618875, 9.672578, 66.4225, 134.0565, 139.7465, 142.5547, 146.4342, 149.1295, 6.607437, 7.769682, 6.80259, 24
65.13102, 139.7556, 142.0295, 144.1064, 147.5996, 146.6233, 2.715916, 8.552237, 8.969289, 68.42661, 134.6346, 140.2341, 142.9657, 146.327, 149.0257, 6.928492, 8.222277, 7.159769, 24
64.03775, 140.7025, 142.8005, 144.5708, 148.2658, 146.2022, 2.307069, 8.874956, 10.15551, 64.78038, 136.6765, 141.9871, 144.3877, 147.9559, 147.7922, 6.115229, 8.049447, 7.198218, 24
61.79919, 141.6445, 142.9353, 144.9653, 148.9911, 146.1713, 2.248814, 8.712012, 10.09752, 67.17374, 137.4421, 141.8843, 143.8763, 146.6786, 148.7724, 4.740575, 7.879081, 7.214417, 24
66.21938, 139.1671, 142.0417, 143.9841, 148.1508, 146.5558, 3.437922, 8.622293, 9.8151, 67.59994, 134.9061, 141.7513, 144.0688, 147.2654, 148.9226, 7.356608, 8.330648, 7.135039, 24
64.53446, 139.9487, 142.3764, 144.2674, 148.5996, 146.2025, 3.214367, 8.67677, 10.10951, 66.90431, 135.401, 141.4733, 144.1347, 147.4349, 149.0288, 6.660559, 8.138392, 6.997174, 24
63.32206, 140.9653, 142.9422, 144.8698, 148.9732, 145.5557, 2.742953, 8.547275, 10.41522, 66.70901, 135.1217, 141.875, 144.3716, 147.7699, 148.7531, 7.157549, 8.162072, 7.034946, 24
62.80476, 140.6189, 142.5376, 144.4599, 148.6538, 145.5838, 3.214672, 8.714695, 10.16533, 64.62613, 137.3283, 141.5439, 142.9003, 146.1077, 146.6879, 3.515969, 6.584664, 7.15796, 24
62.39319, 140.636, 142.9559, 144.6388, 149.0377, 145.3321, 3.24944, 8.848576, 10.42591, 65.97317, 136.0922, 141.1633, 143.6153, 146.6739, 148.1571, 5.398117, 7.739031, 7.32954, 24
62.96917, 140.4147, 142.3039, 144.0265, 148.3589, 145.6546, 3.220148, 8.890062, 10.34691, 67.66846, 134.8952, 140.6251, 143.3176, 146.2865, 147.9747, 5.746615, 7.861273, 7.005411, 24
62.05804, 140.3108, 142.1409, 143.9763, 148.4356, 145.9465, 3.214489, 8.860778, 10.33725, 67.11826, 135.5291, 140.7612, 143.3561, 146.4003, 148.1452, 5.332669, 7.831104, 7.004179, 24
61.9636, 140.2496, 142.3656, 144.2, 148.6299, 145.5437, 3.133191, 8.981876, 10.65438, 66.789, 135.6938, 141.3634, 143.74, 146.7581, 147.6874, 5.071804, 7.847528, 7.280308, 24
60.63136, 140.6752, 142.5392, 144.1498, 148.6452, 145.9889, 2.808677, 9.017178, 10.30847, 62.79122, 138.5747, 141.321, 142.4804, 145.992, 147.3268, 2.787269, 6.855064, 7.9008, 24
61.60038, 139.7503, 141.9507, 143.9263, 148.7815, 146.4293, 3.387783, 9.020576, 10.47576, 62.7439, 139.2126, 142.072, 143.0634, 146.1196, 147.0784, 2.783122, 6.844756, 7.936397, 24
61.24817, 139.5895, 141.6477, 143.6132, 148.4177, 146.696, 3.651465, 8.981219, 10.13077, 63.08287, 139.8343, 142.5887, 143.3347, 146.1699, 146.0123, 2.373968, 7.078423, 8.044153, 24
57.91719, 141.5243, 143.2647, 144.9639, 149.3281, 145.4826, 2.221758, 8.662406, 10.252, 63.05086, 137.7743, 142.0337, 143.1622, 146.4161, 145.8046, 2.489943, 6.704931, 7.659346, 24
58.9189, 141.7749, 143.1769, 144.8604, 149.1535, 145.4372, 2.379897, 8.858539, 10.23872, 63.52374, 138.4274, 142.1212, 143.4752, 146.7778, 145.376, 2.543759, 7.107353, 8.066916, 24
58.59972, 142.1041, 143.0563, 144.8589, 149.25, 145.666, 2.619951, 9.149158, 10.47309, 66.56808, 136.422, 141.1497, 142.8273, 146.162, 145.1327, 2.757899, 6.50207, 7.068439, 24
58.75024, 142.1831, 142.1935, 144.3718, 148.6027, 146.5802, 2.824038, 9.256207, 10.6386, 65.52208, 139.5205, 142.3412, 142.8322, 145.6522, 145.9022, 1.481737, 6.107306, 6.881337, 24
59.68038, 142.1227, 142.4899, 144.8062, 148.7498, 146.3101, 2.359745, 9.088305, 10.46465, 67.79291, 136.6014, 140.8486, 143.4495, 146.8449, 147.9565, 5.310207, 7.218087, 7.436061, 24
59.65148, 141.8864, 141.9982, 144.2742, 148.3966, 146.5057, 2.259234, 8.988938, 10.73988, 69.84978, 135.6145, 141.2955, 143.9339, 147.528, 147.286, 5.976354, 7.938573, 7.520004, 24
61.74657, 140.3875, 141.7472, 144.1666, 148.3428, 147.0826, 2.740312, 9.046265, 10.77525, 69.11558, 135.5607, 140.8902, 143.336, 146.5817, 147.4186, 5.020632, 7.233509, 7.284053, 24
60.44625, 140.9162, 141.9703, 144.3854, 148.4423, 146.6487, 2.063079, 9.087332, 10.91733, 70.49435, 134.7814, 140.608, 143.2049, 146.5361, 148.9331, 6.292203, 7.746889, 7.22401, 24
61.79286, 140.6391, 142.3131, 144.5985, 148.4086, 146.4644, 2.566435, 9.317555, 10.80099, 68.65529, 136.2648, 141.1484, 143.7475, 147.1721, 147.7374, 5.38576, 7.642699, 7.471862, 24
61.86523, 140.3932, 141.548, 143.827, 148.0361, 146.2023, 2.497714, 9.092044, 10.98837, 67.28149, 136.461, 140.8856, 143.709, 146.9764, 148.2468, 5.707705, 7.6456, 7.198846, 24
58.60034, 142.0671, 142.5105, 144.4602, 149.0557, 144.9145, 2.245069, 9.157124, 11.35955, 64.92072, 140.0416, 141.6883, 142.9861, 145.3278, 146.8274, 1.335888, 6.088144, 7.264904, 24
58.68397, 141.5446, 142.1469, 144.6539, 149.4465, 145.621, 1.714977, 8.997524, 11.30537, 64.45929, 138.2185, 141.5173, 143.6198, 146.6486, 148.5742, 5.301491, 8.17606, 7.699444, 24
57.06944, 143.0403, 143.1684, 145.2961, 149.7298, 146.094, 1.789363, 8.992588, 11.28793, 66.43629, 137.5249, 140.4846, 142.7026, 146.1528, 150.0069, 5.874864, 8.205664, 7.76842, 24
54.38717, 145.9117, 144.4889, 146.905, 150.6383, 146.3475, 1.015485, 8.953856, 11.2593, 66.20461, 138.3722, 141.2029, 143.2141, 146.3242, 148.8089, 5.355622, 8.097545, 7.905867, 24
56.46203, 147.1338, 143.912, 145.9381, 149.8152, 147.7784, 2.622938, 8.283942, 13.80741, 68.90813, 137.2909, 139.9111, 141.8309, 145.136, 148.7999, 6.225134, 7.771299, 8.404876, 24
53.63935, 148.32, 145.198, 147.2657, 150.8211, 146.0721, 2.54399, 8.65694, 13.19513, 66.98418, 139.0499, 139.984, 141.4116, 142.9217, 148.1981, 1.775309, 5.816284, 7.284511, 24
55.46619, 146.8822, 143.4442, 145.5758, 149.5806, 146.5276, 1.963637, 8.780714, 13.13658, 65.58024, 139.0944, 140.6739, 141.7996, 143.0657, 148.4418, 1.832162, 5.60469, 6.843437, 24
57.45289, 146.0876, 143.1198, 145.276, 149.2509, 146.2506, 1.878052, 9.194473, 13.64797, 69.12214, 136.1689, 138.8492, 141.7782, 144.692, 150.1554, 6.954432, 7.289169, 7.516637, 24
63.20511, 144.241, 141.8232, 144.5397, 148.5377, 147.3094, 1.900016, 8.757507, 14.04099, 69.16196, 135.7416, 137.8243, 141.0812, 144.132, 149.4632, 6.255923, 6.96472, 7.763971, 24
61.89444, 143.3832, 141.6668, 144.5234, 148.7373, 146.186, 1.540277, 9.273495, 13.30953, 67.40516, 136.6534, 138.0037, 140.9157, 143.8076, 148.9447, 6.258179, 7.100808, 8.054397, 24
59.92891, 144.9109, 142.6153, 145.0269, 148.9264, 145.7182, 2.16012, 9.438296, 13.79604, 69.43581, 135.0709, 137.0625, 140.0897, 143.0892, 150.1042, 6.732894, 7.139162, 8.199775, 24
58.6943, 144.5928, 142.253, 144.6901, 148.6488, 145.9367, 1.993901, 9.360445, 13.33453, 70.09932, 134.8904, 136.8878, 139.9346, 142.7446, 150.3434, 6.829293, 7.502501, 7.975628, 24
57.68973, 145.472, 143.0344, 145.4649, 149.2737, 145.2539, 2.225104, 9.218294, 13.53947, 68.47906, 135.125, 137.4083, 140.1752, 143.1299, 150.04, 6.708586, 7.273918, 7.933403, 24
55.55188, 147.2862, 144.8042, 147.3359, 150.5666, 146.5971, 2.859238, 8.819444, 13.88045, 69.88981, 135.2031, 137.0682, 140.0874, 142.9707, 150.6174, 6.751307, 7.617132, 7.666798, 24
56.96146, 146.3199, 144.3087, 146.8776, 150.2485, 145.2103, 2.765695, 9.025498, 13.96031, 67.46223, 137.1595, 138.2214, 140.6019, 143.6042, 149.4304, 6.653341, 7.606097, 8.357571, 24
55.40869, 147.9431, 144.9302, 147.1243, 150.4563, 145.0996, 2.651292, 8.911649, 13.77116, 67.3856, 137.4594, 138.2393, 140.4861, 143.527, 148.8905, 6.004365, 7.704184, 8.094927, 24
53.35926, 148.0755, 144.929, 147.3475, 150.6051, 145.0944, 2.885273, 8.847022, 13.37826, 66.8972, 136.7973, 138.3349, 140.8078, 143.6789, 149.9682, 5.905878, 7.51849, 7.514966, 24
53.55219, 147.2392, 144.8052, 147.3342, 150.5464, 145.3699, 2.68686, 8.648495, 13.28044, 67.53677, 136.8896, 138.6464, 141.25, 144.1667, 150.0377, 5.913772, 7.543479, 7.810599, 24
54.48811, 146.7794, 144.2833, 146.5989, 149.8199, 145.9549, 2.45989, 8.763157, 13.4094, 69.15559, 135.8937, 137.7952, 140.5623, 143.5994, 150.562, 6.293325, 7.420766, 7.867414, 24
55.06229, 146.9678, 144.4996, 146.728, 150.0049, 146.2937, 2.347104, 8.628168, 13.23333, 68.90942, 136.6516, 138.0494, 140.6156, 143.3737, 149.7054, 6.073831, 7.340481, 7.912766, 24
54.89597, 147.2443, 143.7375, 146.0286, 149.4366, 146.1825, 2.412164, 8.427975, 13.15357, 68.84978, 135.9775, 137.3236, 140.0336, 143.0634, 149.5056, 6.443846, 7.0316, 8.103119, 24
54.8187, 147.3487, 143.4925, 145.8865, 149.2629, 146.0042, 2.371081, 8.306973, 13.22051, 67.10802, 137.1871, 138.1334, 140.4294, 143.5755, 149.8008, 5.6151, 7.395207, 8.037732, 24
54.64234, 147.357, 143.6624, 146.1665, 149.461, 145.4794, 2.481044, 8.287189, 13.3279, 65.78136, 137.6827, 138.7074, 140.9873, 144.1035, 149.42, 5.260193, 7.315043, 7.743646, 24
53.56692, 147.4761, 143.0074, 145.7502, 149.2047, 145.4319, 2.841727, 8.449361, 13.13714, 68.4272, 136.3418, 137.2216, 139.9725, 142.8237, 149.9082, 5.897574, 6.891932, 7.896228, 24
51.37462, 148.8893, 143.0993, 145.7026, 148.9593, 145.6502, 3.029183, 8.007537, 12.99991, 65.29404, 138.0048, 139.386, 141.7472, 143.2926, 147.3531, 2.344684, 6.293855, 7.363885, 24
50.74096, 148.8007, 143.3209, 145.6488, 149.0181, 146.4436, 2.579671, 7.911575, 12.26855, 69.93559, 135.5387, 136.6852, 139.5978, 143.1411, 149.2378, 5.600492, 7.574347, 8.212097, 24
52.70976, 148.3338, 143.0339, 145.722, 148.9946, 145.6771, 2.714547, 7.972181, 12.59366, 68.50546, 136.1821, 137.8522, 140.2987, 143.4882, 148.8531, 5.494332, 7.654015, 7.819892, 24
55.42527, 146.5079, 142.7891, 145.4297, 149.2097, 145.004, 2.192049, 8.45064, 12.0556, 69.64593, 135.8754, 138.0166, 140.8059, 143.697, 149.5162, 5.797855, 7.546132, 7.994066, 24
55.82402, 147.2966, 143.094, 145.0733, 148.3683, 144.4785, 2.914905, 8.32473, 13.02301, 68.22821, 136.1824, 138.013, 140.7105, 143.6485, 149.1233, 5.794406, 7.438541, 8.017606, 24
54.05162, 148.5965, 143.9436, 145.775, 149.148, 144.3042, 3.136002, 8.452009, 12.84116, 67.39353, 136.5038, 137.9151, 140.2989, 143.2309, 148.9693, 5.816015, 7.52556, 8.168347, 24
53.90471, 148.2337, 144.3587, 146.3774, 150.2828, 144.8662, 1.937247, 8.792206, 11.78311, 69.4073, 135.6643, 137.2094, 140.0429, 143.1658, 149.1924, 6.120677, 7.376078, 8.332982, 24
55.38154, 146.7595, 143.9823, 146.4853, 150.252, 145.041, 1.351616, 8.928784, 11.82027, 69.38197, 136.0251, 137.3193, 140.0052, 142.9544, 149.1049, 5.82339, 7.318074, 8.280363, 24
52.81939, 148.8098, 143.7543, 146.7793, 149.956, 145.3274, 2.767818, 7.77241, 13.09289, 69.241, 136.8638, 138.282, 140.7538, 143.8156, 149.3838, 5.535376, 7.495017, 8.21279, 24
55.19188, 149.0835, 145.1112, 148.3822, 152.175, 145.0874, 2.175019, 7.86669, 13.37736, 69.91705, 136.9112, 138.4042, 141.0435, 144.3089, 148.4651, 5.713573, 7.676699, 8.302955, 24
60.2252, 147.7691, 144.1756, 147.2371, 151.7744, 147.3033, 1.83291, 7.672633, 13.29013, 70.23959, 136.8614, 137.8145, 140.2564, 143.6452, 148.0394, 5.632942, 7.428854, 8.110918, 24
61.07751, 146.5561, 142.7887, 145.7966, 150.71, 147.0786, 1.709834, 7.205764, 13.6193, 70.09379, 136.3313, 137.3156, 140.0164, 143.3234, 148.3095, 5.489265, 7.215777, 8.012047, 24
58.43747, 147.1324, 142.773, 146.5593, 150.967, 144.7541, 1.661893, 7.652219, 13.85076, 70.55343, 135.896, 137.8963, 140.3955, 143.6522, 148.5592, 5.945738, 7.585505, 8.213173, 24
57.1431, 147.8317, 143.0754, 146.5503, 150.6774, 145.8423, 1.768572, 7.876689, 13.87588, 69.80502, 135.942, 137.5817, 140.095, 143.3701, 148.7217, 6.167708, 7.985073, 8.165751, 24
55.02496, 148.375, 143.2059, 146.6303, 150.5518, 145.9284, 2.130103, 8.065431, 13.85054, 69.02667, 135.9648, 137.2949, 139.792, 143.1886, 149.2627, 6.1383, 7.878932, 8.078929, 24
54.15807, 147.8642, 143.5392, 147.3562, 151.2637, 145.3715, 1.922848, 8.281524, 14.35407, 68.02256, 135.9001, 138.0707, 140.4321, 143.6927, 149.4288, 5.92781, 7.960181, 7.80356, 24
51.86647, 149.6859, 145.2535, 148.6534, 152.3383, 144.001, 2.792812, 8.134677, 14.22532, 67.80516, 135.1425, 137.2921, 139.9941, 142.9312, 149.5512, 4.637049, 6.818918, 7.132014, 24
51.63027, 150.2592, 145.446, 148.6583, 152.1365, 145.1853, 2.340674, 7.922039, 13.79586, 64.26301, 137.0273, 139.8362, 142.6626, 145.4472, 147.4262, 1.899192, 6.034099, 7.173893, 24
53.70617, 150.157, 144.304, 147.7336, 151.1675, 144.8593, 2.48341, 7.988907, 13.83124, 71.93577, 134.0475, 136.4811, 139.6332, 143.0241, 149.6622, 6.603518, 7.490538, 7.863595, 24
52.6835, 150.4665, 145.7999, 148.815, 152.1099, 144.8389, 2.272364, 8.193858, 13.91579, 73.58382, 133.493, 135.2023, 138.4482, 141.4526, 148.9875, 6.234167, 6.657908, 8.083325, 24
53.36782, 149.421, 144.2705, 147.4432, 150.5998, 145.5876, 1.710063, 8.296968, 13.90364, 69.80825, 134.51, 136.7289, 139.4919, 142.6218, 149.2188, 5.958418, 6.956266, 7.984312, 24
52.79762, 149.1617, 144.8352, 147.8601, 150.5269, 146.861, 1.939065, 8.385344, 14.3971, 70.00625, 135.1668, 137.0174, 139.7487, 142.8292, 149.569, 6.341431, 7.380147, 8.02326, 24
52.84333, 150.0455, 144.7844, 148.1859, 150.9183, 145.995, 1.835683, 8.147073, 14.31246, 67.43295, 137.1025, 138.3971, 140.3206, 143.391, 149.7477, 5.705369, 8.099315, 7.776727, 24
51.40922, 151.4273, 146.2394, 149.2937, 152.0138, 145.1717, 2.061275, 8.02984, 14.19929, 66.3619, 137.0663, 138.0824, 140.1409, 143.2033, 150.2864, 5.948573, 7.759091, 7.546887, 24
51.83054, 151.8496, 145.6394, 148.6591, 150.9656, 147.8991, 1.883775, 7.919164, 14.41925, 66.09365, 137.8193, 138.7844, 140.3729, 143.3949, 149.8336, 5.743511, 8.274574, 7.486896, 24
53.58918, 150.9448, 145.799, 148.4975, 151.139, 145.7936, 2.126517, 7.765059, 14.80711, 66.05146, 138.1487, 139.2634, 140.9892, 144.0736, 149.5956, 5.011687, 8.257329, 7.870183, 24
54.20244, 148.0692, 143.52, 147.1331, 149.9789, 145.2734, 2.544837, 7.368014, 14.96412, 67.82558, 136.8341, 137.5207, 139.9041, 143.0832, 149.8293, 5.752717, 8.079391, 8.175076, 24
57.15435, 147.6064, 143.2911, 147.0233, 150.305, 144.1152, 2.489786, 7.773547, 15.19914, 68.97471, 136.0636, 136.6107, 139.4331, 142.4946, 149.3612, 6.145226, 7.986573, 8.460232, 24
55.93566, 146.2046, 142.1776, 146.6093, 150.0456, 143.5933, 2.370585, 7.693349, 14.79894, 67.3557, 136.4978, 137.0027, 139.801, 142.9577, 149.3096, 6.251879, 7.716352, 8.16842, 24
54.00185, 146.5695, 142.7403, 146.8858, 151.0683, 144.2553, 2.517462, 7.939019, 13.99864, 67.52613, 135.388, 136.9463, 139.5304, 143.0986, 150.1326, 6.512075, 8.018414, 7.71396, 24
52.24068, 145.8397, 143.7995, 147.4489, 151.5194, 145.6801, 1.427933, 8.373204, 12.40127, 68.38197, 134.9299, 136.7647, 139.3211, 142.7932, 150.208, 6.816386, 8.053007, 7.708691, 24
55.80656, 147.1737, 142.3685, 146.389, 150.3983, 144.6065, 2.551136, 7.68066, 14.67751, 67.65187, 135.514, 136.7587, 139.6065, 142.8366, 150.2444, 6.601915, 7.842325, 7.632883, 24
52.12496, 146.6419, 143.6625, 147.1424, 151.4552, 146.0324, 1.002687, 8.170896, 12.49675, 68.31181, 135.2748, 136.432, 139.3506, 142.6723, 150.3732, 6.62534, 7.726772, 7.772233, 24
51.16857, 146.409, 142.687, 145.7894, 149.8956, 147.8823, 0.8842595, 8.489266, 11.86015, 67.94991, 135.8077, 137.6255, 139.6839, 142.9574, 150.2343, 6.479261, 8.186044, 7.580071, 24
51.30931, 146.3043, 143.0155, 146.1939, 150.0285, 147.5576, 1.114169, 8.672083, 12.24622, 65.84592, 137.0592, 137.8621, 140.0673, 143.1419, 150.4837, 6.193529, 8.118103, 7.682985, 24
51.45924, 146.3558, 142.9938, 145.8805, 149.8897, 147.0763, 0.8989636, 8.513477, 12.03833, 66.4052, 136.8675, 137.8378, 140.1371, 143.2008, 149.3896, 5.762216, 8.241763, 8.025928, 24
51.16103, 147.2623, 143.2261, 145.521, 148.9494, 147.9044, 1.085524, 8.830307, 10.77006, 66.42894, 137.1176, 138.596, 140.6697, 143.6012, 150.4089, 5.928867, 8.240262, 7.886551, 24
50.72467, 147.2354, 143.6045, 146.2554, 149.2632, 147.5108, 0.6682253, 9.013167, 10.79461, 65.74431, 137.6443, 138.2993, 140.442, 143.4319, 150.3438, 5.838181, 8.362785, 8.288682, 24
54.9612, 144.3327, 141.742, 144.7816, 148.7601, 147.7469, 1.978431, 9.037202, 11.32409, 65.88421, 136.2678, 137.8267, 140.1922, 143.4049, 150.1236, 6.267383, 7.751802, 7.452193, 24
56.0713, 144.4461, 142.4687, 145.1613, 148.8358, 147.7902, 2.16844, 8.850107, 11.14477, 68.09826, 134.9272, 136.8457, 139.6835, 143.0563, 150.7842, 6.781307, 7.761013, 7.609476, 24
58.69577, 144.3881, 143.3385, 145.66, 149.1362, 146.3867, 1.862986, 8.863194, 10.07962, 67.14396, 135.946, 138.9637, 141.31, 144.2371, 150.3112, 5.971497, 7.818913, 7.4368, 24
58.82653, 143.7761, 143.6914, 145.8949, 149.2649, 146.9554, 2.001054, 9.188059, 9.938381, 64.9704, 137.2918, 140.5526, 142.5107, 145.2558, 150.0692, 5.00582, 7.2555, 6.889, 24
61.29421, 141.3213, 143.0921, 145.0857, 148.4475, 146.0686, 2.083938, 8.510431, 8.527468, 66.24155, 136.1263, 139.7151, 141.3055, 144.2935, 151.3864, 5.636212, 6.845071, 6.699019, 24
61.21473, 142.7087, 144.6894, 146.1807, 149.218, 147.5835, 1.289223, 8.772231, 9.143401, 63.50393, 135.0982, 139.0213, 139.4558, 142.9863, 151.4199, 2.749226, 6.286343, 4.774832, 24
61.38277, 143.024, 144.6194, 146.378, 149.6762, 147.3015, 2.027772, 8.810843, 9.013037, 63.57615, 138.8806, 140.7919, 140.5729, 143.7224, 155.6047, 3.978821, 7.017218, 6.353139, 24
64.6163, 141.8979, 143.0857, 144.8397, 147.9427, 147.2819, 2.135334, 8.905562, 8.631194, 64.71478, 136.9154, 139.6267, 139.9886, 142.8366, 156.0097, 4.371121, 6.374737, 5.278711, 24
61.53796, 144.3016, 146.3811, 147.8331, 150.3445, 147.5986, 1.446451, 8.912861, 8.638246, 66.00534, 135.2852, 139.944, 140.2784, 144.2513, 152.4513, 2.89827, 7.065164, 5.236111, 24
60.64172, 145.9906, 147.445, 148.8311, 151.2758, 148.5909, 1.586589, 9.343675, 9.218657, 68.39731, 131.7504, 137.3668, 138.1988, 144.15, 149.4957, 1.735058, 8.811088, 5.273214, 24
60.52511, 143.1567, 145.3136, 146.9099, 149.8089, 148.1182, 2.091344, 8.959778, 8.384313, 67.95781, 133.214, 139.2526, 140.5018, 146.3105, 146.9971, 2.07594, 8.17618, 6.017605, 24
60.97599, 143.7938, 145.3918, 147.1195, 150.2908, 150.3613, 3.053001, 9.48162, 9.367225, 67.10354, 133.0505, 139.8778, 140.7394, 146.2161, 148.8825, 1.683653, 7.568827, 5.244935, 24
61.49048, 143.3186, 145.1782, 146.7458, 150.0671, 149.3139, 2.93505, 9.707233, 9.646709, 68.69924, 131.0037, 138.8615, 139.9213, 145.3897, 147.7139, 1.472596, 7.736546, 4.813935, 24
59.92443, 143.2081, 145.3392, 146.8661, 150.4175, 148.5379, 2.121264, 9.519071, 9.911096, 65.67072, 134.392, 140.9045, 141.1707, 145.8301, 148.6066, 1.8818, 7.493314, 5.030807, 24
57.01554, 143.7404, 146.2448, 147.6591, 151.4419, 147.4968, 1.640798, 9.154956, 10.42379, 65.60229, 132.24, 139.7045, 139.8271, 144.9804, 147.0847, 1.617494, 7.44247, 4.524978, 24
53.80897, 143.8439, 146.2076, 147.5511, 151.5491, 147.3525, 1.749659, 8.981461, 10.68863, 63.88722, 132.2868, 139.5431, 139.7215, 144.5743, 147.5634, 1.696967, 7.26169, 4.378867, 24
54.16346, 143.7578, 146.2557, 147.4978, 151.4618, 147.2413, 2.020617, 8.92819, 10.5537, 64.81361, 132.1978, 139.8473, 139.7641, 144.6126, 148.1241, 2.02352, 6.960607, 4.456895, 24
52.96185, 144.3968, 146.2561, 147.677, 151.7673, 147.4469, 1.829918, 8.913699, 10.7091, 63.46427, 138.5782, 143.172, 142.8898, 146.3504, 153.2794, 3.535239, 7.638076, 6.619891, 24
56.19979, 143.6879, 144.8176, 146.3119, 150.3401, 148.0826, 2.234583, 9.249942, 10.51444, 64.87379, 138.808, 143.0891, 142.8228, 146.2156, 153.2642, 3.364994, 7.437987, 6.561991, 24
54.52318, 144.7353, 145.6072, 147.1757, 151.0959, 147.4134, 1.586219, 8.974852, 10.85982, 65.49636, 138.9058, 143.3635, 143.2366, 146.5333, 151.3415, 2.41054, 7.314829, 6.754125, 24
54.74804, 143.856, 146.5917, 148.0368, 151.8417, 145.1828, 0.8556942, 9.325083, 10.44406, 65.26077, 138.909, 142.8864, 143.0807, 146.4267, 151.9366, 2.008571, 7.223114, 6.712239, 24
53.09896, 144.4569, 147.1782, 148.4896, 152.2796, 145.5734, 0.993669, 9.055902, 10.1863, 64.38803, 138.6546, 143.0861, 142.8728, 146.5504, 154.0137, 3.405363, 7.526369, 6.660588, 24
54.14542, 144.3163, 146.3767, 148.1719, 151.752, 146.0566, 0.8042992, 8.926473, 10.34457, 67.26503, 135.1035, 140.7852, 140.7553, 144.8696, 149.741, 1.999195, 7.042053, 5.257398, 24
52.64174, 144.4169, 146.4729, 148.2248, 152.0429, 145.8895, 1.016448, 8.951046, 10.46828, 63.75824, 141.6449, 145.7004, 145.0128, 148.1093, 149.7291, 1.856462, 7.933058, 7.784976, 24
49.84333, 145.8596, 147.4235, 148.8623, 152.6317, 145.4706, 0.4515415, 8.937296, 10.53586, 65.28683, 139.2502, 143.0297, 142.4525, 145.8212, 151.9563, 2.798413, 7.543765, 7.188919, 24
50.1606, 145.3204, 146.3317, 148.0177, 151.9723, 145.6878, 0.3871488, 8.998638, 10.64962, 64.23796, 140.3358, 143.9337, 143.9774, 147.2555, 149.6024, 1.624497, 7.185588, 7.050044, 24
50.50097, 144.7636, 145.9066, 147.8618, 151.9185, 145.5347, 0.8086666, 8.992042, 10.95237, 65.30546, 139.0833, 142.9853, 143.328, 146.6466, 149.8031, 1.751895, 7.02451, 6.818803, 24
51.42892, 145.2209, 146.2431, 147.9844, 152.0721, 145.1241, 0.4784724, 9.007323, 10.99839, 66.05721, 137.4126, 141.2602, 141.6173, 145.194, 150.8784, 2.34435, 6.946107, 6.738135, 24
52.47638, 145.2428, 145.7497, 147.6617, 151.5293, 145.3009, 0.1412742, 8.666486, 10.65691, 64.74422, 139.8709, 143.7905, 143.8315, 146.8481, 148.2625, 1.110827, 6.920986, 6.691287, 24
51.96271, 144.7745, 145.5366, 147.435, 151.5306, 145.0861, 0.4489339, 8.830619, 10.90957, 64.79857, 138.3263, 141.8181, 142.0083, 145.0144, 152.5398, 2.817584, 6.831476, 6.625902, 24
49.85626, 145.6039, 146.8803, 148.3835, 152.6342, 144.3898, 0.05595291, 8.729694, 10.83661, 64.75483, 138.7764, 141.9092, 142.3846, 145.0494, 152.4874, 2.724623, 6.820816, 6.544276, 24
49.54766, 146.4744, 147.0025, 148.5352, 152.513, 144.725, 0.3262592, 8.700281, 10.64303, 65.62428, 138.9338, 141.8538, 142.2542, 144.778, 152.9054, 2.704432, 6.67212, 6.621047, 24
51.60971, 146.9261, 146.9106, 148.6085, 152.5392, 144.451, 0.5706123, 8.907084, 10.67955, 65.99434, 139.1168, 141.5616, 141.8958, 144.334, 153.4162, 2.613892, 6.653459, 6.704082, 24
52.85999, 145.5563, 146.0377, 147.6704, 151.8864, 145.2125, 0.2158, 9.02811, 10.66954, 65.17571, 138.8272, 141.9383, 142.1412, 144.6657, 153.4204, 3.053963, 6.732457, 6.64526, 24
49.53372, 147.4883, 147.657, 148.9528, 152.9127, 144.027, 0.7501709, 8.675818, 10.77775, 66.17193, 137.155, 140.5263, 140.7592, 143.4336, 154.6007, 3.59521, 6.647059, 6.478837, 24
48.92297, 146.969, 146.4279, 148.1232, 151.9762, 146.3012, 0.1938266, 8.88741, 10.49627, 64.20136, 138.007, 141.5667, 142.2808, 145.0794, 151.1012, 2.06213, 6.444607, 6.223308, 24
48.87489, 149.0294, 148.2483, 149.4603, 152.9743, 145.3018, 0.2306999, 8.858273, 10.1853, 64.77048, 136.5028, 140.2821, 141.4392, 144.5146, 151.6254, 2.606468, 6.19432, 6.419762, 24
50.09418, 148.5582, 147.1437, 148.7348, 152.1644, 145.6164, 0.6240097, 9.059114, 10.66382, 64.5108, 136.6878, 140.7692, 141.507, 144.5477, 152.2472, 3.31263, 6.393441, 6.561005, 24
49.91518, 148.3883, 147.5633, 148.9144, 152.2774, 145.1106, 0.8030819, 9.149867, 10.71667, 66.26508, 136.3968, 139.9194, 140.3864, 143.7463, 152.8344, 3.686261, 6.412152, 6.730884, 24
49.3665, 149.1737, 148.8709, 150.1386, 153.2636, 144.4064, 1.099495, 8.938966, 10.4531, 65.38032, 135.0545, 139.1367, 140.1018, 143.5724, 152.7064, 3.684296, 6.288152, 6.208483, 24
50.17469, 148.166, 147.4919, 149.118, 152.4506, 144.5308, 0.9446045, 8.81686, 10.47241, 63.11568, 137.8251, 142.7088, 143.3825, 146.3257, 150.1396, 2.729002, 6.543797, 6.43273, 24
50.21691, 146.8286, 146.5953, 148.3838, 151.8642, 145.2347, 0.3256589, 8.808456, 10.37098, 64.45174, 136.3631, 141.3718, 142.2755, 145.8193, 150.3067, 2.912352, 6.438793, 6.345357, 24
49.39111, 146.4692, 146.4644, 148.1839, 151.7277, 145.6752, 0.2332305, 8.830931, 10.59552, 65.54944, 135.6144, 140.1725, 140.8165, 144.2241, 150.9284, 3.31458, 6.295381, 6.656995, 24
49.20395, 146.5061, 146.3991, 148.166, 151.8914, 145.8633, 0.1968319, 8.818954, 10.65686, 63.17165, 135.9736, 140.6492, 141.9896, 145.3128, 150.7745, 3.133254, 6.220724, 6.231839, 24
48.82357, 146.9389, 146.918, 148.4464, 152.0978, 145.6964, 0.2690692, 8.707322, 10.65878, 65.9373, 135.1038, 140.1913, 141.6023, 144.9708, 149.5607, 2.795474, 6.141429, 6.078477, 24
48.27997, 147.1191, 146.997, 148.3908, 152.029, 146.119, 0.5120549, 8.536767, 10.80402, 64.235, 136.6615, 141.3081, 142.2892, 145.4628, 149.5043, 2.386959, 6.442659, 6.531559, 24
48.52952, 147.0261, 147.0522, 148.1923, 151.912, 146.6211, 0.5271187, 8.581169, 10.74314, 64.2301, 137.9574, 141.8427, 142.787, 145.8086, 150.1144, 2.120064, 6.541129, 6.866956, 24
48.19461, 146.9587, 146.404, 147.7762, 151.4526, 147.8449, 0.8416293, 8.448803, 10.53209, 63.87816, 137.1825, 141.3769, 142.4259, 145.6698, 150.1173, 2.467359, 6.460348, 6.809736, 24
48.19292, 147.4696, 146.5554, 147.9892, 151.7672, 147.1836, 0.6926687, 8.594845, 10.83571, 63.98995, 137.017, 141.3436, 142.5386, 145.8478, 150.1373, 2.486403, 6.374152, 6.595466, 24
47.89584, 146.748, 146.1886, 147.6504, 151.7805, 145.8017, 0.3146578, 8.80491, 10.74505, 64.3345, 137.6602, 141.4362, 142.8294, 145.7933, 149.2453, 1.74854, 6.340133, 6.696765, 24
49.33574, 145.6698, 146.1106, 147.6992, 151.59, 146.3823, 0.8693066, 8.606948, 10.99877, 63.84953, 137.7011, 141.8402, 142.959, 145.9498, 149.0857, 2.070559, 6.293139, 6.666416, 24
48.74588, 147.0888, 146.7654, 148.3897, 152.1723, 145.3793, 1.001711, 8.433052, 11.0928, 63.74186, 137.7597, 141.3945, 142.4245, 145.0567, 152.178, 2.850324, 6.24576, 6.224567, 24
49.89169, 145.5745, 145.3593, 147.1616, 151.2541, 145.7518, 0.6734756, 8.791558, 10.91412, 64.58714, 137.2794, 141.4954, 142.3921, 145.2834, 150.2189, 2.504522, 6.494375, 6.649951, 24
50.17172, 145.4642, 145.9277, 147.5397, 151.4989, 145.2123, 0.5804718, 8.78948, 10.91688, 64.36012, 136.9536, 141.6117, 143.511, 146.8031, 147.3264, 1.182998, 6.412183, 6.510087, 24
48.98085, 147.5967, 147.0972, 148.785, 152.3607, 145.044, 1.383384, 8.500156, 11.24729, 64.08463, 138.7047, 141.7515, 143.0676, 145.5912, 149.5722, 1.465536, 6.287122, 6.567458, 24
49.24414, 146.966, 146.8651, 148.6562, 152.4005, 144.9051, 1.031355, 8.515622, 10.93807, 64.72427, 137.4855, 140.5783, 141.1478, 143.4364, 153.1482, 3.150389, 6.279665, 6.234387, 24
49.91368, 147.9054, 147.7433, 149.1658, 152.6465, 144.7174, 1.016256, 8.620721, 10.95659, 62.89432, 138.2634, 141.1243, 141.7105, 143.9605, 152.5205, 3.064585, 6.295537, 6.422052, 24
50.01835, 147.3866, 146.7317, 148.2669, 151.8889, 144.9482, 1.245684, 8.606606, 11.06802, 63.98308, 139.0689, 141.0802, 142.034, 144.3479, 150.7097, 1.484508, 6.304407, 6.584723, 24
49.01315, 148.8172, 146.9747, 148.4251, 151.8818, 145.5093, 1.07974, 8.741881, 10.85277, 62.69909, 139.4518, 141.451, 142.352, 144.2871, 150.8558, 1.53837, 6.244442, 6.423487, 24
48.05023, 149.9486, 148.2425, 149.4409, 151.9911, 146.2486, 0.5000685, 8.407772, 9.908596, 64.9132, 136.9322, 140.0022, 141.1505, 143.4239, 151.7218, 2.550215, 6.189381, 6.24598, 24
48.39733, 150.1031, 147.9483, 149.1451, 151.9331, 146.6094, 0.5101406, 8.562862, 10.52274, 64.72503, 138.7307, 141.1528, 142.0965, 144.3338, 149.6281, 1.384939, 6.24529, 6.739037, 24
46.99196, 150.5973, 148.0496, 149.0791, 151.9876, 146.9884, 0.5719823, 8.655192, 10.41958, 64.62482, 138.9021, 140.9771, 141.997, 144.291, 149.5138, 1.451987, 6.282506, 6.875035, 24
48.38842, 150.0052, 147.9024, 148.9171, 151.5774, 146.7646, 0.2907402, 8.780044, 10.36954, 65.60827, 138.4469, 140.5273, 141.5226, 143.5289, 151.9661, 2.428177, 6.227339, 6.764222, 24
47.67816, 150.342, 148.2984, 149.5397, 152.2216, 146.3379, 0.4796977, 8.630398, 10.70934, 65.07413, 139.6497, 141.6198, 142.3322, 144.2851, 150.522, 1.826063, 6.245352, 6.854148, 24
47.25378, 150.198, 148.0062, 149.3574, 152.2278, 146.3397, 0.6440697, 8.828773, 11.00136, 64.91074, 140.2866, 141.9632, 142.7038, 144.6246, 150.1471, 1.612526, 6.306272, 6.979294, 24
48.87629, 148.9608, 146.9414, 148.4407, 151.6511, 146.7498, 0.4925778, 8.904966, 11.18296, 65.44196, 140.1503, 141.0055, 141.7923, 143.6849, 151.3941, 2.03692, 6.207757, 7.049598, 24
47.88478, 149.4482, 146.0597, 147.5615, 150.7167, 146.7807, 0.3851218, 9.106447, 10.54488, 71.88055, 136.3418, 139.0472, 141.1196, 143.8626, 151.6951, 6.195364, 7.360927, 7.329353, 24
48.16649, 150.3167, 147.1768, 148.5599, 151.3956, 145.9378, 0.6549156, 8.846711, 10.76401, 69.57456, 137.3296, 138.8075, 140.4247, 143.0978, 151.5886, 5.166494, 6.777517, 7.510578, 24
47.82888, 149.5446, 146.64, 148.095, 151.1136, 146.431, 0.3090104, 8.991058, 10.87384, 70.59011, 136.2782, 138.5126, 140.1168, 142.96, 151.9375, 6.48522, 7.278341, 7.734389, 24
48.75756, 148.5702, 146.2302, 147.6312, 151.0917, 147.3275, 0.5804718, 8.975048, 10.72504, 64.79673, 140.4222, 141.4098, 141.7131, 143.3025, 151.0387, 1.595323, 6.245101, 7.185561, 24
48.86685, 148.8987, 146.5864, 148.0828, 151.2983, 146.8067, 0.4981082, 8.76811, 11.01169, 64.8092, 140.8616, 141.6781, 142.5126, 143.9779, 151.0141, 1.89713, 6.406462, 7.181301, 24
49.50033, 148.4831, 146.5067, 148.0235, 151.2819, 146.3863, 0.7504317, 8.968588, 10.89585, 63.60604, 138.6721, 141.8942, 143.2509, 145.5633, 148.3247, 1.451043, 5.944452, 6.685246, 24
49.18431, 148.8201, 146.6279, 148.1813, 151.52, 146.2132, 0.8134917, 9.125438, 10.91767, 62.44708, 140.2141, 143.0842, 144.0214, 146.0221, 148.9159, 1.362718, 6.253666, 6.809419, 24
48.39271, 149.5238, 146.5939, 148.2075, 151.4982, 146.8524, 0.8802672, 8.988458, 10.875, 62.6472, 140.3746, 142.9199, 143.9809, 145.9354, 149.3906, 1.362574, 6.21653, 6.812472, 24
48.15705, 149.9815, 146.8615, 148.3649, 151.5568, 146.6608, 0.9962258, 8.866496, 10.81143, 63.66927, 139.2512, 141.3771, 142.4978, 144.5816, 149.7363, 1.888859, 5.968509, 6.985811, 24
48.94664, 148.5879, 145.8823, 147.3365, 150.8101, 147.3571, 0.7551106, 9.01258, 10.45141, 63.86881, 139.6596, 141.3096, 142.4578, 144.4142, 151.0458, 1.995275, 6.128807, 7.007623, 24
49.97372, 147.893, 146.2765, 147.6956, 151.0154, 146.8228, 0.5740312, 8.925923, 10.43969, 64.40649, 139.4781, 141.1469, 141.9712, 143.848, 150.8893, 2.070465, 6.150456, 6.973023, 24
49.45472, 148.9942, 147.8498, 149.1904, 152.4248, 146.0907, 1.071189, 8.344968, 10.68647, 63.42132, 140.4644, 142.102, 142.945, 144.6041, 151.3064, 2.00506, 6.470812, 7.011261, 24
49.60098, 149.1172, 147.6394, 149.0259, 152.1992, 145.8972, 1.201219, 8.447896, 11.10324, 63.13099, 140.4175, 142.2226, 143.1729, 144.7733, 152.1956, 2.332716, 6.540169, 6.959451, 24
49.65569, 148.147, 146.6997, 148.0853, 151.4658, 146.6442, 0.6575991, 8.712351, 10.57738, 62.83553, 139.0611, 142.4583, 144.0256, 146.1191, 147.9003, 0.9755841, 6.079186, 6.413314, 24
47.98172, 149.9614, 147.0291, 148.3633, 151.3992, 147.0309, 1.192718, 8.707661, 10.7772, 64.75804, 136.5447, 140.9941, 143.1324, 145.9432, 146.2918, 1.162811, 6.044778, 6.469205, 24
47.75193, 149.7207, 146.964, 148.3385, 151.5441, 147.3488, 0.9659083, 8.652468, 10.47937, 63.5274, 138.4374, 142.1932, 144.0901, 146.6387, 146.7491, 1.122916, 6.084376, 6.53987, 24
48.20856, 148.639, 147.1807, 148.369, 151.5042, 146.8195, 0.8357967, 8.799286, 10.37045, 64.05788, 137.2725, 141.6903, 143.7276, 146.4123, 146.3134, 1.207556, 5.968345, 6.4706, 24
49.03529, 148.5458, 146.1046, 147.6067, 151.0596, 147.1066, 1.029266, 8.674551, 10.69123, 64.04948, 137.408, 141.7276, 143.4579, 146.0991, 146.558, 1.224932, 6.026557, 6.561961, 24
47.55212, 150.0248, 146.8949, 148.4263, 151.5387, 147.021, 0.8809339, 8.937889, 10.45359, 63.50295, 137.3978, 142.3398, 144.0229, 146.6963, 145.7872, 1.196485, 6.184754, 6.614379, 24
48.61904, 149.313, 147.4728, 148.8227, 152.0974, 146.7538, 0.9385778, 8.573545, 11.39387, 63.25086, 136.7629, 141.3229, 143.2045, 145.8046, 147.0783, 1.470202, 6.139801, 6.357243, 24
48.62586, 148.6741, 146.2464, 147.7561, 151.2675, 146.9261, 0.6061952, 8.605465, 11.19619, 64.00963, 136.1091, 140.9949, 142.9728, 145.6846, 146.2077, 1.414577, 6.060195, 6.443542, 24
48.0459, 149.2938, 146.0539, 147.9106, 151.2761, 147.4161, 0.6798376, 8.853614, 11.05617, 63.5691, 136.8424, 140.9374, 143.1708, 146.1366, 144.5142, 0.9261955, 6.233443, 6.872438, 24
47.63478, 149.7138, 146.6564, 148.4839, 151.6959, 146.9272, 0.8091504, 8.783532, 11.08992, 63.48411, 136.5048, 140.9571, 143.173, 146.1229, 144.4533, 1.019332, 6.141174, 6.705983, 24
47.76857, 149.4712, 146.2083, 148.075, 151.4435, 147.3718, 0.41543, 9.055533, 10.88425, 60.83279, 139.8992, 143.6268, 144.8898, 147.4086, 142.0781, 1.141582, 7.234866, 7.958306, 24
48.02694, 149.5166, 146.4801, 148.2376, 151.3974, 147.2279, 0.5355884, 9.111818, 11.01685, 61.08036, 139.8952, 143.5797, 145.0495, 147.8151, 142.9282, 1.099851, 7.277936, 8.081917, 24
48.58345, 149.1063, 146.3742, 148.1967, 151.4958, 146.5257, 0.7519946, 9.132112, 11.34205, 62.82098, 137.5505, 140.7086, 142.4642, 145.0148, 149.189, 2.060801, 5.893486, 6.710398, 24
48.40802, 149.9504, 146.7962, 148.2939, 151.4808, 147.1722, 0.7063753, 9.157467, 11.19218, 63.70824, 137.5516, 140.8825, 142.266, 144.4105, 149.5378, 2.124122, 5.685548, 6.255766, 24
47.86837, 150.3752, 146.8407, 148.468, 151.4051, 146.5897, 1.002687, 8.94716, 11.24202, 63.27061, 139.5358, 141.6407, 142.698, 144.5818, 149.5392, 1.654694, 6.154153, 6.943057, 24
47.50935, 150.2871, 146.7992, 148.4464, 151.2663, 146.5295, 1.146713, 8.8456, 11.41157, 63.85404, 138.5645, 141.0889, 142.2424, 144.1099, 150.0944, 2.056427, 6.113369, 6.870012, 24
48.36346, 149.553, 146.3049, 147.952, 151.0737, 146.0844, 1.147565, 8.782526, 11.40104, 64.25899, 138.157, 140.9909, 142.1102, 144.0527, 150.7769, 2.415326, 6.023987, 6.70496, 24
48.53009, 149.6073, 146.6487, 148.3597, 151.6025, 146.0474, 0.7638705, 9.027914, 11.22974, 65.27842, 137.5248, 140.1057, 141.2319, 143.1655, 151.5013, 2.638637, 5.983107, 6.710895, 24
48.7606, 149.6922, 146.8008, 148.5131, 151.7145, 146.0044, 0.8395342, 9.110503, 11.3408, 63.64609, 139.5285, 141.4929, 142.4491, 144.2761, 150.2838, 2.067154, 6.265725, 7.148197, 24
48.39799, 149.325, 146.5195, 148.3745, 151.6425, 146.2296, 0.5885064, 9.129313, 11.12948, 63.77687, 139.1686, 141.1735, 142.1867, 143.9916, 150.6789, 2.086848, 6.161761, 7.051295, 24
48.68719, 148.7837, 146.407, 148.3542, 151.5595, 146.191, 0.5016312, 9.12406, 11.17975, 63.53932, 139.1604, 141.3418, 142.2459, 143.9411, 151.1165, 2.333807, 6.036406, 6.942011, 24
48.0713, 148.9359, 146.5321, 148.4447, 151.5981, 146.4924, 0.6122975, 9.092822, 11.26687, 65.03629, 138.271, 140.2035, 140.8808, 142.8462, 151.6855, 2.517306, 6.086695, 6.985671, 24
47.77841, 149.2422, 147.4219, 149.1956, 152.5491, 146.4543, 0.7263159, 8.83122, 11.35206, 62.90115, 138.9862, 143.0248, 144.3005, 146.2172, 148.0864, 1.24364, 6.184849, 6.326263, 24
48.44901, 149.6949, 147.7133, 149.3604, 152.8027, 146.8007, 0.4925778, 9.076145, 11.49663, 61.96841, 140.2706, 142.887, 143.8089, 145.5043, 149.4822, 1.408894, 6.198939, 6.710106, 24
48.40914, 149.8033, 147.191, 148.8178, 151.7795, 145.7906, 1.693157, 8.495811, 11.60923, 62.59652, 140.232, 142.4454, 143.1407, 144.8003, 149.545, 1.465536, 6.217224, 6.930417, 24
47.56133, 149.8558, 147.8022, 149.3591, 152.3761, 146.7886, 1.026791, 8.903753, 11.22842, 62.90919, 140.4053, 142.4587, 143.1931, 144.7839, 150.1422, 1.695698, 6.158897, 6.924187, 24
48.26388, 149.5674, 147.1976, 148.8558, 151.937, 146.2529, 1.340275, 8.868978, 11.84487, 65.47868, 138.2692, 140.0505, 140.976, 143.0422, 152.1749, 2.711228, 5.978026, 6.754415, 24
49.74984, 151.3125, 146.8988, 148.8831, 151.5217, 146.6883, 3.239484, 7.900949, 13.41181, 65.81881, 137.9069, 139.8958, 140.6263, 142.5679, 151.4892, 2.533505, 6.00221, 6.809736, 24
47.76827, 149.8232, 147.364, 149.031, 151.9707, 145.8501, 1.589054, 8.801919, 11.48019, 65.22974, 137.6775, 140.2147, 141.5013, 143.4571, 151.0501, 2.383841, 5.949067, 6.625488, 24
47.78362, 149.7998, 147.8061, 149.4136, 152.3625, 146.7204, 0.6852844, 9.204556, 11.16777, 63.8826, 139.9299, 142.402, 143.6657, 145.1827, 149.1057, 1.148247, 6.072281, 6.705983, 24
49.32079, 151.1077, 146.4037, 148.37, 151.2123, 146.8046, 3.143546, 7.717368, 13.14956, 64.23194, 140.947, 142.3031, 143.2044, 144.9416, 150.2941, 1.513102, 6.384142, 7.303663, 24
50.00136, 151.1578, 146.6245, 148.6405, 151.2758, 146.2427, 3.200022, 7.641954, 13.57828, 64.39581, 139.9575, 141.5859, 142.0997, 143.8428, 151.0178, 2.135517, 6.279196, 7.178323, 24
49.94856, 150.4906, 146.7583, 148.8776, 151.6462, 146.3058, 2.791199, 8.063848, 13.56735, 63.93045, 139.2764, 141.398, 141.951, 143.5535, 151.9142, 2.466645, 6.274168, 7.080585, 24
50.26292, 150.4351, 146.4576, 148.6912, 151.5189, 146.1729, 2.752215, 8.031869, 13.39536, 64.49844, 139.8851, 141.0535, 141.4484, 142.8135, 151.2954, 1.987708, 6.177332, 7.015792, 24
49.11624, 150.9199, 147.0989, 149.246, 152.0503, 146.1143, 2.785653, 8.138561, 13.08868, 63.5036, 140.7204, 141.6032, 142.1753, 143.548, 150.7566, 1.728956, 6.130694, 7.174468, 24
48.27925, 152.0873, 147.7775, 149.4972, 152.1884, 146.827, 2.926366, 8.083302, 12.76263, 63.17, 140.8384, 142.0353, 142.5587, 143.7859, 150.0198, 1.69096, 6.072701, 7.217217, 24
47.74687, 152.59, 147.8436, 149.567, 152.1906, 146.3529, 3.033768, 8.0982, 12.77106, 63.61216, 142.3354, 143.0699, 143.103, 143.829, 148.408, 1.074836, 6.320496, 7.441837, 24
48.48849, 151.9165, 147.4284, 149.1563, 152.0264, 146.5212, 2.706024, 7.865143, 12.83024, 63.14271, 141.7752, 142.6445, 143.0776, 143.7962, 149.8362, 1.221413, 6.129926, 7.271814, 24
50.61291, 151.4411, 147.6578, 149.684, 152.5767, 145.2754, 3.180877, 7.789336, 12.90217, 62.90332, 142.6145, 142.6727, 142.7433, 143.5123, 148.9027, 1.422853, 6.219904, 7.592125, 24
49.32747, 152.0946, 148.1567, 149.9499, 152.7029, 145.6851, 2.998525, 7.926621, 12.68284, 63.44984, 142.0075, 143.0133, 143.3555, 144.0224, 149.9574, 1.162475, 6.548949, 7.610507, 24
49.07612, 152.8344, 148.9223, 150.3835, 152.9958, 145.3031, 2.976114, 8.00989, 12.31984, 63.75736, 142.6117, 143.4515, 143.8154, 144.7185, 149.288, 1.13746, 6.673913, 7.711874, 24
49.22535, 152.4017, 148.5194, 150.0575, 152.7151, 145.7002, 2.934516, 7.889737, 12.44949, 63.74203, 142.3212, 142.997, 143.5263, 144.4292, 149.6178, 1.210792, 6.496307, 7.543323, 24
48.99655, 151.936, 148.0204, 149.7015, 152.4915, 146.4794, 2.876712, 7.838069, 12.45237, 63.56892, 141.5099, 142.2912, 142.7971, 143.7143, 149.4479, 1.446316, 6.433156, 7.353513, 24
47.18481, 150.6669, 148.2404, 149.7725, 152.8317, 146.1808, 1.573834, 8.730481, 10.46834, 61.60723, 142.5399, 143.3905, 143.9112, 144.6886, 149.1486, 1.494624, 6.453607, 7.158591, 24
46.65864, 150.9921, 148.8773, 150.115, 152.6613, 146.5525, 0.7102429, 9.276398, 9.996939, 62.85283, 140.3351, 140.7968, 141.2637, 142.4671, 151.1687, 2.210188, 6.043838, 7.330289, 24
46.73041, 150.4029, 148.2782, 149.8449, 152.7169, 146.58, 0.8568369, 9.077423, 10.53144, 62.53657, 140.2823, 141.1475, 141.7336, 142.7349, 151.3354, 2.186417, 6.282911, 7.097354, 24
48.74847, 150.7185, 147.0247, 149.0056, 152.0936, 147.4825, 2.680953, 7.862846, 12.58982, 63.45556, 140.0665, 140.8867, 141.6444, 142.978, 151.4346, 2.371906, 6.43468, 7.240992, 24
48.06636, 151.1805, 148.0224, 149.6335, 152.3469, 147.2281, 2.832689, 8.084297, 12.34363, 63.22909, 140.0384, 141.568, 142.3429, 143.541, 150.4732, 1.9707, 6.103613, 7.005131, 24
47.65932, 152.5249, 148.6782, 149.9105, 152.3194, 146.0849, 3.188132, 8.228984, 12.29265, 63.7517, 138.0958, 140.8958, 142.2645, 143.6246, 151.1627, 2.104777, 5.780588, 6.706569, 24
47.31718, 153.5396, 149.2507, 150.1499, 152.5755, 146.006, 3.533134, 8.30513, 12.12397, 64.02707, 138.3005, 140.7684, 141.7706, 143.1678, 151.9082, 2.32961, 6.041502, 6.910435, 24
47.81987, 153.5158, 149.413, 150.1074, 152.6464, 145.7767, 3.681478, 8.300636, 11.9957, 63.48534, 139.1916, 141.4832, 142.2509, 143.7446, 151.3426, 2.243586, 6.237719, 7.016016, 24
48.38543, 152.0616, 148.6866, 149.7922, 152.3443, 146.3329, 3.22264, 8.421891, 11.97497, 63.29284, 139.4385, 141.9806, 142.7445, 144.2105, 150.5583, 1.99292, 6.195396, 7.080612, 24
47.57993, 151.8018, 148.7876, 150.2067, 152.7017, 145.9482, 3.248476, 8.557448, 11.7901, 64.23096, 139.9655, 141.9489, 142.7213, 144.0659, 150.1741, 1.760809, 6.279946, 7.143805, 24
49.90686, 151.2215, 148.2381, 149.6004, 151.795, 145.8062, 3.089271, 8.514261, 12.24923, 63.37803, 140.2243, 142.5317, 143.4151, 144.8259, 149.3981, 1.485958, 6.191787, 7.180126, 24
49.11462, 151.334, 148.2701, 149.2708, 151.5622, 146.9276, 3.123742, 8.290197, 12.12746, 63.43189, 139.9544, 142.6048, 143.5483, 144.9256, 149.4961, 1.448073, 6.06123, 7.188837, 24
48.72428, 151.6335, 148.6491, 149.6683, 151.8999, 146.3145, 3.409787, 8.368676, 11.88486, 64.37584, 139.0254, 140.8132, 141.6956, 142.9333, 151.5205, 2.268485, 6.058642, 6.931492, 24
46.27963, 152.8728, 149.2523, 150.2025, 152.4316, 146.8656, 3.627254, 8.461252, 11.82783, 63.06776, 140.2187, 141.4621, 142.4767, 143.6034, 150.8978, 1.903515, 5.989034, 7.16155, 24
45.23806, 152.8989, 149.3947, 150.536, 152.6086, 146.6964, 3.496032, 8.588033, 11.8583, 62.30182, 141.2364, 142.8144, 143.3626, 144.1312, 149.2175, 1.39297, 6.206209, 7.233808, 24
47.50868, 152.9839, 148.9788, 150.1688, 152.2293, 145.8645, 3.643466, 8.453241, 12.08893, 62.28724, 141.3187, 142.2774, 142.7759, 143.6598, 150.1755, 1.876906, 6.34999, 7.153875, 24
47.08743, 153.9522, 149.8443, 150.6662, 152.5279, 146.056, 3.786566, 8.347743, 12.03853, 61.59592, 140.9038, 141.5611, 142.0198, 142.8361, 151.0757, 2.09415, 6.244913, 7.084545, 24
46.59161, 154.0536, 150.2167, 150.754, 152.6013, 146.8995, 3.609722, 8.538101, 11.79934, 62.1822, 142.1003, 142.3134, 142.8284, 143.6167, 149.5225, 2.032206, 6.556012, 7.492634, 24
47.74614, 154.3359, 150.1115, 150.7501, 152.8303, 145.7658, 3.955572, 8.256211, 11.8677, 62.19311, 141.7516, 141.7627, 142.3877, 143.3327, 150.1211, 2.158852, 6.429894, 7.498969, 24
48.24806, 153.296, 149.7866, 151.0111, 153.4717, 145.2379, 3.58916, 8.197141, 12.02289, 62.21989, 141.8754, 141.7166, 142.6105, 143.5269, 150.1223, 1.763585, 6.467386, 7.179689, 24
48.46465, 153.2793, 149.0559, 150.4489, 153.0448, 145.361, 3.620501, 8.040833, 12.35226, 61.13125, 142.2528, 142.6069, 142.9185, 143.7305, 149.6905, 1.809592, 6.378304, 7.47546, 24
48.45546, 152.8963, 148.3551, 149.9035, 152.3471, 146.1279, 3.347552, 7.832983, 12.42997, 61.73564, 142.0331, 142.0921, 142.6321, 143.4894, 150.3327, 1.82349, 6.53459, 7.346251, 24
47.41771, 152.5268, 148.3985, 149.9036, 152.3478, 146.8417, 3.077971, 7.995073, 12.01923, 62.50683, 142.0391, 142.1997, 142.5793, 143.2581, 150.1751, 1.733365, 6.665739, 7.394755, 24
47.48616, 153.1774, 148.4169, 149.5078, 151.8135, 146.9381, 3.261588, 8.17409, 12.1645, 62.49817, 142.9974, 142.8154, 143.0778, 143.3905, 149.6403, 2.129092, 6.605093, 7.42452, 24
47.19841, 153.1008, 148.9331, 150.0598, 152.348, 146.7243, 3.240511, 8.168108, 12.22798, 62.63335, 142.8988, 142.8081, 143.2583, 143.8011, 149.8624, 2.077354, 6.663473, 7.431785, 24
48.35324, 153.3533, 148.9439, 149.9353, 152.463, 146.2465, 3.251307, 8.014544, 12.29427, 62.84005, 142.4987, 142.4291, 143.0169, 143.5927, 150.0593, 2.012075, 6.629807, 7.34489, 24
48.30021, 153.2822, 148.4577, 149.499, 151.9085, 146.4119, 3.164959, 7.988564, 12.3031, 62.34174, 142.8811, 142.6526, 143.4015, 143.968, 150.1544, 1.996942, 6.61995, 7.326407, 24
46.52251, 154.1472, 149.755, 150.558, 152.6795, 146.4294, 3.391133, 8.184628, 12.06673, 62.96115, 141.9473, 142.0832, 142.5947, 143.0919, 150.9517, 1.948629, 6.681813, 7.242211, 24
46.57593, 154.5597, 150.0252, 150.8666, 152.9729, 146.6553, 3.331489, 8.215778, 11.89912, 63.6605, 141.916, 141.9328, 142.4679, 142.9204, 150.6138, 2.012173, 6.502884, 7.2264, 24
46.74242, 154.2025, 149.2801, 150.5078, 152.5283, 146.1551, 3.529808, 8.198315, 12.17003, 61.37315, 142.6611, 142.8599, 143.188, 143.3584, 150.7372, 2.210808, 6.579301, 7.211697, 24
46.8873, 154.1156, 148.7483, 149.7825, 151.8772, 146.0636, 3.554791, 8.222372, 12.26492, 60.15311, 143.1241, 142.8887, 143.2009, 143.2719, 150.1698, 2.396207, 6.624659, 7.23858, 24
45.29858, 154.0982, 148.4257, 149.3236, 151.3915, 146.8275, 3.447419, 8.105058, 12.2921, 60.62149, 142.7467, 142.7061, 143.0853, 143.0948, 150.033, 2.550982, 6.691052, 7.138557, 24
45.53823, 154.4734, 149.0011, 149.5888, 151.5952, 146.4377, 3.435073, 8.030499, 12.02188, 61.31287, 142.4181, 142.6963, 143.1685, 143.0542, 150.4743, 2.371081, 6.746571, 7.173921, 24
47.7882, 153.8998, 149.0826, 149.6633, 151.8697, 146.4343, 3.237731, 8.103822, 11.96884, 62.75853, 141.6589, 141.9451, 142.429, 142.7795, 150.7561, 2.18928, 6.785095, 7.213655, 24
20.48817, 35.15473, 32.24736, 25.91438, 25.86184, 42.33359, 5.586126, 5.997897, 8.851017, 30.35528, 46.28254, 44.03393, 40.29961, 45.67701, 43.35263, 12.55751, 8.066842, 12.58658, 0
18.90852, 31.09871, 28.37877, 20.65609, 20.70972, 43.44913, 5.338471, 6.877488, 9.563141, 31.04958, 49.61618, 45.79292, 40.79966, 45.70633, 42.50716, 12.63548, 8.131972, 12.25446, 0
17.45963, 26.33336, 21.57351, 13.64548, 14.44115, 44.66797, 5.879766, 7.519821, 10.07493, 30.0458, 50.40299, 45.59829, 40.21601, 45.22063, 42.05782, 12.76872, 8.221035, 12.17675, 0
17.6588, 22.6248, 14.68577, 7.162783, 7.303958, 44.17249, 7.37794, 8.35999, 11.21728, 30.75639, 50.69947, 45.15745, 39.15651, 43.9809, 42.08487, 13.07024, 8.376088, 12.28784, 0
16.29693, 20.03992, 12.96, 5.648231, 4.865344, 44.83208, 6.578109, 8.846066, 11.8288, 30.18511, 51.10329, 44.64604, 38.23914, 43.18692, 42.27684, 13.32396, 8.54454, 12.38615, 0
17.38397, 24.20916, 17.22618, 9.957793, 8.438313, 43.62151, 7.77539, 9.206861, 12.33152, 30.66535, 51.43444, 46.0103, 40.41589, 45.63175, 42.91422, 12.77714, 8.453753, 12.27366, 0
17.73579, 28.70246, 24.25852, 19.39179, 19.06044, 42.95106, 6.235393, 8.018512, 12.11901, 28.04609, 47.10037, 42.56735, 37.24367, 43.14791, 44.19933, 12.65217, 8.443084, 12.65485, 0
19.99809, 38.95472, 31.63959, 22.08288, 19.6293, 44.68243, 11.33942, 10.90467, 14.05604, 33.86499, 51.87917, 46.8591, 41.71308, 47.18343, 43.12938, 12.59307, 7.908002, 12.03653, 0
16.08951, 44.18717, 31.28864, 21.49339, 23.90868, 45.1272, 13.45108, 10.36555, 11.6576, 28.85308, 48.04448, 42.98632, 37.48369, 42.63704, 43.86707, 12.2557, 7.773874, 11.94822, 0
25.27916, 38.91991, 26.86941, 18.3669, 19.11806, 40.44938, 12.22142, 10.1596, 11.24321, 27.34194, 45.89087, 42.28609, 36.49659, 42.09615, 42.99055, 11.56671, 7.817005, 12.00098, 0
35.02549, 81.12005, 87.86083, 80.83167, 74.97433, 50.54037, 7.766701, 13.41881, 14.64352, 39.90656, 123.58, 154.0661, 176.2482, 176.9729, 67.82844, 39.84135, 18.00771, 10.75565, 0
59.79646, 171.4169, 158.6584, 157.2047, 157.205, 128.3409, 13.05179, 11.72407, 14.31558, 55.27561, 144.7389, 145.8946, 147.567, 148.3136, 140.2484, 4.053329, 7.34505, 6.581983, 0
43.83226, 171.713, 156.6308, 153.635, 152.1884, 102.7759, 29.64704, 10.82067, 13.23966, 76.85502, 162.0747, 167.0331, 177.3434, 159.5051, 125.369, 7.028697, 25.77248, 11.44415, 0
31.67887, 172.9088, 167.0161, 163.7781, 163.3819, 106.8275, 18.51135, 10.56941, 14.29704, 81.2785, 127.0936, 66.13715, 71.98641, 70.2364, 78.46426, 74.72995, 10.52269, 15.00056, 0
36.64749, 173.4312, 178.0625, 174.5096, 176.016, 106.705, 13.42659, 11.90794, 15.02553, 60.41956, 111.424, 38.91277, 45.49572, 43.10094, 37.2407, 34.1995, 7.771147, 13.77021, 0
36.64749, 173.4312, 178.0625, 174.5096, 176.016, 106.705, 13.42659, 11.90794, 15.02553, 60.41956, 111.424, 38.91277, 45.49572, 43.10094, 37.2407, 34.1995, 7.771147, 13.77021, 0
36.64749, 173.4312, 178.0625, 174.5096, 176.016, 106.705, 13.42659, 11.90794, 15.02553, 60.41956, 111.424, 38.91277, 45.49572, 43.10094, 37.2407, 34.1995, 7.771147, 13.77021, 0
36.64749, 173.4312, 178.0625, 174.5096, 176.016, 106.705, 13.42659, 11.90794, 15.02553, 60.41956, 111.424, 38.91277, 45.49572, 43.10094, 37.2407, 34.1995, 7.771147, 13.77021, 0
36.64749, 173.4312, 178.0625, 174.5096, 176.016, 106.705, 13.42659, 11.90794, 15.02553, 60.41956, 111.424, 38.91277, 45.49572, 43.10094, 37.2407, 34.1995, 7.771147, 13.77021, 0
36.64749, 173.4312, 178.0625, 174.5096, 176.016, 106.705, 13.42659, 11.90794, 15.02553, 60.41956, 111.424, 38.91277, 45.49572, 43.10094, 37.2407, 34.1995, 7.771147, 13.77021, 0
36.64749, 173.4312, 178.0625, 174.5096, 176.016, 106.705, 13.42659, 11.90794, 15.02553, 60.41956, 111.424, 38.91277, 45.49572, 43.10094, 37.2407, 34.1995, 7.771147, 13.77021, 0
36.64749, 173.4312, 178.0625, 174.5096, 176.016, 106.705, 13.42659, 11.90794, 15.02553, 60.41956, 111.424, 38.91277, 45.49572, 43.10094, 37.2407, 34.1995, 7.771147, 13.77021, 0
36.64749, 173.4312, 178.0625, 174.5096, 176.016, 106.705, 13.42659, 11.90794, 15.02553, 60.41956, 111.424, 38.91277, 45.49572, 43.10094, 37.2407, 34.1995, 7.771147, 13.77021, 0
36.64749, 173.4312, 178.0625, 174.5096, 176.016, 106.705, 13.42659, 11.90794, 15.02553, 60.41956, 111.424, 38.91277, 45.49572, 43.10094, 37.2407, 34.1995, 7.771147, 13.77021, 0
36.64749, 173.4312, 178.0625, 174.5096, 176.016, 106.705, 13.42659, 11.90794, 15.02553, 60.41956, 111.424, 38.91277, 45.49572, 43.10094, 37.2407, 34.1995, 7.771147, 13.77021, 0
36.64749, 173.4312, 178.0625, 174.5096, 176.016, 106.705, 13.42659, 11.90794, 15.02553, 60.41956, 111.424, 38.91277, 45.49572, 43.10094, 37.2407, 34.1995, 7.771147, 13.77021, 0
36.64749, 173.4312, 178.0625, 174.5096, 176.016, 106.705, 13.42659, 11.90794, 15.02553, 60.41956, 111.424, 38.91277, 45.49572, 43.10094, 37.2407, 34.1995, 7.771147, 13.77021, 0
36.64749, 173.4312, 178.0625, 174.5096, 176.016, 106.705, 13.42659, 11.90794, 15.02553, 60.41956, 111.424, 38.91277, 45.49572, 43.10094, 37.2407, 34.1995, 7.771147, 13.77021, 0
36.64749, 173.4312, 178.0625, 174.5096, 176.016, 106.705, 13.42659, 11.90794, 15.02553, 60.41956, 111.424, 38.91277, 45.49572, 43.10094, 37.2407, 34.1995, 7.771147, 13.77021, 0
36.64749, 173.4312, 178.0625, 174.5096, 176.016, 106.705, 13.42659, 11.90794, 15.02553, 60.41956, 111.424, 38.91277, 45.49572, 43.10094, 37.2407, 34.1995, 7.771147, 13.77021, 0
36.64749, 173.4312, 178.0625, 174.5096, 176.016, 106.705, 13.42659, 11.90794, 15.02553, 60.41956, 111.424, 38.91277, 45.49572, 43.10094, 37.2407, 34.1995, 7.771147, 13.77021, 0
36.64749, 173.4312, 178.0625, 174.5096, 176.016, 106.705, 13.42659, 11.90794, 15.02553, 60.41956, 111.424, 38.91277, 45.49572, 43.10094, 37.2407, 34.1995, 7.771147, 13.77021, 0
36.64749, 173.4312, 178.0625, 174.5096, 176.016, 106.705, 13.42659, 11.90794, 15.02553, 60.41956, 111.424, 38.91277, 45.49572, 43.10094, 37.2407, 34.1995, 7.771147, 13.77021, 0
36.64749, 173.4312, 178.0625, 174.5096, 176.016, 106.705, 13.42659, 11.90794, 15.02553, 60.41956, 111.424, 38.91277, 45.49572, 43.10094, 37.2407, 34.1995, 7.771147, 13.77021, 0
36.64749, 173.4312, 178.0625, 174.5096, 176.016, 106.705, 13.42659, 11.90794, 15.02553, 60.41956, 111.424, 38.91277, 45.49572, 43.10094, 37.2407, 34.1995, 7.771147, 13.77021, 0
36.64749, 173.4312, 178.0625, 174.5096, 176.016, 106.705, 13.42659, 11.90794, 15.02553, 60.41956, 111.424, 38.91277, 45.49572, 43.10094, 37.2407, 34.1995, 7.771147, 13.77021, 0
36.64749, 173.4312, 178.0625, 174.5096, 176.016, 106.705, 13.42659, 11.90794, 15.02553, 60.41956, 111.424, 38.91277, 45.49572, 43.10094, 37.2407, 34.1995, 7.771147, 13.77021, 0
36.64749, 173.4312, 178.0625, 174.5096, 176.016, 106.705, 13.42659, 11.90794, 15.02553, 60.41956, 111.424, 38.91277, 45.49572, 43.10094, 37.2407, 34.1995, 7.771147, 13.77021, 0
36.64749, 173.4312, 178.0625, 174.5096, 176.016, 106.705, 13.42659, 11.90794, 15.02553, 60.41956, 111.424, 38.91277, 45.49572, 43.10094, 37.2407, 34.1995, 7.771147, 13.77021, 0
36.64749, 173.4312, 178.0625, 174.5096, 176.016, 106.705, 13.42659, 11.90794, 15.02553, 60.41956, 111.424, 38.91277, 45.49572, 43.10094, 37.2407, 34.1995, 7.771147, 13.77021, 0
36.64749, 173.4312, 178.0625, 174.5096, 176.016, 106.705, 13.42659, 11.90794, 15.02553, 60.41956, 111.424, 38.91277, 45.49572, 43.10094, 37.2407, 34.1995, 7.771147, 13.77021, 0
36.64749, 173.4312, 178.0625, 174.5096, 176.016, 106.705, 13.42659, 11.90794, 15.02553, 60.41956, 111.424, 38.91277, 45.49572, 43.10094, 37.2407, 34.1995, 7.771147, 13.77021, 0
36.64749, 173.4312, 178.0625, 174.5096, 176.016, 106.705, 13.42659, 11.90794, 15.02553, 60.41956, 111.424, 38.91277, 45.49572, 43.10094, 37.2407, 34.1995, 7.771147, 13.77021, 0
36.64749, 173.4312, 178.0625, 174.5096, 176.016, 106.705, 13.42659, 11.90794, 15.02553, 60.41956, 111.424, 38.91277, 45.49572, 43.10094, 37.2407, 34.1995, 7.771147, 13.77021, 0
36.64749, 173.4312, 178.0625, 174.5096, 176.016, 106.705, 13.42659, 11.90794, 15.02553, 60.41956, 111.424, 38.91277, 45.49572, 43.10094, 37.2407, 34.1995, 7.771147, 13.77021, 0
36.64749, 173.4312, 178.0625, 174.5096, 176.016, 106.705, 13.42659, 11.90794, 15.02553, 60.41956, 111.424, 38.91277, 45.49572, 43.10094, 37.2407, 34.1995, 7.771147, 13.77021, 0
36.64749, 173.4312, 178.0625, 174.5096, 176.016, 106.705, 13.42659, 11.90794, 15.02553, 60.41956, 111.424, 38.91277, 45.49572, 43.10094, 37.2407, 34.1995, 7.771147, 13.77021, 0
36.64749, 173.4312, 178.0625, 174.5096, 176.016, 106.705, 13.42659, 11.90794, 15.02553, 60.41956, 111.424, 38.91277, 45.49572, 43.10094, 37.2407, 34.1995, 7.771147, 13.77021, 0
36.64749, 173.4312, 178.0625, 174.5096, 176.016, 106.705, 13.42659, 11.90794, 15.02553, 60.41956, 111.424, 38.91277, 45.49572, 43.10094, 37.2407, 34.1995, 7.771147, 13.77021, 0
25.55726, 112.2501, 87.45599, 89.59459, 141.9417, 56.55311, 30.51829, 6.404656, 22.83172, 44.48832, 23.92387, 19.74155, 69.64565, 79.5638, 34.20281, 38.93695, 37.75082, 17.27321, 0
23.75377, 111.6759, 87.34577, 135.6373, 160.755, 57.07349, 30.26313, 35.91145, 8.007709, 33.35564, 117.2644, 8.45575, 69.43915, 30.50668, 104.397, 104.0396, 16.34406, 6.860612, 0
23.72945, 110.7692, 86.46632, 147.1773, 157.8985, 56.95901, 29.64503, 35.07744, 7.27985, 33.11441, 115.3346, 7.942702, 57.48032, 118.029, 114.0409, 119, 59.7262, 57.23018, 0
23.69206, 111.771, 87.3107, 155.3665, 165.6448, 57.49544, 29.99857, 42.47072, 8.178365, 30.44243, 169.3882, 10.27462, 89.63144, 99.58291, 101.595, 95.30289, 87.2494, 9.807163, 0
23.82642, 110.5536, 84.93128, 159.8266, 168.3718, 56.40454, 30.07208, 47.46935, 9.531144, 26.66648, 126.7405, 10.76602, 60.74294, 73.69965, 64.32605, 58.98772, 68.92036, 9.604125, 0
23.82642, 110.5536, 84.93128, 159.8266, 168.3718, 56.40454, 30.07208, 47.46935, 9.531144, 26.66648, 126.7405, 10.76602, 60.74294, 73.69965, 64.32605, 58.98772, 68.92036, 9.604125, 0
23.82642, 110.5536, 84.93128, 159.8266, 168.3718, 56.40454, 30.07208, 47.46935, 9.531144, 26.66648, 126.7405, 10.76602, 60.74294, 73.69965, 64.32605, 58.98772, 68.92036, 9.604125, 0
23.82642, 110.5536, 84.93128, 159.8266, 168.3718, 56.40454, 30.07208, 47.46935, 9.531144, 26.66648, 126.7405, 10.76602, 60.74294, 73.69965, 64.32605, 58.98772, 68.92036, 9.604125, 0
23.82642, 110.5536, 84.93128, 159.8266, 168.3718, 56.40454, 30.07208, 47.46935, 9.531144, 26.66648, 126.7405, 10.76602, 60.74294, 73.69965, 64.32605, 58.98772, 68.92036, 9.604125, 0
23.82642, 110.5536, 84.93128, 159.8266, 168.3718, 56.40454, 30.07208, 47.46935, 9.531144, 26.66648, 126.7405, 10.76602, 60.74294, 73.69965, 64.32605, 58.98772, 68.92036, 9.604125, 0
23.82642, 110.5536, 84.93128, 159.8266, 168.3718, 56.40454, 30.07208, 47.46935, 9.531144, 26.66648, 126.7405, 10.76602, 60.74294, 73.69965, 64.32605, 58.98772, 68.92036, 9.604125, 0
23.82642, 110.5536, 84.93128, 159.8266, 168.3718, 56.40454, 30.07208, 47.46935, 9.531144, 26.66648, 126.7405, 10.76602, 60.74294, 73.69965, 64.32605, 58.98772, 68.92036, 9.604125, 0
23.82642, 110.5536, 84.93128, 159.8266, 168.3718, 56.40454, 30.07208, 47.46935, 9.531144, 26.66648, 126.7405, 10.76602, 60.74294, 73.69965, 64.32605, 58.98772, 68.92036, 9.604125, 0
23.82642, 110.5536, 84.93128, 159.8266, 168.3718, 56.40454, 30.07208, 47.46935, 9.531144, 26.66648, 126.7405, 10.76602, 60.74294, 73.69965, 64.32605, 58.98772, 68.92036, 9.604125, 0
23.82642, 110.5536, 84.93128, 159.8266, 168.3718, 56.40454, 30.07208, 47.46935, 9.531144, 26.66648, 126.7405, 10.76602, 60.74294, 73.69965, 64.32605, 58.98772, 68.92036, 9.604125, 0
37.89556, 113.5235, 67.10554, 50.86235, 58.42089, 49.87223, 45.74976, 9.782311, 8.265196, 54.53241, 90.68668, 69.12279, 60.19096, 56.50296, 39.25484, 24.62831, 10.07505, 11.02702, 0
21.73579, 36.03493, 18.3906, 8.540792, 10.78803, 44.02201, 15.0331, 11.94903, 15.15807, 27.94717, 45.89084, 43.16585, 38.1427, 47.20422, 43.45367, 8.889908, 6.991032, 12.14377, 0
16.30242, 39.71547, 32.4394, 26.09054, 26.26058, 41.3156, 8.276117, 8.093616, 11.28805, 37.90552, 55.33487, 48.38761, 43.08255, 49.69365, 43.49088, 11.76209, 6.951612, 11.60614, 0
13.99211, 44.46053, 39.73264, 35.26131, 37.56405, 44.95013, 7.181219, 6.298277, 10.33558, 31.40617, 50.69942, 41.79123, 35.86162, 41.49536, 49.00048, 13.06825, 8.504914, 12.90285, 0
10.2974, 45.73569, 42.54796, 37.74862, 38.68929, 47.47974, 6.608624, 6.818659, 11.19616, 7.630492, 36.27092, 31.81256, 25.38039, 33.45838, 51.26193, 14.75383, 8.571941, 14.19401, 0
10.52703, 37.40769, 33.74108, 29.20221, 32.35063, 46.44151, 5.606088, 7.179197, 10.67905, 8.212982, 46.57997, 38.4501, 32.58422, 39.84026, 48.83049, 13.63713, 8.802656, 13.4719, 0
8.313779, 44.23638, 37.40057, 31.87108, 35.15453, 47.333, 8.122334, 7.628716, 11.4563, 2.868534, 45.31026, 36.30197, 29.79987, 36.57384, 51.09434, 13.50712, 9.031417, 13.4658, 0
8.555634, 43.51347, 35.48026, 31.48935, 35.1011, 47.11726, 8.582405, 7.553099, 11.92304, 8.194434, 37.69972, 32.60082, 26.47982, 32.0231, 50.67288, 11.60312, 8.361047, 12.92009, 0
7.740528, 40.8061, 32.42425, 27.94415, 32.08369, 44.66576, 8.774852, 7.874297, 11.60317, 0.1266688, 37.70724, 31.13142, 24.27919, 31.64475, 50.46837, 12.91359, 8.518044, 13.30644, 0
7.955173, 39.73351, 31.79642, 27.64662, 31.90664, 44.86502, 8.496136, 8.145216, 12.05782, 13.79348, 42.61742, 35.35784, 28.68321, 34.04506, 51.95153, 12.90127, 8.349507, 13.25131, 0
9.46718, 40.13824, 35.06442, 30.66446, 36.00879, 44.07582, 7.798881, 8.054104, 11.66983, 10.3399, 40.6366, 37.60154, 31.2066, 37.62388, 50.33544, 12.98194, 9.184679, 14.264, 0
9.302441, 43.94227, 42.7298, 41.01244, 48.80364, 42.15089, 6.442568, 8.091385, 11.49648, 4.364979, 45.69214, 36.13958, 28.76283, 34.38547, 50.49116, 16.57908, 10.43948, 14.45959, 0
9.362922, 40.65534, 40.19098, 36.49959, 43.54572, 43.3348, 5.62779, 8.140323, 11.8195, 10.89047, 47.07343, 36.73046, 30.50474, 38.71703, 49.22791, 15.58409, 9.569634, 14.00996, 0
8.05403, 39.64305, 37.45667, 33.73402, 37.29524, 43.78653, 6.09323, 8.500017, 12.15594, 6.679699, 47.18613, 36.56248, 29.06172, 37.06233, 50.45057, 16.81471, 10.04776, 14.31752, 0
5.620821, 38.06728, 34.72263, 30.68935, 35.63843, 44.99332, 6.238065, 8.020886, 11.5825, 6.139832, 49.37658, 37.53017, 30.37812, 38.93854, 50.98235, 16.34758, 10.30261, 14.41722, 0
7.765968, 41.56873, 39.75096, 36.78225, 41.36238, 43.66896, 5.951703, 7.693707, 11.61683, 7.905172, 45.92057, 37.5622, 31.08033, 39.76883, 48.94293, 14.87096, 9.452593, 13.94161, 0
8.753963, 47.36878, 42.60353, 39.195, 41.97124, 45.24588, 8.034264, 8.788005, 12.03907, 7.954852, 45.87421, 37.1461, 30.36892, 37.79008, 49.76689, 16.98252, 9.453404, 14.54448, 0
9.765775, 48.71257, 44.16569, 38.69068, 40.45491, 45.04341, 7.985885, 8.955237, 12.33681, 5.457256, 45.42951, 37.50711, 30.02009, 38.91271, 50.86695, 15.00806, 8.992129, 14.30904, 0
8.628395, 47.27513, 42.53148, 39.76929, 42.97504, 45.50905, 7.094728, 8.527261, 11.88184, 11.49271, 42.57091, 37.64201, 30.54676, 40.72925, 49.91086, 14.41977, 9.002743, 14.58144, 0
10.76487, 45.67613, 43.50604, 39.50809, 40.97562, 42.49463, 7.563977, 9.913636, 13.5423, 11.21816, 40.08013, 36.19497, 29.05131, 38.29642, 50.67804, 14.58998, 8.712396, 14.28534, 0
11.05872, 35.48216, 31.08245, 23.76265, 25.4862, 46.6455, 8.022453, 9.859694, 13.94532, 9.794122, 42.52869, 37.2478, 29.86876, 39.90086, 50.49041, 14.76459, 8.836845, 14.41385, 0
10.16937, 28.32908, 27.36517, 20.26952, 20.66282, 46.26099, 4.966291, 8.839957, 12.11383, 12.34298, 41.61282, 35.74805, 28.97965, 38.52562, 48.56175, 14.96677, 8.63977, 14.03919, 0
14.15009, 25.44786, 27.53822, 19.54884, 18.29851, 46.05466, 4.221275, 9.35677, 12.15927, 14.05122, 44.44685, 37.60451, 30.61761, 39.79319, 49.54597, 15.59945, 8.565042, 14.14841, 0
14.35653, 25.74328, 28.85492, 22.68719, 24.72789, 46.41979, 3.240994, 6.805645, 9.554606, 12.0663, 44.17141, 37.24121, 30.10813, 39.44528, 49.22333, 16.28094, 8.644316, 14.46817, 0
14.79123, 25.51489, 27.58752, 23.06603, 24.15035, 44.53822, 3.630114, 7.142458, 10.33032, 11.64557, 43.09661, 34.32493, 27.46776, 37.21001, 49.6803, 17.13531, 8.671268, 14.78056, 0
14.69047, 26.88227, 28.80248, 23.15517, 24.82103, 44.78144, 4.25243, 7.533223, 10.6214, 10.82504, 45.07982, 35.45101, 28.36028, 38.96813, 49.45611, 17.15166, 8.89819, 15.02895, 0
14.46804, 26.68233, 28.2907, 22.51391, 24.16268, 44.65454, 4.139335, 7.41873, 10.60693, 12.77516, 47.10806, 37.08079, 29.98973, 41.26507, 49.04401, 16.50271, 8.896071, 14.79673, 0
14.25523, 24.74994, 25.70469, 19.4915, 20.70948, 45.14442, 4.041087, 7.848379, 11.22791, 12.89521, 45.51068, 37.62318, 30.33727, 41.03509, 49.31934, 15.69648, 8.923898, 14.83728, 0
11.83741, 23.54189, 23.66797, 16.5202, 17.58907, 47.02675, 3.578944, 8.115806, 11.21315, 8.909797, 42.01362, 34.22036, 27.25768, 38.6026, 49.3936, 15.65565, 8.796316, 14.56061, 0
11.77396, 22.86128, 21.18407, 12.36394, 12.08204, 47.48325, 5.129042, 9.802069, 13.15658, 11.06961, 40.11283, 34.15455, 27.34098, 36.67742, 48.75323, 14.25357, 8.764167, 13.93516, 0
8.945777, 31.13589, 30.51527, 25.23647, 27.10249, 47.736, 4.634303, 8.200134, 12.10952, 8.733631, 40.39581, 33.69198, 26.50171, 34.17704, 49.69456, 13.55095, 9.253255, 13.4917, 0
10.9627, 37.26068, 36.92107, 34.30214, 35.78158, 47.0759, 5.567465, 8.368067, 14.08856, 8.90715, 41.03515, 34.24878, 26.89563, 34.51905, 49.75617, 13.63334, 9.136048, 13.57659, 0
8.541183, 52.26523, 49.18117, 42.80951, 43.23118, 48.6655, 9.053863, 8.408169, 12.6965, 9.164395, 36.53308, 32.6726, 25.97493, 33.99477, 49.27753, 13.28959, 8.529701, 13.51357, 0
8.74579, 49.39264, 47.51393, 43.99228, 48.62505, 45.28104, 6.804867, 8.288563, 11.85135, 9.584291, 39.9008, 33.41189, 26.86538, 37.9839, 48.85125, 15.34203, 8.372876, 14.45972, 0
7.100173, 42.81529, 38.87901, 34.17378, 36.87667, 47.2879, 7.054438, 7.041496, 11.20665, 8.633356, 38.85004, 32.51143, 26.11309, 37.94091, 49.16482, 14.60421, 8.444455, 14.5625, 0
9.802973, 43.49015, 41.23321, 34.52047, 36.39596, 44.77505, 7.055244, 9.052908, 11.85754, 6.505809, 37.06425, 30.03686, 23.57427, 35.55817, 48.00922, 14.32403, 8.605807, 14.55022, 0
24.49502, 72.05004, 83.34602, 91.67499, 107.5036, 44.77101, 6.254575, 7.091769, 19.71651, 40.62983, 92.9895, 104.7141, 125.5741, 138.6467, 33.79161, 16.5798, 34.56493, 18.89816, 0
45.30045, 169.8885, 170.6866, 164.0723, 163.6758, 114.9695, 21.0167, 10.76264, 13.63079, 48.16342, 149.7981, 148.5898, 147.927, 147.5144, 140.444, 2.627784, 8.412068, 7.297562, 0
56.84439, 167.5764, 156.5103, 155.8335, 155.8402, 126.3522, 12.52316, 9.880812, 12.28602, 54.94099, 174.7029, 174.4438, 169.1593, 167.9939, 122.6803, 7.320648, 11.26532, 11.38131, 0
48.75127, 167.2202, 151.0974, 149.5981, 148.399, 116.6924, 27.73128, 6.748082, 12.85351, 73.77303, 108.8654, 135.2319, 131.6333, 91.09139, 45.2368, 30.32051, 11.98273, 33.30576, 0
73.81453, 146.8725, 155.4714, 157.1147, 148.955, 82.1117, 5.056096, 29.70979, 27.60127, 46.24273, 69.73192, 143.593, 137.5184, 48.30083, 25.28015, 64.20208, 10.09586, 41.03927, 0
73.81453, 146.8725, 155.4714, 157.1147, 148.955, 82.1117, 5.056096, 29.70979, 27.60127, 46.24273, 69.73192, 143.593, 137.5184, 48.30083, 25.28015, 64.20208, 10.09586, 41.03927, 0
73.81453, 146.8725, 155.4714, 157.1147, 148.955, 82.1117, 5.056096, 29.70979, 27.60127, 46.24273, 69.73192, 143.593, 137.5184, 48.30083, 25.28015, 64.20208, 10.09586, 41.03927, 0
73.81453, 146.8725, 155.4714, 157.1147, 148.955, 82.1117, 5.056096, 29.70979, 27.60127, 46.24273, 69.73192, 143.593, 137.5184, 48.30083, 25.28015, 64.20208, 10.09586, 41.03927, 0
73.81453, 146.8725, 155.4714, 157.1147, 148.955, 82.1117, 5.056096, 29.70979, 27.60127, 46.24273, 69.73192, 143.593, 137.5184, 48.30083, 25.28015, 64.20208, 10.09586, 41.03927, 0
73.81453, 146.8725, 155.4714, 157.1147, 148.955, 82.1117, 5.056096, 29.70979, 27.60127, 46.24273, 69.73192, 143.593, 137.5184, 48.30083, 25.28015, 64.20208, 10.09586, 41.03927, 0
73.81453, 146.8725, 155.4714, 157.1147, 148.955, 82.1117, 5.056096, 29.70979, 27.60127, 46.24273, 69.73192, 143.593, 137.5184, 48.30083, 25.28015, 64.20208, 10.09586, 41.03927, 0
73.81453, 146.8725, 155.4714, 157.1147, 148.955, 82.1117, 5.056096, 29.70979, 27.60127, 46.24273, 69.73192, 143.593, 137.5184, 48.30083, 25.28015, 64.20208, 10.09586, 41.03927, 0
73.81453, 146.8725, 155.4714, 157.1147, 148.955, 82.1117, 5.056096, 29.70979, 27.60127, 46.24273, 69.73192, 143.593, 137.5184, 48.30083, 25.28015, 64.20208, 10.09586, 41.03927, 0
73.81453, 146.8725, 155.4714, 157.1147, 148.955, 82.1117, 5.056096, 29.70979, 27.60127, 46.24273, 69.73192, 143.593, 137.5184, 48.30083, 25.28015, 64.20208, 10.09586, 41.03927, 0
73.81453, 146.8725, 155.4714, 157.1147, 148.955, 82.1117, 5.056096, 29.70979, 27.60127, 46.24273, 69.73192, 143.593, 137.5184, 48.30083, 25.28015, 64.20208, 10.09586, 41.03927, 0
73.81453, 146.8725, 155.4714, 157.1147, 148.955, 82.1117, 5.056096, 29.70979, 27.60127, 46.24273, 69.73192, 143.593, 137.5184, 48.30083, 25.28015, 64.20208, 10.09586, 41.03927, 0
73.81453, 146.8725, 155.4714, 157.1147, 148.955, 82.1117, 5.056096, 29.70979, 27.60127, 46.24273, 69.73192, 143.593, 137.5184, 48.30083, 25.28015, 64.20208, 10.09586, 41.03927, 0
73.81453, 146.8725, 155.4714, 157.1147, 148.955, 82.1117, 5.056096, 29.70979, 27.60127, 46.24273, 69.73192, 143.593, 137.5184, 48.30083, 25.28015, 64.20208, 10.09586, 41.03927, 0
73.81453, 146.8725, 155.4714, 157.1147, 148.955, 82.1117, 5.056096, 29.70979, 27.60127, 46.24273, 69.73192, 143.593, 137.5184, 48.30083, 25.28015, 64.20208, 10.09586, 41.03927, 0
73.81453, 146.8725, 155.4714, 157.1147, 148.955, 82.1117, 5.056096, 29.70979, 27.60127, 46.24273, 69.73192, 143.593, 137.5184, 48.30083, 25.28015, 64.20208, 10.09586, 41.03927, 0
73.81453, 146.8725, 155.4714, 157.1147, 148.955, 82.1117, 5.056096, 29.70979, 27.60127, 46.24273, 69.73192, 143.593, 137.5184, 48.30083, 25.28015, 64.20208, 10.09586, 41.03927, 0
73.81453, 146.8725, 155.4714, 157.1147, 148.955, 82.1117, 5.056096, 29.70979, 27.60127, 46.24273, 69.73192, 143.593, 137.5184, 48.30083, 25.28015, 64.20208, 10.09586, 41.03927, 0
73.81453, 146.8725, 155.4714, 157.1147, 148.955, 82.1117, 5.056096, 29.70979, 27.60127, 46.24273, 69.73192, 143.593, 137.5184, 48.30083, 25.28015, 64.20208, 10.09586, 41.03927, 0
73.81453, 146.8725, 155.4714, 157.1147, 148.955, 82.1117, 5.056096, 29.70979, 27.60127, 46.24273, 69.73192, 143.593, 137.5184, 48.30083, 25.28015, 64.20208, 10.09586, 41.03927, 0
73.81453, 146.8725, 155.4714, 157.1147, 148.955, 82.1117, 5.056096, 29.70979, 27.60127, 46.24273, 69.73192, 143.593, 137.5184, 48.30083, 25.28015, 64.20208, 10.09586, 41.03927, 0
73.81453, 146.8725, 155.4714, 157.1147, 148.955, 82.1117, 5.056096, 29.70979, 27.60127, 46.24273, 69.73192, 143.593, 137.5184, 48.30083, 25.28015, 64.20208, 10.09586, 41.03927, 0
73.81453, 146.8725, 155.4714, 157.1147, 148.955, 82.1117, 5.056096, 29.70979, 27.60127, 46.24273, 69.73192, 143.593, 137.5184, 48.30083, 25.28015, 64.20208, 10.09586, 41.03927, 0
73.81453, 146.8725, 155.4714, 157.1147, 148.955, 82.1117, 5.056096, 29.70979, 27.60127, 46.24273, 69.73192, 143.593, 137.5184, 48.30083, 25.28015, 64.20208, 10.09586, 41.03927, 0
73.81453, 146.8725, 155.4714, 157.1147, 148.955, 82.1117, 5.056096, 29.70979, 27.60127, 46.24273, 69.73192, 143.593, 137.5184, 48.30083, 25.28015, 64.20208, 10.09586, 41.03927, 0
73.81453, 146.8725, 155.4714, 157.1147, 148.955, 82.1117, 5.056096, 29.70979, 27.60127, 46.24273, 69.73192, 143.593, 137.5184, 48.30083, 25.28015, 64.20208, 10.09586, 41.03927, 0
73.81453, 146.8725, 155.4714, 157.1147, 148.955, 82.1117, 5.056096, 29.70979, 27.60127, 46.24273, 69.73192, 143.593, 137.5184, 48.30083, 25.28015, 64.20208, 10.09586, 41.03927, 0
73.81453, 146.8725, 155.4714, 157.1147, 148.955, 82.1117, 5.056096, 29.70979, 27.60127, 46.24273, 69.73192, 143.593, 137.5184, 48.30083, 25.28015, 64.20208, 10.09586, 41.03927, 0
73.81453, 146.8725, 155.4714, 157.1147, 148.955, 82.1117, 5.056096, 29.70979, 27.60127, 46.24273, 69.73192, 143.593, 137.5184, 48.30083, 25.28015, 64.20208, 10.09586, 41.03927, 0
73.81453, 146.8725, 155.4714, 157.1147, 148.955, 82.1117, 5.056096, 29.70979, 27.60127, 46.24273, 69.73192, 143.593, 137.5184, 48.30083, 25.28015, 64.20208, 10.09586, 41.03927, 0
73.81453, 146.8725, 155.4714, 157.1147, 148.955, 82.1117, 5.056096, 29.70979, 27.60127, 46.24273, 69.73192, 143.593, 137.5184, 48.30083, 25.28015, 64.20208, 10.09586, 41.03927, 0
73.81453, 146.8725, 155.4714, 157.1147, 148.955, 82.1117, 5.056096, 29.70979, 27.60127, 46.24273, 69.73192, 143.593, 137.5184, 48.30083, 25.28015, 64.20208, 10.09586, 41.03927, 0
73.81453, 146.8725, 155.4714, 157.1147, 148.955, 82.1117, 5.056096, 29.70979, 27.60127, 46.24273, 69.73192, 143.593, 137.5184, 48.30083, 25.28015, 64.20208, 10.09586, 41.03927, 0
73.81453, 146.8725, 155.4714, 157.1147, 148.955, 82.1117, 5.056096, 29.70979, 27.60127, 46.24273, 69.73192, 143.593, 137.5184, 48.30083, 25.28015, 64.20208, 10.09586, 41.03927, 0
73.81453, 146.8725, 155.4714, 157.1147, 148.955, 82.1117, 5.056096, 29.70979, 27.60127, 46.24273, 69.73192, 143.593, 137.5184, 48.30083, 25.28015, 64.20208, 10.09586, 41.03927, 0
73.81453, 146.8725, 155.4714, 157.1147, 148.955, 82.1117, 5.056096, 29.70979, 27.60127, 46.24273, 69.73192, 143.593, 137.5184, 48.30083, 25.28015, 64.20208, 10.09586, 41.03927, 0
73.81453, 146.8725, 155.4714, 157.1147, 148.955, 82.1117, 5.056096, 29.70979, 27.60127, 46.24273, 69.73192, 143.593, 137.5184, 48.30083, 25.28015, 64.20208, 10.09586, 41.03927, 0
73.81453, 146.8725, 155.4714, 157.1147, 148.955, 82.1117, 5.056096, 29.70979, 27.60127, 46.24273, 69.73192, 143.593, 137.5184, 48.30083, 25.28015, 64.20208, 10.09586, 41.03927, 0
73.81453, 146.8725, 155.4714, 157.1147, 148.955, 82.1117, 5.056096, 29.70979, 27.60127, 46.24273, 69.73192, 143.593, 137.5184, 48.30083, 25.28015, 64.20208, 10.09586, 41.03927, 0
73.81453, 146.8725, 155.4714, 157.1147, 148.955, 82.1117, 5.056096, 29.70979, 27.60127, 46.24273, 69.73192, 143.593, 137.5184, 48.30083, 25.28015, 64.20208, 10.09586, 41.03927, 0
73.81453, 146.8725, 155.4714, 157.1147, 148.955, 82.1117, 5.056096, 29.70979, 27.60127, 46.24273, 69.73192, 143.593, 137.5184, 48.30083, 25.28015, 64.20208, 10.09586, 41.03927, 0
73.81453, 146.8725, 155.4714, 157.1147, 148.955, 82.1117, 5.056096, 29.70979, 27.60127, 46.24273, 69.73192, 143.593, 137.5184, 48.30083, 25.28015, 64.20208, 10.09586, 41.03927, 0
73.81453, 146.8725, 155.4714, 157.1147, 148.955, 82.1117, 5.056096, 29.70979, 27.60127, 46.24273, 69.73192, 143.593, 137.5184, 48.30083, 25.28015, 64.20208, 10.09586, 41.03927, 0
73.81453, 146.8725, 155.4714, 157.1147, 148.955, 82.1117, 5.056096, 29.70979, 27.60127, 46.24273, 69.73192, 143.593, 137.5184, 48.30083, 25.28015, 64.20208, 10.09586, 41.03927, 0
73.81453, 146.8725, 155.4714, 157.1147, 148.955, 82.1117, 5.056096, 29.70979, 27.60127, 46.24273, 69.73192, 143.593, 137.5184, 48.30083, 25.28015, 64.20208, 10.09586, 41.03927, 0
73.81453, 146.8725, 155.4714, 157.1147, 148.955, 82.1117, 5.056096, 29.70979, 27.60127, 46.24273, 69.73192, 143.593, 137.5184, 48.30083, 25.28015, 64.20208, 10.09586, 41.03927, 0
73.81453, 146.8725, 155.4714, 157.1147, 148.955, 82.1117, 5.056096, 29.70979, 27.60127, 46.24273, 69.73192, 143.593, 137.5184, 48.30083, 25.28015, 64.20208, 10.09586, 41.03927, 0
73.81453, 146.8725, 155.4714, 157.1147, 148.955, 82.1117, 5.056096, 29.70979, 27.60127, 46.24273, 69.73192, 143.593, 137.5184, 48.30083, 25.28015, 64.20208, 10.09586, 41.03927, 0
73.81453, 146.8725, 155.4714, 157.1147, 148.955, 82.1117, 5.056096, 29.70979, 27.60127, 46.24273, 69.73192, 143.593, 137.5184, 48.30083, 25.28015, 64.20208, 10.09586, 41.03927, 0
73.81453, 146.8725, 155.4714, 157.1147, 148.955, 82.1117, 5.056096, 29.70979, 27.60127, 46.24273, 69.73192, 143.593, 137.5184, 48.30083, 25.28015, 64.20208, 10.09586, 41.03927, 0
73.81453, 146.8725, 155.4714, 157.1147, 148.955, 82.1117, 5.056096, 29.70979, 27.60127, 46.24273, 69.73192, 143.593, 137.5184, 48.30083, 25.28015, 64.20208, 10.09586, 41.03927, 0
73.81453, 146.8725, 155.4714, 157.1147, 148.955, 82.1117, 5.056096, 29.70979, 27.60127, 46.24273, 69.73192, 143.593, 137.5184, 48.30083, 25.28015, 64.20208, 10.09586, 41.03927, 0
73.81453, 146.8725, 155.4714, 157.1147, 148.955, 82.1117, 5.056096, 29.70979, 27.60127, 46.24273, 69.73192, 143.593, 137.5184, 48.30083, 25.28015, 64.20208, 10.09586, 41.03927, 0
73.81453, 146.8725, 155.4714, 157.1147, 148.955, 82.1117, 5.056096, 29.70979, 27.60127, 46.24273, 69.73192, 143.593, 137.5184, 48.30083, 25.28015, 64.20208, 10.09586, 41.03927, 0
73.81453, 146.8725, 155.4714, 157.1147, 148.955, 82.1117, 5.056096, 29.70979, 27.60127, 46.24273, 69.73192, 143.593, 137.5184, 48.30083, 25.28015, 64.20208, 10.09586, 41.03927, 0
73.81453, 146.8725, 155.4714, 157.1147, 148.955, 82.1117, 5.056096, 29.70979, 27.60127, 46.24273, 69.73192, 143.593, 137.5184, 48.30083, 25.28015, 64.20208, 10.09586, 41.03927, 0
73.81453, 146.8725, 155.4714, 157.1147, 148.955, 82.1117, 5.056096, 29.70979, 27.60127, 46.24273, 69.73192, 143.593, 137.5184, 48.30083, 25.28015, 64.20208, 10.09586, 41.03927, 0
73.81453, 146.8725, 155.4714, 157.1147, 148.955, 82.1117, 5.056096, 29.70979, 27.60127, 46.24273, 69.73192, 143.593, 137.5184, 48.30083, 25.28015, 64.20208, 10.09586, 41.03927, 0
73.81453, 146.8725, 155.4714, 157.1147, 148.955, 82.1117, 5.056096, 29.70979, 27.60127, 46.24273, 69.73192, 143.593, 137.5184, 48.30083, 25.28015, 64.20208, 10.09586, 41.03927, 0
73.81453, 146.8725, 155.4714, 157.1147, 148.955, 82.1117, 5.056096, 29.70979, 27.60127, 46.24273, 69.73192, 143.593, 137.5184, 48.30083, 25.28015, 64.20208, 10.09586, 41.03927, 0
73.81453, 146.8725, 155.4714, 157.1147, 148.955, 82.1117, 5.056096, 29.70979, 27.60127, 46.24273, 69.73192, 143.593, 137.5184, 48.30083, 25.28015, 64.20208, 10.09586, 41.03927, 0
73.81453, 146.8725, 155.4714, 157.1147, 148.955, 82.1117, 5.056096, 29.70979, 27.60127, 46.24273, 69.73192, 143.593, 137.5184, 48.30083, 25.28015, 64.20208, 10.09586, 41.03927, 0
73.81453, 146.8725, 155.4714, 157.1147, 148.955, 82.1117, 5.056096, 29.70979, 27.60127, 46.24273, 69.73192, 143.593, 137.5184, 48.30083, 25.28015, 64.20208, 10.09586, 41.03927, 0
73.81453, 146.8725, 155.4714, 157.1147, 148.955, 82.1117, 5.056096, 29.70979, 27.60127, 46.24273, 69.73192, 143.593, 137.5184, 48.30083, 25.28015, 64.20208, 10.09586, 41.03927, 0
73.81453, 146.8725, 155.4714, 157.1147, 148.955, 82.1117, 5.056096, 29.70979, 27.60127, 46.24273, 69.73192, 143.593, 137.5184, 48.30083, 25.28015, 64.20208, 10.09586, 41.03927, 0
73.81453, 146.8725, 155.4714, 157.1147, 148.955, 82.1117, 5.056096, 29.70979, 27.60127, 46.24273, 69.73192, 143.593, 137.5184, 48.30083, 25.28015, 64.20208, 10.09586, 41.03927, 0
73.81453, 146.8725, 155.4714, 157.1147, 148.955, 82.1117, 5.056096, 29.70979, 27.60127, 46.24273, 69.73192, 143.593, 137.5184, 48.30083, 25.28015, 64.20208, 10.09586, 41.03927, 0
73.81453, 146.8725, 155.4714, 157.1147, 148.955, 82.1117, 5.056096, 29.70979, 27.60127, 46.24273, 69.73192, 143.593, 137.5184, 48.30083, 25.28015, 64.20208, 10.09586, 41.03927, 0
73.81453, 146.8725, 155.4714, 157.1147, 148.955, 82.1117, 5.056096, 29.70979, 27.60127, 46.24273, 69.73192, 143.593, 137.5184, 48.30083, 25.28015, 64.20208, 10.09586, 41.03927, 0
73.81453, 146.8725, 155.4714, 157.1147, 148.955, 82.1117, 5.056096, 29.70979, 27.60127, 46.24273, 69.73192, 143.593, 137.5184, 48.30083, 25.28015, 64.20208, 10.09586, 41.03927, 0
73.81453, 146.8725, 155.4714, 157.1147, 148.955, 82.1117, 5.056096, 29.70979, 27.60127, 46.24273, 69.73192, 143.593, 137.5184, 48.30083, 25.28015, 64.20208, 10.09586, 41.03927, 0
73.81453, 146.8725, 155.4714, 157.1147, 148.955, 82.1117, 5.056096, 29.70979, 27.60127, 46.24273, 69.73192, 143.593, 137.5184, 48.30083, 25.28015, 64.20208, 10.09586, 41.03927, 0
73.81453, 146.8725, 155.4714, 157.1147, 148.955, 82.1117, 5.056096, 29.70979, 27.60127, 46.24273, 69.73192, 143.593, 137.5184, 48.30083, 25.28015, 64.20208, 10.09586, 41.03927, 0
73.81453, 146.8725, 155.4714, 157.1147, 148.955, 82.1117, 5.056096, 29.70979, 27.60127, 46.24273, 69.73192, 143.593, 137.5184, 48.30083, 25.28015, 64.20208, 10.09586, 41.03927, 0
73.81453, 146.8725, 155.4714, 157.1147, 148.955, 82.1117, 5.056096, 29.70979, 27.60127, 46.24273, 69.73192, 143.593, 137.5184, 48.30083, 25.28015, 64.20208, 10.09586, 41.03927, 0
73.81453, 146.8725, 155.4714, 157.1147, 148.955, 82.1117, 5.056096, 29.70979, 27.60127, 46.24273, 69.73192, 143.593, 137.5184, 48.30083, 25.28015, 64.20208, 10.09586, 41.03927, 0
73.81453, 146.8725, 155.4714, 157.1147, 148.955, 82.1117, 5.056096, 29.70979, 27.60127, 46.24273, 69.73192, 143.593, 137.5184, 48.30083, 25.28015, 64.20208, 10.09586, 41.03927, 0
73.81453, 146.8725, 155.4714, 157.1147, 148.955, 82.1117, 5.056096, 29.70979, 27.60127, 46.24273, 69.73192, 143.593, 137.5184, 48.30083, 25.28015, 64.20208, 10.09586, 41.03927, 0
73.81453, 146.8725, 155.4714, 157.1147, 148.955, 82.1117, 5.056096, 29.70979, 27.60127, 46.24273, 69.73192, 143.593, 137.5184, 48.30083, 25.28015, 64.20208, 10.09586, 41.03927, 0
73.81453, 146.8725, 155.4714, 157.1147, 148.955, 82.1117, 5.056096, 29.70979, 27.60127, 46.24273, 69.73192, 143.593, 137.5184, 48.30083, 25.28015, 64.20208, 10.09586, 41.03927, 0
73.81453, 146.8725, 155.4714, 157.1147, 148.955, 82.1117, 5.056096, 29.70979, 27.60127, 46.24273, 69.73192, 143.593, 137.5184, 48.30083, 25.28015, 64.20208, 10.09586, 41.03927, 0
73.81453, 146.8725, 155.4714, 157.1147, 148.955, 82.1117, 5.056096, 29.70979, 27.60127, 46.24273, 69.73192, 143.593, 137.5184, 48.30083, 25.28015, 64.20208, 10.09586, 41.03927, 0
73.81453, 146.8725, 155.4714, 157.1147, 148.955, 82.1117, 5.056096, 29.70979, 27.60127, 46.24273, 69.73192, 143.593, 137.5184, 48.30083, 25.28015, 64.20208, 10.09586, 41.03927, 0
73.81453, 146.8725, 155.4714, 157.1147, 148.955, 82.1117, 5.056096, 29.70979, 27.60127, 46.24273, 69.73192, 143.593, 137.5184, 48.30083, 25.28015, 64.20208, 10.09586, 41.03927, 0
73.81453, 146.8725, 155.4714, 157.1147, 148.955, 82.1117, 5.056096, 29.70979, 27.60127, 46.24273, 69.73192, 143.593, 137.5184, 48.30083, 25.28015, 64.20208, 10.09586, 41.03927, 0
73.81453, 146.8725, 155.4714, 157.1147, 148.955, 82.1117, 5.056096, 29.70979, 27.60127, 46.24273, 69.73192, 143.593, 137.5184, 48.30083, 25.28015, 64.20208, 10.09586, 41.03927, 0
73.81453, 146.8725, 155.4714, 157.1147, 148.955, 82.1117, 5.056096, 29.70979, 27.60127, 46.24273, 69.73192, 143.593, 137.5184, 48.30083, 25.28015, 64.20208, 10.09586, 41.03927, 0
73.81453, 146.8725, 155.4714, 157.1147, 148.955, 82.1117, 5.056096, 29.70979, 27.60127, 46.24273, 69.73192, 143.593, 137.5184, 48.30083, 25.28015, 64.20208, 10.09586, 41.03927, 0
73.81453, 146.8725, 155.4714, 157.1147, 148.955, 82.1117, 5.056096, 29.70979, 27.60127, 46.24273, 69.73192, 143.593, 137.5184, 48.30083, 25.28015, 64.20208, 10.09586, 41.03927, 0
73.81453, 146.8725, 155.4714, 157.1147, 148.955, 82.1117, 5.056096, 29.70979, 27.60127, 46.24273, 69.73192, 143.593, 137.5184, 48.30083, 25.28015, 64.20208, 10.09586, 41.03927, 0
73.81453, 146.8725, 155.4714, 157.1147, 148.955, 82.1117, 5.056096, 29.70979, 27.60127, 46.24273, 69.73192, 143.593, 137.5184, 48.30083, 25.28015, 64.20208, 10.09586, 41.03927, 0
73.81453, 146.8725, 155.4714, 157.1147, 148.955, 82.1117, 5.056096, 29.70979, 27.60127, 46.24273, 69.73192, 143.593, 137.5184, 48.30083, 25.28015, 64.20208, 10.09586, 41.03927, 0
73.81453, 146.8725, 155.4714, 157.1147, 148.955, 82.1117, 5.056096, 29.70979, 27.60127, 46.24273, 69.73192, 143.593, 137.5184, 48.30083, 25.28015, 64.20208, 10.09586, 41.03927, 0
73.81453, 146.8725, 155.4714, 157.1147, 148.955, 82.1117, 5.056096, 29.70979, 27.60127, 46.24273, 69.73192, 143.593, 137.5184, 48.30083, 25.28015, 64.20208, 10.09586, 41.03927, 0
73.81453, 146.8725, 155.4714, 157.1147, 148.955, 82.1117, 5.056096, 29.70979, 27.60127, 46.24273, 69.73192, 143.593, 137.5184, 48.30083, 25.28015, 64.20208, 10.09586, 41.03927, 0
73.81453, 146.8725, 155.4714, 157.1147, 148.955, 82.1117, 5.056096, 29.70979, 27.60127, 46.24273, 69.73192, 143.593, 137.5184, 48.30083, 25.28015, 64.20208, 10.09586, 41.03927, 0
73.81453, 146.8725, 155.4714, 157.1147, 148.955, 82.1117, 5.056096, 29.70979, 27.60127, 46.24273, 69.73192, 143.593, 137.5184, 48.30083, 25.28015, 64.20208, 10.09586, 41.03927, 0
73.81453, 146.8725, 155.4714, 157.1147, 148.955, 82.1117, 5.056096, 29.70979, 27.60127, 46.24273, 69.73192, 143.593, 137.5184, 48.30083, 25.28015, 64.20208, 10.09586, 41.03927, 0
73.81453, 146.8725, 155.4714, 157.1147, 148.955, 82.1117, 5.056096, 29.70979, 27.60127, 46.24273, 69.73192, 143.593, 137.5184, 48.30083, 25.28015, 64.20208, 10.09586, 41.03927, 0
73.81453, 146.8725, 155.4714, 157.1147, 148.955, 82.1117, 5.056096, 29.70979, 27.60127, 46.24273, 69.73192, 143.593, 137.5184, 48.30083, 25.28015, 64.20208, 10.09586, 41.03927, 0
73.81453, 146.8725, 155.4714, 157.1147, 148.955, 82.1117, 5.056096, 29.70979, 27.60127, 46.24273, 69.73192, 143.593, 137.5184, 48.30083, 25.28015, 64.20208, 10.09586, 41.03927, 0
73.81453, 146.8725, 155.4714, 157.1147, 148.955, 82.1117, 5.056096, 29.70979, 27.60127, 46.24273, 69.73192, 143.593, 137.5184, 48.30083, 25.28015, 64.20208, 10.09586, 41.03927, 0
73.81453, 146.8725, 155.4714, 157.1147, 148.955, 82.1117, 5.056096, 29.70979, 27.60127, 46.24273, 69.73192, 143.593, 137.5184, 48.30083, 25.28015, 64.20208, 10.09586, 41.03927, 0
73.81453, 146.8725, 155.4714, 157.1147, 148.955, 82.1117, 5.056096, 29.70979, 27.60127, 46.24273, 69.73192, 143.593, 137.5184, 48.30083, 25.28015, 64.20208, 10.09586, 41.03927, 0
73.81453, 146.8725, 155.4714, 157.1147, 148.955, 82.1117, 5.056096, 29.70979, 27.60127, 46.24273, 69.73192, 143.593, 137.5184, 48.30083, 25.28015, 64.20208, 10.09586, 41.03927, 0
73.81453, 146.8725, 155.4714, 157.1147, 148.955, 82.1117, 5.056096, 29.70979, 27.60127, 46.24273, 69.73192, 143.593, 137.5184, 48.30083, 25.28015, 64.20208, 10.09586, 41.03927, 0
73.81453, 146.8725, 155.4714, 157.1147, 148.955, 82.1117, 5.056096, 29.70979, 27.60127, 46.24273, 69.73192, 143.593, 137.5184, 48.30083, 25.28015, 64.20208, 10.09586, 41.03927, 0
73.81453, 146.8725, 155.4714, 157.1147, 148.955, 82.1117, 5.056096, 29.70979, 27.60127, 46.24273, 69.73192, 143.593, 137.5184, 48.30083, 25.28015, 64.20208, 10.09586, 41.03927, 0
73.81453, 146.8725, 155.4714, 157.1147, 148.955, 82.1117, 5.056096, 29.70979, 27.60127, 46.24273, 69.73192, 143.593, 137.5184, 48.30083, 25.28015, 64.20208, 10.09586, 41.03927, 0
73.81453, 146.8725, 155.4714, 157.1147, 148.955, 82.1117, 5.056096, 29.70979, 27.60127, 46.24273, 69.73192, 143.593, 137.5184, 48.30083, 25.28015, 64.20208, 10.09586, 41.03927, 0
73.81453, 146.8725, 155.4714, 157.1147, 148.955, 82.1117, 5.056096, 29.70979, 27.60127, 46.24273, 69.73192, 143.593, 137.5184, 48.30083, 25.28015, 64.20208, 10.09586, 41.03927, 0
73.81453, 146.8725, 155.4714, 157.1147, 148.955, 82.1117, 5.056096, 29.70979, 27.60127, 46.24273, 69.73192, 143.593, 137.5184, 48.30083, 25.28015, 64.20208, 10.09586, 41.03927, 0
73.81453, 146.8725, 155.4714, 157.1147, 148.955, 82.1117, 5.056096, 29.70979, 27.60127, 46.24273, 69.73192, 143.593, 137.5184, 48.30083, 25.28015, 64.20208, 10.09586, 41.03927, 0
73.81453, 146.8725, 155.4714, 157.1147, 148.955, 82.1117, 5.056096, 29.70979, 27.60127, 46.24273, 69.73192, 143.593, 137.5184, 48.30083, 25.28015, 64.20208, 10.09586, 41.03927, 0
73.81453, 146.8725, 155.4714, 157.1147, 148.955, 82.1117, 5.056096, 29.70979, 27.60127, 46.24273, 69.73192, 143.593, 137.5184, 48.30083, 25.28015, 64.20208, 10.09586, 41.03927, 0
73.81453, 146.8725, 155.4714, 157.1147, 148.955, 82.1117, 5.056096, 29.70979, 27.60127, 46.24273, 69.73192, 143.593, 137.5184, 48.30083, 25.28015, 64.20208, 10.09586, 41.03927, 0
73.81453, 146.8725, 155.4714, 157.1147, 148.955, 82.1117, 5.056096, 29.70979, 27.60127, 46.24273, 69.73192, 143.593, 137.5184, 48.30083, 25.28015, 64.20208, 10.09586, 41.03927, 0
73.81453, 146.8725, 155.4714, 157.1147, 148.955, 82.1117, 5.056096, 29.70979, 27.60127, 46.24273, 69.73192, 143.593, 137.5184, 48.30083, 25.28015, 64.20208, 10.09586, 41.03927, 0
73.81453, 146.8725, 155.4714, 157.1147, 148.955, 82.1117, 5.056096, 29.70979, 27.60127, 46.24273, 69.73192, 143.593, 137.5184, 48.30083, 25.28015, 64.20208, 10.09586, 41.03927, 0
73.81453, 146.8725, 155.4714, 157.1147, 148.955, 82.1117, 5.056096, 29.70979, 27.60127, 46.24273, 69.73192, 143.593, 137.5184, 48.30083, 25.28015, 64.20208, 10.09586, 41.03927, 0
73.81453, 146.8725, 155.4714, 157.1147, 148.955, 82.1117, 5.056096, 29.70979, 27.60127, 46.24273, 69.73192, 143.593, 137.5184, 48.30083, 25.28015, 64.20208, 10.09586, 41.03927, 0
73.81453, 146.8725, 155.4714, 157.1147, 148.955, 82.1117, 5.056096, 29.70979, 27.60127, 46.24273, 69.73192, 143.593, 137.5184, 48.30083, 25.28015, 64.20208, 10.09586, 41.03927, 0
73.81453, 146.8725, 155.4714, 157.1147, 148.955, 82.1117, 5.056096, 29.70979, 27.60127, 46.24273, 69.73192, 143.593, 137.5184, 48.30083, 25.28015, 64.20208, 10.09586, 41.03927, 0
73.81453, 146.8725, 155.4714, 157.1147, 148.955, 82.1117, 5.056096, 29.70979, 27.60127, 46.24273, 69.73192, 143.593, 137.5184, 48.30083, 25.28015, 64.20208, 10.09586, 41.03927, 0
73.81453, 146.8725, 155.4714, 157.1147, 148.955, 82.1117, 5.056096, 29.70979, 27.60127, 46.24273, 69.73192, 143.593, 137.5184, 48.30083, 25.28015, 64.20208, 10.09586, 41.03927, 0
73.81453, 146.8725, 155.4714, 157.1147, 148.955, 82.1117, 5.056096, 29.70979, 27.60127, 46.24273, 69.73192, 143.593, 137.5184, 48.30083, 25.28015, 64.20208, 10.09586, 41.03927, 0
73.81453, 146.8725, 155.4714, 157.1147, 148.955, 82.1117, 5.056096, 29.70979, 27.60127, 46.24273, 69.73192, 143.593, 137.5184, 48.30083, 25.28015, 64.20208, 10.09586, 41.03927, 0
73.81453, 146.8725, 155.4714, 157.1147, 148.955, 82.1117, 5.056096, 29.70979, 27.60127, 46.24273, 69.73192, 143.593, 137.5184, 48.30083, 25.28015, 64.20208, 10.09586, 41.03927, 0
73.81453, 146.8725, 155.4714, 157.1147, 148.955, 82.1117, 5.056096, 29.70979, 27.60127, 46.24273, 69.73192, 143.593, 137.5184, 48.30083, 25.28015, 64.20208, 10.09586, 41.03927, 0
73.81453, 146.8725, 155.4714, 157.1147, 148.955, 82.1117, 5.056096, 29.70979, 27.60127, 46.24273, 69.73192, 143.593, 137.5184, 48.30083, 25.28015, 64.20208, 10.09586, 41.03927, 0
73.81453, 146.8725, 155.4714, 157.1147, 148.955, 82.1117, 5.056096, 29.70979, 27.60127, 46.24273, 69.73192, 143.593, 137.5184, 48.30083, 25.28015, 64.20208, 10.09586, 41.03927, 0
73.81453, 146.8725, 155.4714, 157.1147, 148.955, 82.1117, 5.056096, 29.70979, 27.60127, 46.24273, 69.73192, 143.593, 137.5184, 48.30083, 25.28015, 64.20208, 10.09586, 41.03927, 0
73.81453, 146.8725, 155.4714, 157.1147, 148.955, 82.1117, 5.056096, 29.70979, 27.60127, 46.24273, 69.73192, 143.593, 137.5184, 48.30083, 25.28015, 64.20208, 10.09586, 41.03927, 0
73.81453, 146.8725, 155.4714, 157.1147, 148.955, 82.1117, 5.056096, 29.70979, 27.60127, 46.24273, 69.73192, 143.593, 137.5184, 48.30083, 25.28015, 64.20208, 10.09586, 41.03927, 0
73.81453, 146.8725, 155.4714, 157.1147, 148.955, 82.1117, 5.056096, 29.70979, 27.60127, 46.24273, 69.73192, 143.593, 137.5184, 48.30083, 25.28015, 64.20208, 10.09586, 41.03927, 0
73.81453, 146.8725, 155.4714, 157.1147, 148.955, 82.1117, 5.056096, 29.70979, 27.60127, 46.24273, 69.73192, 143.593, 137.5184, 48.30083, 25.28015, 64.20208, 10.09586, 41.03927, 0
73.81453, 146.8725, 155.4714, 157.1147, 148.955, 82.1117, 5.056096, 29.70979, 27.60127, 46.24273, 69.73192, 143.593, 137.5184, 48.30083, 25.28015, 64.20208, 10.09586, 41.03927, 0
73.81453, 146.8725, 155.4714, 157.1147, 148.955, 82.1117, 5.056096, 29.70979, 27.60127, 46.24273, 69.73192, 143.593, 137.5184, 48.30083, 25.28015, 64.20208, 10.09586, 41.03927, 0
73.81453, 146.8725, 155.4714, 157.1147, 148.955, 82.1117, 5.056096, 29.70979, 27.60127, 46.24273, 69.73192, 143.593, 137.5184, 48.30083, 25.28015, 64.20208, 10.09586, 41.03927, 0
73.81453, 146.8725, 155.4714, 157.1147, 148.955, 82.1117, 5.056096, 29.70979, 27.60127, 46.24273, 69.73192, 143.593, 137.5184, 48.30083, 25.28015, 64.20208, 10.09586, 41.03927, 0
73.81453, 146.8725, 155.4714, 157.1147, 148.955, 82.1117, 5.056096, 29.70979, 27.60127, 46.24273, 69.73192, 143.593, 137.5184, 48.30083, 25.28015, 64.20208, 10.09586, 41.03927, 0
73.81453, 146.8725, 155.4714, 157.1147, 148.955, 82.1117, 5.056096, 29.70979, 27.60127, 46.24273, 69.73192, 143.593, 137.5184, 48.30083, 25.28015, 64.20208, 10.09586, 41.03927, 0
73.81453, 146.8725, 155.4714, 157.1147, 148.955, 82.1117, 5.056096, 29.70979, 27.60127, 46.24273, 69.73192, 143.593, 137.5184, 48.30083, 25.28015, 64.20208, 10.09586, 41.03927, 0
73.81453, 146.8725, 155.4714, 157.1147, 148.955, 82.1117, 5.056096, 29.70979, 27.60127, 46.24273, 69.73192, 143.593, 137.5184, 48.30083, 25.28015, 64.20208, 10.09586, 41.03927, 0
73.81453, 146.8725, 155.4714, 157.1147, 148.955, 82.1117, 5.056096, 29.70979, 27.60127, 46.24273, 69.73192, 143.593, 137.5184, 48.30083, 25.28015, 64.20208, 10.09586, 41.03927, 0
73.81453, 146.8725, 155.4714, 157.1147, 148.955, 82.1117, 5.056096, 29.70979, 27.60127, 46.24273, 69.73192, 143.593, 137.5184, 48.30083, 25.28015, 64.20208, 10.09586, 41.03927, 0
73.81453, 146.8725, 155.4714, 157.1147, 148.955, 82.1117, 5.056096, 29.70979, 27.60127, 46.24273, 69.73192, 143.593, 137.5184, 48.30083, 25.28015, 64.20208, 10.09586, 41.03927, 0
73.81453, 146.8725, 155.4714, 157.1147, 148.955, 82.1117, 5.056096, 29.70979, 27.60127, 46.24273, 69.73192, 143.593, 137.5184, 48.30083, 25.28015, 64.20208, 10.09586, 41.03927, 0
73.81453, 146.8725, 155.4714, 157.1147, 148.955, 82.1117, 5.056096, 29.70979, 27.60127, 46.24273, 69.73192, 143.593, 137.5184, 48.30083, 25.28015, 64.20208, 10.09586, 41.03927, 0
73.81453, 146.8725, 155.4714, 157.1147, 148.955, 82.1117, 5.056096, 29.70979, 27.60127, 46.24273, 69.73192, 143.593, 137.5184, 48.30083, 25.28015, 64.20208, 10.09586, 41.03927, 0
73.81453, 146.8725, 155.4714, 157.1147, 148.955, 82.1117, 5.056096, 29.70979, 27.60127, 46.24273, 69.73192, 143.593, 137.5184, 48.30083, 25.28015, 64.20208, 10.09586, 41.03927, 0
73.81453, 146.8725, 155.4714, 157.1147, 148.955, 82.1117, 5.056096, 29.70979, 27.60127, 46.24273, 69.73192, 143.593, 137.5184, 48.30083, 25.28015, 64.20208, 10.09586, 41.03927, 0
73.81453, 146.8725, 155.4714, 157.1147, 148.955, 82.1117, 5.056096, 29.70979, 27.60127, 46.24273, 69.73192, 143.593, 137.5184, 48.30083, 25.28015, 64.20208, 10.09586, 41.03927, 0
73.81453, 146.8725, 155.4714, 157.1147, 148.955, 82.1117, 5.056096, 29.70979, 27.60127, 46.24273, 69.73192, 143.593, 137.5184, 48.30083, 25.28015, 64.20208, 10.09586, 41.03927, 0
73.81453, 146.8725, 155.4714, 157.1147, 148.955, 82.1117, 5.056096, 29.70979, 27.60127, 46.24273, 69.73192, 143.593, 137.5184, 48.30083, 25.28015, 64.20208, 10.09586, 41.03927, 0
73.81453, 146.8725, 155.4714, 157.1147, 148.955, 82.1117, 5.056096, 29.70979, 27.60127, 46.24273, 69.73192, 143.593, 137.5184, 48.30083, 25.28015, 64.20208, 10.09586, 41.03927, 0
73.81453, 146.8725, 155.4714, 157.1147, 148.955, 82.1117, 5.056096, 29.70979, 27.60127, 46.24273, 69.73192, 143.593, 137.5184, 48.30083, 25.28015, 64.20208, 10.09586, 41.03927, 0
73.81453, 146.8725, 155.4714, 157.1147, 148.955, 82.1117, 5.056096, 29.70979, 27.60127, 46.24273, 69.73192, 143.593, 137.5184, 48.30083, 25.28015, 64.20208, 10.09586, 41.03927, 0
73.81453, 146.8725, 155.4714, 157.1147, 148.955, 82.1117, 5.056096, 29.70979, 27.60127, 46.24273, 69.73192, 143.593, 137.5184, 48.30083, 25.28015, 64.20208, 10.09586, 41.03927, 0
73.81453, 146.8725, 155.4714, 157.1147, 148.955, 82.1117, 5.056096, 29.70979, 27.60127, 46.24273, 69.73192, 143.593, 137.5184, 48.30083, 25.28015, 64.20208, 10.09586, 41.03927, 0
73.81453, 146.8725, 155.4714, 157.1147, 148.955, 82.1117, 5.056096, 29.70979, 27.60127, 46.24273, 69.73192, 143.593, 137.5184, 48.30083, 25.28015, 64.20208, 10.09586, 41.03927, 0
73.81453, 146.8725, 155.4714, 157.1147, 148.955, 82.1117, 5.056096, 29.70979, 27.60127, 46.24273, 69.73192, 143.593, 137.5184, 48.30083, 25.28015, 64.20208, 10.09586, 41.03927, 0
73.81453, 146.8725, 155.4714, 157.1147, 148.955, 82.1117, 5.056096, 29.70979, 27.60127, 46.24273, 69.73192, 143.593, 137.5184, 48.30083, 25.28015, 64.20208, 10.09586, 41.03927, 0
73.81453, 146.8725, 155.4714, 157.1147, 148.955, 82.1117, 5.056096, 29.70979, 27.60127, 46.24273, 69.73192, 143.593, 137.5184, 48.30083, 25.28015, 64.20208, 10.09586, 41.03927, 0
73.81453, 146.8725, 155.4714, 157.1147, 148.955, 82.1117, 5.056096, 29.70979, 27.60127, 46.24273, 69.73192, 143.593, 137.5184, 48.30083, 25.28015, 64.20208, 10.09586, 41.03927, 0
73.81453, 146.8725, 155.4714, 157.1147, 148.955, 82.1117, 5.056096, 29.70979, 27.60127, 46.24273, 69.73192, 143.593, 137.5184, 48.30083, 25.28015, 64.20208, 10.09586, 41.03927, 0
73.81453, 146.8725, 155.4714, 157.1147, 148.955, 82.1117, 5.056096, 29.70979, 27.60127, 46.24273, 69.73192, 143.593, 137.5184, 48.30083, 25.28015, 64.20208, 10.09586, 41.03927, 0
73.81453, 146.8725, 155.4714, 157.1147, 148.955, 82.1117, 5.056096, 29.70979, 27.60127, 46.24273, 69.73192, 143.593, 137.5184, 48.30083, 25.28015, 64.20208, 10.09586, 41.03927, 0
73.81453, 146.8725, 155.4714, 157.1147, 148.955, 82.1117, 5.056096, 29.70979, 27.60127, 46.24273, 69.73192, 143.593, 137.5184, 48.30083, 25.28015, 64.20208, 10.09586, 41.03927, 0
73.81453, 146.8725, 155.4714, 157.1147, 148.955, 82.1117, 5.056096, 29.70979, 27.60127, 46.24273, 69.73192, 143.593, 137.5184, 48.30083, 25.28015, 64.20208, 10.09586, 41.03927, 0
73.81453, 146.8725, 155.4714, 157.1147, 148.955, 82.1117, 5.056096, 29.70979, 27.60127, 46.24273, 69.73192, 143.593, 137.5184, 48.30083, 25.28015, 64.20208, 10.09586, 41.03927, 0
73.81453, 146.8725, 155.4714, 157.1147, 148.955, 82.1117, 5.056096, 29.70979, 27.60127, 46.24273, 69.73192, 143.593, 137.5184, 48.30083, 25.28015, 64.20208, 10.09586, 41.03927, 0
73.81453, 146.8725, 155.4714, 157.1147, 148.955, 82.1117, 5.056096, 29.70979, 27.60127, 46.24273, 69.73192, 143.593, 137.5184, 48.30083, 25.28015, 64.20208, 10.09586, 41.03927, 0
73.81453, 146.8725, 155.4714, 157.1147, 148.955, 82.1117, 5.056096, 29.70979, 27.60127, 46.24273, 69.73192, 143.593, 137.5184, 48.30083, 25.28015, 64.20208, 10.09586, 41.03927, 0
73.81453, 146.8725, 155.4714, 157.1147, 148.955, 82.1117, 5.056096, 29.70979, 27.60127, 46.24273, 69.73192, 143.593, 137.5184, 48.30083, 25.28015, 64.20208, 10.09586, 41.03927, 0
73.81453, 146.8725, 155.4714, 157.1147, 148.955, 82.1117, 5.056096, 29.70979, 27.60127, 46.24273, 69.73192, 143.593, 137.5184, 48.30083, 25.28015, 64.20208, 10.09586, 41.03927, 0
73.81453, 146.8725, 155.4714, 157.1147, 148.955, 82.1117, 5.056096, 29.70979, 27.60127, 46.24273, 69.73192, 143.593, 137.5184, 48.30083, 25.28015, 64.20208, 10.09586, 41.03927, 0
73.81453, 146.8725, 155.4714, 157.1147, 148.955, 82.1117, 5.056096, 29.70979, 27.60127, 46.24273, 69.73192, 143.593, 137.5184, 48.30083, 25.28015, 64.20208, 10.09586, 41.03927, 0
73.81453, 146.8725, 155.4714, 157.1147, 148.955, 82.1117, 5.056096, 29.70979, 27.60127, 46.24273, 69.73192, 143.593, 137.5184, 48.30083, 25.28015, 64.20208, 10.09586, 41.03927, 0
73.81453, 146.8725, 155.4714, 157.1147, 148.955, 82.1117, 5.056096, 29.70979, 27.60127, 46.24273, 69.73192, 143.593, 137.5184, 48.30083, 25.28015, 64.20208, 10.09586, 41.03927, 0
73.81453, 146.8725, 155.4714, 157.1147, 148.955, 82.1117, 5.056096, 29.70979, 27.60127, 46.24273, 69.73192, 143.593, 137.5184, 48.30083, 25.28015, 64.20208, 10.09586, 41.03927, 0
73.81453, 146.8725, 155.4714, 157.1147, 148.955, 82.1117, 5.056096, 29.70979, 27.60127, 46.24273, 69.73192, 143.593, 137.5184, 48.30083, 25.28015, 64.20208, 10.09586, 41.03927, 0
73.81453, 146.8725, 155.4714, 157.1147, 148.955, 82.1117, 5.056096, 29.70979, 27.60127, 46.24273, 69.73192, 143.593, 137.5184, 48.30083, 25.28015, 64.20208, 10.09586, 41.03927, 0
73.81453, 146.8725, 155.4714, 157.1147, 148.955, 82.1117, 5.056096, 29.70979, 27.60127, 46.24273, 69.73192, 143.593, 137.5184, 48.30083, 25.28015, 64.20208, 10.09586, 41.03927, 0
73.81453, 146.8725, 155.4714, 157.1147, 148.955, 82.1117, 5.056096, 29.70979, 27.60127, 46.24273, 69.73192, 143.593, 137.5184, 48.30083, 25.28015, 64.20208, 10.09586, 41.03927, 0
73.81453, 146.8725, 155.4714, 157.1147, 148.955, 82.1117, 5.056096, 29.70979, 27.60127, 46.24273, 69.73192, 143.593, 137.5184, 48.30083, 25.28015, 64.20208, 10.09586, 41.03927, 0
73.81453, 146.8725, 155.4714, 157.1147, 148.955, 82.1117, 5.056096, 29.70979, 27.60127, 46.24273, 69.73192, 143.593, 137.5184, 48.30083, 25.28015, 64.20208, 10.09586, 41.03927, 0
73.81453, 146.8725, 155.4714, 157.1147, 148.955, 82.1117, 5.056096, 29.70979, 27.60127, 46.24273, 69.73192, 143.593, 137.5184, 48.30083, 25.28015, 64.20208, 10.09586, 41.03927, 0
73.81453, 146.8725, 155.4714, 157.1147, 148.955, 82.1117, 5.056096, 29.70979, 27.60127, 46.24273, 69.73192, 143.593, 137.5184, 48.30083, 25.28015, 64.20208, 10.09586, 41.03927, 0
73.81453, 146.8725, 155.4714, 157.1147, 148.955, 82.1117, 5.056096, 29.70979, 27.60127, 46.24273, 69.73192, 143.593, 137.5184, 48.30083, 25.28015, 64.20208, 10.09586, 41.03927, 0
73.81453, 146.8725, 155.4714, 157.1147, 148.955, 82.1117, 5.056096, 29.70979, 27.60127, 46.24273, 69.73192, 143.593, 137.5184, 48.30083, 25.28015, 64.20208, 10.09586, 41.03927, 0
73.81453, 146.8725, 155.4714, 157.1147, 148.955, 82.1117, 5.056096, 29.70979, 27.60127, 46.24273, 69.73192, 143.593, 137.5184, 48.30083, 25.28015, 64.20208, 10.09586, 41.03927, 0
73.81453, 146.8725, 155.4714, 157.1147, 148.955, 82.1117, 5.056096, 29.70979, 27.60127, 46.24273, 69.73192, 143.593, 137.5184, 48.30083, 25.28015, 64.20208, 10.09586, 41.03927, 0
73.81453, 146.8725, 155.4714, 157.1147, 148.955, 82.1117, 5.056096, 29.70979, 27.60127, 46.24273, 69.73192, 143.593, 137.5184, 48.30083, 25.28015, 64.20208, 10.09586, 41.03927, 0
73.81453, 146.8725, 155.4714, 157.1147, 148.955, 82.1117, 5.056096, 29.70979, 27.60127, 46.24273, 69.73192, 143.593, 137.5184, 48.30083, 25.28015, 64.20208, 10.09586, 41.03927, 0
73.81453, 146.8725, 155.4714, 157.1147, 148.955, 82.1117, 5.056096, 29.70979, 27.60127, 46.24273, 69.73192, 143.593, 137.5184, 48.30083, 25.28015, 64.20208, 10.09586, 41.03927, 0
73.81453, 146.8725, 155.4714, 157.1147, 148.955, 82.1117, 5.056096, 29.70979, 27.60127, 46.24273, 69.73192, 143.593, 137.5184, 48.30083, 25.28015, 64.20208, 10.09586, 41.03927, 0
73.81453, 146.8725, 155.4714, 157.1147, 148.955, 82.1117, 5.056096, 29.70979, 27.60127, 46.24273, 69.73192, 143.593, 137.5184, 48.30083, 25.28015, 64.20208, 10.09586, 41.03927, 0
73.81453, 146.8725, 155.4714, 157.1147, 148.955, 82.1117, 5.056096, 29.70979, 27.60127, 46.24273, 69.73192, 143.593, 137.5184, 48.30083, 25.28015, 64.20208, 10.09586, 41.03927, 0
73.81453, 146.8725, 155.4714, 157.1147, 148.955, 82.1117, 5.056096, 29.70979, 27.60127, 46.24273, 69.73192, 143.593, 137.5184, 48.30083, 25.28015, 64.20208, 10.09586, 41.03927, 0
73.81453, 146.8725, 155.4714, 157.1147, 148.955, 82.1117, 5.056096, 29.70979, 27.60127, 46.24273, 69.73192, 143.593, 137.5184, 48.30083, 25.28015, 64.20208, 10.09586, 41.03927, 0
73.81453, 146.8725, 155.4714, 157.1147, 148.955, 82.1117, 5.056096, 29.70979, 27.60127, 46.24273, 69.73192, 143.593, 137.5184, 48.30083, 25.28015, 64.20208, 10.09586, 41.03927, 0
73.81453, 146.8725, 155.4714, 157.1147, 148.955, 82.1117, 5.056096, 29.70979, 27.60127, 46.24273, 69.73192, 143.593, 137.5184, 48.30083, 25.28015, 64.20208, 10.09586, 41.03927, 0
73.81453, 146.8725, 155.4714, 157.1147, 148.955, 82.1117, 5.056096, 29.70979, 27.60127, 46.24273, 69.73192, 143.593, 137.5184, 48.30083, 25.28015, 64.20208, 10.09586, 41.03927, 0
73.81453, 146.8725, 155.4714, 157.1147, 148.955, 82.1117, 5.056096, 29.70979, 27.60127, 46.24273, 69.73192, 143.593, 137.5184, 48.30083, 25.28015, 64.20208, 10.09586, 41.03927, 0
73.81453, 146.8725, 155.4714, 157.1147, 148.955, 82.1117, 5.056096, 29.70979, 27.60127, 46.24273, 69.73192, 143.593, 137.5184, 48.30083, 25.28015, 64.20208, 10.09586, 41.03927, 0
73.81453, 146.8725, 155.4714, 157.1147, 148.955, 82.1117, 5.056096, 29.70979, 27.60127, 46.24273, 69.73192, 143.593, 137.5184, 48.30083, 25.28015, 64.20208, 10.09586, 41.03927, 0
73.81453, 146.8725, 155.4714, 157.1147, 148.955, 82.1117, 5.056096, 29.70979, 27.60127, 46.24273, 69.73192, 143.593, 137.5184, 48.30083, 25.28015, 64.20208, 10.09586, 41.03927, 0
73.81453, 146.8725, 155.4714, 157.1147, 148.955, 82.1117, 5.056096, 29.70979, 27.60127, 46.24273, 69.73192, 143.593, 137.5184, 48.30083, 25.28015, 64.20208, 10.09586, 41.03927, 0
73.81453, 146.8725, 155.4714, 157.1147, 148.955, 82.1117, 5.056096, 29.70979, 27.60127, 46.24273, 69.73192, 143.593, 137.5184, 48.30083, 25.28015, 64.20208, 10.09586, 41.03927, 0
73.81453, 146.8725, 155.4714, 157.1147, 148.955, 82.1117, 5.056096, 29.70979, 27.60127, 46.24273, 69.73192, 143.593, 137.5184, 48.30083, 25.28015, 64.20208, 10.09586, 41.03927, 0
73.81453, 146.8725, 155.4714, 157.1147, 148.955, 82.1117, 5.056096, 29.70979, 27.60127, 46.24273, 69.73192, 143.593, 137.5184, 48.30083, 25.28015, 64.20208, 10.09586, 41.03927, 0
73.81453, 146.8725, 155.4714, 157.1147, 148.955, 82.1117, 5.056096, 29.70979, 27.60127, 46.24273, 69.73192, 143.593, 137.5184, 48.30083, 25.28015, 64.20208, 10.09586, 41.03927, 0
73.81453, 146.8725, 155.4714, 157.1147, 148.955, 82.1117, 5.056096, 29.70979, 27.60127, 46.24273, 69.73192, 143.593, 137.5184, 48.30083, 25.28015, 64.20208, 10.09586, 41.03927, 0
73.81453, 146.8725, 155.4714, 157.1147, 148.955, 82.1117, 5.056096, 29.70979, 27.60127, 46.24273, 69.73192, 143.593, 137.5184, 48.30083, 25.28015, 64.20208, 10.09586, 41.03927, 0
73.81453, 146.8725, 155.4714, 157.1147, 148.955, 82.1117, 5.056096, 29.70979, 27.60127, 46.24273, 69.73192, 143.593, 137.5184, 48.30083, 25.28015, 64.20208, 10.09586, 41.03927, 0
73.81453, 146.8725, 155.4714, 157.1147, 148.955, 82.1117, 5.056096, 29.70979, 27.60127, 46.24273, 69.73192, 143.593, 137.5184, 48.30083, 25.28015, 64.20208, 10.09586, 41.03927, 0
73.81453, 146.8725, 155.4714, 157.1147, 148.955, 82.1117, 5.056096, 29.70979, 27.60127, 46.24273, 69.73192, 143.593, 137.5184, 48.30083, 25.28015, 64.20208, 10.09586, 41.03927, 0
73.81453, 146.8725, 155.4714, 157.1147, 148.955, 82.1117, 5.056096, 29.70979, 27.60127, 46.24273, 69.73192, 143.593, 137.5184, 48.30083, 25.28015, 64.20208, 10.09586, 41.03927, 0
73.81453, 146.8725, 155.4714, 157.1147, 148.955, 82.1117, 5.056096, 29.70979, 27.60127, 46.24273, 69.73192, 143.593, 137.5184, 48.30083, 25.28015, 64.20208, 10.09586, 41.03927, 0
73.81453, 146.8725, 155.4714, 157.1147, 148.955, 82.1117, 5.056096, 29.70979, 27.60127, 46.24273, 69.73192, 143.593, 137.5184, 48.30083, 25.28015, 64.20208, 10.09586, 41.03927, 0
73.81453, 146.8725, 155.4714, 157.1147, 148.955, 82.1117, 5.056096, 29.70979, 27.60127, 46.24273, 69.73192, 143.593, 137.5184, 48.30083, 25.28015, 64.20208, 10.09586, 41.03927, 0
73.81453, 146.8725, 155.4714, 157.1147, 148.955, 82.1117, 5.056096, 29.70979, 27.60127, 46.24273, 69.73192, 143.593, 137.5184, 48.30083, 25.28015, 64.20208, 10.09586, 41.03927, 0
73.81453, 146.8725, 155.4714, 157.1147, 148.955, 82.1117, 5.056096, 29.70979, 27.60127, 46.24273, 69.73192, 143.593, 137.5184, 48.30083, 25.28015, 64.20208, 10.09586, 41.03927, 0
73.81453, 146.8725, 155.4714, 157.1147, 148.955, 82.1117, 5.056096, 29.70979, 27.60127, 46.24273, 69.73192, 143.593, 137.5184, 48.30083, 25.28015, 64.20208, 10.09586, 41.03927, 0
73.81453, 146.8725, 155.4714, 157.1147, 148.955, 82.1117, 5.056096, 29.70979, 27.60127, 46.24273, 69.73192, 143.593, 137.5184, 48.30083, 25.28015, 64.20208, 10.09586, 41.03927, 0
73.81453, 146.8725, 155.4714, 157.1147, 148.955, 82.1117, 5.056096, 29.70979, 27.60127, 46.24273, 69.73192, 143.593, 137.5184, 48.30083, 25.28015, 64.20208, 10.09586, 41.03927, 0
73.81453, 146.8725, 155.4714, 157.1147, 148.955, 82.1117, 5.056096, 29.70979, 27.60127, 46.24273, 69.73192, 143.593, 137.5184, 48.30083, 25.28015, 64.20208, 10.09586, 41.03927, 0
73.81453, 146.8725, 155.4714, 157.1147, 148.955, 82.1117, 5.056096, 29.70979, 27.60127, 46.24273, 69.73192, 143.593, 137.5184, 48.30083, 25.28015, 64.20208, 10.09586, 41.03927, 0
73.81453, 146.8725, 155.4714, 157.1147, 148.955, 82.1117, 5.056096, 29.70979, 27.60127, 46.24273, 69.73192, 143.593, 137.5184, 48.30083, 25.28015, 64.20208, 10.09586, 41.03927, 0
73.81453, 146.8725, 155.4714, 157.1147, 148.955, 82.1117, 5.056096, 29.70979, 27.60127, 46.24273, 69.73192, 143.593, 137.5184, 48.30083, 25.28015, 64.20208, 10.09586, 41.03927, 0
73.81453, 146.8725, 155.4714, 157.1147, 148.955, 82.1117, 5.056096, 29.70979, 27.60127, 46.24273, 69.73192, 143.593, 137.5184, 48.30083, 25.28015, 64.20208, 10.09586, 41.03927, 0
73.81453, 146.8725, 155.4714, 157.1147, 148.955, 82.1117, 5.056096, 29.70979, 27.60127, 46.24273, 69.73192, 143.593, 137.5184, 48.30083, 25.28015, 64.20208, 10.09586, 41.03927, 0
73.81453, 146.8725, 155.4714, 157.1147, 148.955, 82.1117, 5.056096, 29.70979, 27.60127, 46.24273, 69.73192, 143.593, 137.5184, 48.30083, 25.28015, 64.20208, 10.09586, 41.03927, 0
73.81453, 146.8725, 155.4714, 157.1147, 148.955, 82.1117, 5.056096, 29.70979, 27.60127, 46.24273, 69.73192, 143.593, 137.5184, 48.30083, 25.28015, 64.20208, 10.09586, 41.03927, 0
73.81453, 146.8725, 155.4714, 157.1147, 148.955, 82.1117, 5.056096, 29.70979, 27.60127, 46.24273, 69.73192, 143.593, 137.5184, 48.30083, 25.28015, 64.20208, 10.09586, 41.03927, 0
73.81453, 146.8725, 155.4714, 157.1147, 148.955, 82.1117, 5.056096, 29.70979, 27.60127, 46.24273, 69.73192, 143.593, 137.5184, 48.30083, 25.28015, 64.20208, 10.09586, 41.03927, 0
73.81453, 146.8725, 155.4714, 157.1147, 148.955, 82.1117, 5.056096, 29.70979, 27.60127, 46.24273, 69.73192, 143.593, 137.5184, 48.30083, 25.28015, 64.20208, 10.09586, 41.03927, 0
73.81453, 146.8725, 155.4714, 157.1147, 148.955, 82.1117, 5.056096, 29.70979, 27.60127, 46.24273, 69.73192, 143.593, 137.5184, 48.30083, 25.28015, 64.20208, 10.09586, 41.03927, 0
73.81453, 146.8725, 155.4714, 157.1147, 148.955, 82.1117, 5.056096, 29.70979, 27.60127, 46.24273, 69.73192, 143.593, 137.5184, 48.30083, 25.28015, 64.20208, 10.09586, 41.03927, 0
73.81453, 146.8725, 155.4714, 157.1147, 148.955, 82.1117, 5.056096, 29.70979, 27.60127, 46.24273, 69.73192, 143.593, 137.5184, 48.30083, 25.28015, 64.20208, 10.09586, 41.03927, 0
73.81453, 146.8725, 155.4714, 157.1147, 148.955, 82.1117, 5.056096, 29.70979, 27.60127, 46.24273, 69.73192, 143.593, 137.5184, 48.30083, 25.28015, 64.20208, 10.09586, 41.03927, 0
73.81453, 146.8725, 155.4714, 157.1147, 148.955, 82.1117, 5.056096, 29.70979, 27.60127, 46.24273, 69.73192, 143.593, 137.5184, 48.30083, 25.28015, 64.20208, 10.09586, 41.03927, 0
73.81453, 146.8725, 155.4714, 157.1147, 148.955, 82.1117, 5.056096, 29.70979, 27.60127, 46.24273, 69.73192, 143.593, 137.5184, 48.30083, 25.28015, 64.20208, 10.09586, 41.03927, 0
73.81453, 146.8725, 155.4714, 157.1147, 148.955, 82.1117, 5.056096, 29.70979, 27.60127, 46.24273, 69.73192, 143.593, 137.5184, 48.30083, 25.28015, 64.20208, 10.09586, 41.03927, 0
73.81453, 146.8725, 155.4714, 157.1147, 148.955, 82.1117, 5.056096, 29.70979, 27.60127, 46.24273, 69.73192, 143.593, 137.5184, 48.30083, 25.28015, 64.20208, 10.09586, 41.03927, 0
73.81453, 146.8725, 155.4714, 157.1147, 148.955, 82.1117, 5.056096, 29.70979, 27.60127, 46.24273, 69.73192, 143.593, 137.5184, 48.30083, 25.28015, 64.20208, 10.09586, 41.03927, 0
73.81453, 146.8725, 155.4714, 157.1147, 148.955, 82.1117, 5.056096, 29.70979, 27.60127, 46.24273, 69.73192, 143.593, 137.5184, 48.30083, 25.28015, 64.20208, 10.09586, 41.03927, 0
73.81453, 146.8725, 155.4714, 157.1147, 148.955, 82.1117, 5.056096, 29.70979, 27.60127, 46.24273, 69.73192, 143.593, 137.5184, 48.30083, 25.28015, 64.20208, 10.09586, 41.03927, 0
73.81453, 146.8725, 155.4714, 157.1147, 148.955, 82.1117, 5.056096, 29.70979, 27.60127, 46.24273, 69.73192, 143.593, 137.5184, 48.30083, 25.28015, 64.20208, 10.09586, 41.03927, 0
73.81453, 146.8725, 155.4714, 157.1147, 148.955, 82.1117, 5.056096, 29.70979, 27.60127, 46.24273, 69.73192, 143.593, 137.5184, 48.30083, 25.28015, 64.20208, 10.09586, 41.03927, 0
73.81453, 146.8725, 155.4714, 157.1147, 148.955, 82.1117, 5.056096, 29.70979, 27.60127, 46.24273, 69.73192, 143.593, 137.5184, 48.30083, 25.28015, 64.20208, 10.09586, 41.03927, 0
73.81453, 146.8725, 155.4714, 157.1147, 148.955, 82.1117, 5.056096, 29.70979, 27.60127, 46.24273, 69.73192, 143.593, 137.5184, 48.30083, 25.28015, 64.20208, 10.09586, 41.03927, 0
73.81453, 146.8725, 155.4714, 157.1147, 148.955, 82.1117, 5.056096, 29.70979, 27.60127, 46.24273, 69.73192, 143.593, 137.5184, 48.30083, 25.28015, 64.20208, 10.09586, 41.03927, 0
73.81453, 146.8725, 155.4714, 157.1147, 148.955, 82.1117, 5.056096, 29.70979, 27.60127, 46.24273, 69.73192, 143.593, 137.5184, 48.30083, 25.28015, 64.20208, 10.09586, 41.03927, 0
73.81453, 146.8725, 155.4714, 157.1147, 148.955, 82.1117, 5.056096, 29.70979, 27.60127, 46.24273, 69.73192, 143.593, 137.5184, 48.30083, 25.28015, 64.20208, 10.09586, 41.03927, 0
73.81453, 146.8725, 155.4714, 157.1147, 148.955, 82.1117, 5.056096, 29.70979, 27.60127, 46.24273, 69.73192, 143.593, 137.5184, 48.30083, 25.28015, 64.20208, 10.09586, 41.03927, 0
73.81453, 146.8725, 155.4714, 157.1147, 148.955, 82.1117, 5.056096, 29.70979, 27.60127, 46.24273, 69.73192, 143.593, 137.5184, 48.30083, 25.28015, 64.20208, 10.09586, 41.03927, 0
73.81453, 146.8725, 155.4714, 157.1147, 148.955, 82.1117, 5.056096, 29.70979, 27.60127, 46.24273, 69.73192, 143.593, 137.5184, 48.30083, 25.28015, 64.20208, 10.09586, 41.03927, 0
73.81453, 146.8725, 155.4714, 157.1147, 148.955, 82.1117, 5.056096, 29.70979, 27.60127, 46.24273, 69.73192, 143.593, 137.5184, 48.30083, 25.28015, 64.20208, 10.09586, 41.03927, 0
73.81453, 146.8725, 155.4714, 157.1147, 148.955, 82.1117, 5.056096, 29.70979, 27.60127, 46.24273, 69.73192, 143.593, 137.5184, 48.30083, 25.28015, 64.20208, 10.09586, 41.03927, 0
73.81453, 146.8725, 155.4714, 157.1147, 148.955, 82.1117, 5.056096, 29.70979, 27.60127, 46.24273, 69.73192, 143.593, 137.5184, 48.30083, 25.28015, 64.20208, 10.09586, 41.03927, 0
73.81453, 146.8725, 155.4714, 157.1147, 148.955, 82.1117, 5.056096, 29.70979, 27.60127, 46.24273, 69.73192, 143.593, 137.5184, 48.30083, 25.28015, 64.20208, 10.09586, 41.03927, 0
73.81453, 146.8725, 155.4714, 157.1147, 148.955, 82.1117, 5.056096, 29.70979, 27.60127, 46.24273, 69.73192, 143.593, 137.5184, 48.30083, 25.28015, 64.20208, 10.09586, 41.03927, 0
73.81453, 146.8725, 155.4714, 157.1147, 148.955, 82.1117, 5.056096, 29.70979, 27.60127, 46.24273, 69.73192, 143.593, 137.5184, 48.30083, 25.28015, 64.20208, 10.09586, 41.03927, 0
73.81453, 146.8725, 155.4714, 157.1147, 148.955, 82.1117, 5.056096, 29.70979, 27.60127, 46.24273, 69.73192, 143.593, 137.5184, 48.30083, 25.28015, 64.20208, 10.09586, 41.03927, 0
73.81453, 146.8725, 155.4714, 157.1147, 148.955, 82.1117, 5.056096, 29.70979, 27.60127, 46.24273, 69.73192, 143.593, 137.5184, 48.30083, 25.28015, 64.20208, 10.09586, 41.03927, 0
73.81453, 146.8725, 155.4714, 157.1147, 148.955, 82.1117, 5.056096, 29.70979, 27.60127, 46.24273, 69.73192, 143.593, 137.5184, 48.30083, 25.28015, 64.20208, 10.09586, 41.03927, 0
73.81453, 146.8725, 155.4714, 157.1147, 148.955, 82.1117, 5.056096, 29.70979, 27.60127, 46.24273, 69.73192, 143.593, 137.5184, 48.30083, 25.28015, 64.20208, 10.09586, 41.03927, 0
73.81453, 146.8725, 155.4714, 157.1147, 148.955, 82.1117, 5.056096, 29.70979, 27.60127, 46.24273, 69.73192, 143.593, 137.5184, 48.30083, 25.28015, 64.20208, 10.09586, 41.03927, 0
73.81453, 146.8725, 155.4714, 157.1147, 148.955, 82.1117, 5.056096, 29.70979, 27.60127, 46.24273, 69.73192, 143.593, 137.5184, 48.30083, 25.28015, 64.20208, 10.09586, 41.03927, 0
73.81453, 146.8725, 155.4714, 157.1147, 148.955, 82.1117, 5.056096, 29.70979, 27.60127, 46.24273, 69.73192, 143.593, 137.5184, 48.30083, 25.28015, 64.20208, 10.09586, 41.03927, 0
73.81453, 146.8725, 155.4714, 157.1147, 148.955, 82.1117, 5.056096, 29.70979, 27.60127, 46.24273, 69.73192, 143.593, 137.5184, 48.30083, 25.28015, 64.20208, 10.09586, 41.03927, 0
73.81453, 146.8725, 155.4714, 157.1147, 148.955, 82.1117, 5.056096, 29.70979, 27.60127, 46.24273, 69.73192, 143.593, 137.5184, 48.30083, 25.28015, 64.20208, 10.09586, 41.03927, 0
25.22186, 39.06577, 35.56194, 49.16286, 97.45972, 66.74766, 35.15736, 24.98346, 33.85097, 45.14546, 39.0898, 161.577, 159.3515, 158.6117, 5.898306, 140.2664, 10.40581, 13.92603, 0
53.70217, 97.42001, 75.07464, 32.15364, 114.5548, 90.56602, 43.85408, 16.02799, 76.84753, 51.45055, 15.82226, 153.0473, 154.3005, 152.7958, 17.51107, 148.2697, 12.16883, 15.6858, 0
66.96346, 66.54963, 62.20217, 6.407043, 122.247, 57.56906, 36.99739, 23.07786, 120.8096, 42.00353, 89.77689, 152.1261, 151.4015, 149.7315, 72.028, 77.18689, 11.58288, 13.23405, 0
71.60339, 55.65113, 62.88522, 72.81164, 78.78334, 44.78442, 14.66613, 38.6232, 34.85173, 44.27592, 107.033, 154.0443, 151.1529, 149.0098, 65.60483, 84.45042, 12.62425, 13.7273, 0
25.65534, 127.0083, 112.6635, 114.8501, 117.0038, 83.46458, 11.97711, 3.789512, 11.47882, 43.90029, 80.71236, 156.4789, 153.5779, 151.1287, 43.41267, 99.05869, 11.65533, 13.58443, 0
34.15631, 139.633, 117.8369, 139.6075, 120.2614, 64.65372, 17.57581, 27.02059, 15.98021, 36.73521, 39.80072, 164.3624, 159.8093, 157.8624, 13.22368, 124.4208, 10.36337, 12.69686, 0
34.15631, 139.633, 117.8369, 139.6075, 120.2614, 64.65372, 17.57581, 27.02059, 15.98021, 36.73521, 39.80072, 164.3624, 159.8093, 157.8624, 13.22368, 124.4208, 10.36337, 12.69686, 0
34.15631, 139.633, 117.8369, 139.6075, 120.2614, 64.65372, 17.57581, 27.02059, 15.98021, 36.73521, 39.80072, 164.3624, 159.8093, 157.8624, 13.22368, 124.4208, 10.36337, 12.69686, 0
34.15631, 139.633, 117.8369, 139.6075, 120.2614, 64.65372, 17.57581, 27.02059, 15.98021, 36.73521, 39.80072, 164.3624, 159.8093, 157.8624, 13.22368, 124.4208, 10.36337, 12.69686, 0
34.15631, 139.633, 117.8369, 139.6075, 120.2614, 64.65372, 17.57581, 27.02059, 15.98021, 36.73521, 39.80072, 164.3624, 159.8093, 157.8624, 13.22368, 124.4208, 10.36337, 12.69686, 0
34.15631, 139.633, 117.8369, 139.6075, 120.2614, 64.65372, 17.57581, 27.02059, 15.98021, 36.73521, 39.80072, 164.3624, 159.8093, 157.8624, 13.22368, 124.4208, 10.36337, 12.69686, 0
34.15631, 139.633, 117.8369, 139.6075, 120.2614, 64.65372, 17.57581, 27.02059, 15.98021, 36.73521, 39.80072, 164.3624, 159.8093, 157.8624, 13.22368, 124.4208, 10.36337, 12.69686, 0
34.15631, 139.633, 117.8369, 139.6075, 120.2614, 64.65372, 17.57581, 27.02059, 15.98021, 36.73521, 39.80072, 164.3624, 159.8093, 157.8624, 13.22368, 124.4208, 10.36337, 12.69686, 0
34.15631, 139.633, 117.8369, 139.6075, 120.2614, 64.65372, 17.57581, 27.02059, 15.98021, 36.73521, 39.80072, 164.3624, 159.8093, 157.8624, 13.22368, 124.4208, 10.36337, 12.69686, 0
34.15631, 139.633, 117.8369, 139.6075, 120.2614, 64.65372, 17.57581, 27.02059, 15.98021, 36.73521, 39.80072, 164.3624, 159.8093, 157.8624, 13.22368, 124.4208, 10.36337, 12.69686, 0
34.15631, 139.633, 117.8369, 139.6075, 120.2614, 64.65372, 17.57581, 27.02059, 15.98021, 36.73521, 39.80072, 164.3624, 159.8093, 157.8624, 13.22368, 124.4208, 10.36337, 12.69686, 0
34.15631, 139.633, 117.8369, 139.6075, 120.2614, 64.65372, 17.57581, 27.02059, 15.98021, 36.73521, 39.80072, 164.3624, 159.8093, 157.8624, 13.22368, 124.4208, 10.36337, 12.69686, 0
34.15631, 139.633, 117.8369, 139.6075, 120.2614, 64.65372, 17.57581, 27.02059, 15.98021, 36.73521, 39.80072, 164.3624, 159.8093, 157.8624, 13.22368, 124.4208, 10.36337, 12.69686, 0
34.15631, 139.633, 117.8369, 139.6075, 120.2614, 64.65372, 17.57581, 27.02059, 15.98021, 36.73521, 39.80072, 164.3624, 159.8093, 157.8624, 13.22368, 124.4208, 10.36337, 12.69686, 0
34.15631, 139.633, 117.8369, 139.6075, 120.2614, 64.65372, 17.57581, 27.02059, 15.98021, 36.73521, 39.80072, 164.3624, 159.8093, 157.8624, 13.22368, 124.4208, 10.36337, 12.69686, 0
34.15631, 139.633, 117.8369, 139.6075, 120.2614, 64.65372, 17.57581, 27.02059, 15.98021, 36.73521, 39.80072, 164.3624, 159.8093, 157.8624, 13.22368, 124.4208, 10.36337, 12.69686, 0
34.15631, 139.633, 117.8369, 139.6075, 120.2614, 64.65372, 17.57581, 27.02059, 15.98021, 36.73521, 39.80072, 164.3624, 159.8093, 157.8624, 13.22368, 124.4208, 10.36337, 12.69686, 0
34.15631, 139.633, 117.8369, 139.6075, 120.2614, 64.65372, 17.57581, 27.02059, 15.98021, 36.73521, 39.80072, 164.3624, 159.8093, 157.8624, 13.22368, 124.4208, 10.36337, 12.69686, 0
34.15631, 139.633, 117.8369, 139.6075, 120.2614, 64.65372, 17.57581, 27.02059, 15.98021, 36.73521, 39.80072, 164.3624, 159.8093, 157.8624, 13.22368, 124.4208, 10.36337, 12.69686, 0
34.15631, 139.633, 117.8369, 139.6075, 120.2614, 64.65372, 17.57581, 27.02059, 15.98021, 36.73521, 39.80072, 164.3624, 159.8093, 157.8624, 13.22368, 124.4208, 10.36337, 12.69686, 0
34.15631, 139.633, 117.8369, 139.6075, 120.2614, 64.65372, 17.57581, 27.02059, 15.98021, 36.73521, 39.80072, 164.3624, 159.8093, 157.8624, 13.22368, 124.4208, 10.36337, 12.69686, 0
34.15631, 139.633, 117.8369, 139.6075, 120.2614, 64.65372, 17.57581, 27.02059, 15.98021, 36.73521, 39.80072, 164.3624, 159.8093, 157.8624, 13.22368, 124.4208, 10.36337, 12.69686, 0
34.15631, 139.633, 117.8369, 139.6075, 120.2614, 64.65372, 17.57581, 27.02059, 15.98021, 36.73521, 39.80072, 164.3624, 159.8093, 157.8624, 13.22368, 124.4208, 10.36337, 12.69686, 0
34.15631, 139.633, 117.8369, 139.6075, 120.2614, 64.65372, 17.57581, 27.02059, 15.98021, 36.73521, 39.80072, 164.3624, 159.8093, 157.8624, 13.22368, 124.4208, 10.36337, 12.69686, 0
34.15631, 139.633, 117.8369, 139.6075, 120.2614, 64.65372, 17.57581, 27.02059, 15.98021, 36.73521, 39.80072, 164.3624, 159.8093, 157.8624, 13.22368, 124.4208, 10.36337, 12.69686, 0
34.15631, 139.633, 117.8369, 139.6075, 120.2614, 64.65372, 17.57581, 27.02059, 15.98021, 36.73521, 39.80072, 164.3624, 159.8093, 157.8624, 13.22368, 124.4208, 10.36337, 12.69686, 0
34.15631, 139.633, 117.8369, 139.6075, 120.2614, 64.65372, 17.57581, 27.02059, 15.98021, 36.73521, 39.80072, 164.3624, 159.8093, 157.8624, 13.22368, 124.4208, 10.36337, 12.69686, 0
34.15631, 139.633, 117.8369, 139.6075, 120.2614, 64.65372, 17.57581, 27.02059, 15.98021, 36.73521, 39.80072, 164.3624, 159.8093, 157.8624, 13.22368, 124.4208, 10.36337, 12.69686, 0
34.15631, 139.633, 117.8369, 139.6075, 120.2614, 64.65372, 17.57581, 27.02059, 15.98021, 36.73521, 39.80072, 164.3624, 159.8093, 157.8624, 13.22368, 124.4208, 10.36337, 12.69686, 0
34.15631, 139.633, 117.8369, 139.6075, 120.2614, 64.65372, 17.57581, 27.02059, 15.98021, 36.73521, 39.80072, 164.3624, 159.8093, 157.8624, 13.22368, 124.4208, 10.36337, 12.69686, 0
34.15631, 139.633, 117.8369, 139.6075, 120.2614, 64.65372, 17.57581, 27.02059, 15.98021, 36.73521, 39.80072, 164.3624, 159.8093, 157.8624, 13.22368, 124.4208, 10.36337, 12.69686, 0
34.15631, 139.633, 117.8369, 139.6075, 120.2614, 64.65372, 17.57581, 27.02059, 15.98021, 36.73521, 39.80072, 164.3624, 159.8093, 157.8624, 13.22368, 124.4208, 10.36337, 12.69686, 0
34.15631, 139.633, 117.8369, 139.6075, 120.2614, 64.65372, 17.57581, 27.02059, 15.98021, 36.73521, 39.80072, 164.3624, 159.8093, 157.8624, 13.22368, 124.4208, 10.36337, 12.69686, 0
34.15631, 139.633, 117.8369, 139.6075, 120.2614, 64.65372, 17.57581, 27.02059, 15.98021, 36.73521, 39.80072, 164.3624, 159.8093, 157.8624, 13.22368, 124.4208, 10.36337, 12.69686, 0
34.15631, 139.633, 117.8369, 139.6075, 120.2614, 64.65372, 17.57581, 27.02059, 15.98021, 36.73521, 39.80072, 164.3624, 159.8093, 157.8624, 13.22368, 124.4208, 10.36337, 12.69686, 0
34.15631, 139.633, 117.8369, 139.6075, 120.2614, 64.65372, 17.57581, 27.02059, 15.98021, 36.73521, 39.80072, 164.3624, 159.8093, 157.8624, 13.22368, 124.4208, 10.36337, 12.69686, 0
34.15631, 139.633, 117.8369, 139.6075, 120.2614, 64.65372, 17.57581, 27.02059, 15.98021, 36.73521, 39.80072, 164.3624, 159.8093, 157.8624, 13.22368, 124.4208, 10.36337, 12.69686, 0
34.15631, 139.633, 117.8369, 139.6075, 120.2614, 64.65372, 17.57581, 27.02059, 15.98021, 36.73521, 39.80072, 164.3624, 159.8093, 157.8624, 13.22368, 124.4208, 10.36337, 12.69686, 0
34.15631, 139.633, 117.8369, 139.6075, 120.2614, 64.65372, 17.57581, 27.02059, 15.98021, 36.73521, 39.80072, 164.3624, 159.8093, 157.8624, 13.22368, 124.4208, 10.36337, 12.69686, 0
34.15631, 139.633, 117.8369, 139.6075, 120.2614, 64.65372, 17.57581, 27.02059, 15.98021, 36.73521, 39.80072, 164.3624, 159.8093, 157.8624, 13.22368, 124.4208, 10.36337, 12.69686, 0
34.15631, 139.633, 117.8369, 139.6075, 120.2614, 64.65372, 17.57581, 27.02059, 15.98021, 36.73521, 39.80072, 164.3624, 159.8093, 157.8624, 13.22368, 124.4208, 10.36337, 12.69686, 0
34.15631, 139.633, 117.8369, 139.6075, 120.2614, 64.65372, 17.57581, 27.02059, 15.98021, 36.73521, 39.80072, 164.3624, 159.8093, 157.8624, 13.22368, 124.4208, 10.36337, 12.69686, 0
34.15631, 139.633, 117.8369, 139.6075, 120.2614, 64.65372, 17.57581, 27.02059, 15.98021, 36.73521, 39.80072, 164.3624, 159.8093, 157.8624, 13.22368, 124.4208, 10.36337, 12.69686, 0
34.15631, 139.633, 117.8369, 139.6075, 120.2614, 64.65372, 17.57581, 27.02059, 15.98021, 36.73521, 39.80072, 164.3624, 159.8093, 157.8624, 13.22368, 124.4208, 10.36337, 12.69686, 0
34.15631, 139.633, 117.8369, 139.6075, 120.2614, 64.65372, 17.57581, 27.02059, 15.98021, 36.73521, 39.80072, 164.3624, 159.8093, 157.8624, 13.22368, 124.4208, 10.36337, 12.69686, 0
34.15631, 139.633, 117.8369, 139.6075, 120.2614, 64.65372, 17.57581, 27.02059, 15.98021, 36.73521, 39.80072, 164.3624, 159.8093, 157.8624, 13.22368, 124.4208, 10.36337, 12.69686, 0
34.15631, 139.633, 117.8369, 139.6075, 120.2614, 64.65372, 17.57581, 27.02059, 15.98021, 36.73521, 39.80072, 164.3624, 159.8093, 157.8624, 13.22368, 124.4208, 10.36337, 12.69686, 0
34.15631, 139.633, 117.8369, 139.6075, 120.2614, 64.65372, 17.57581, 27.02059, 15.98021, 36.73521, 39.80072, 164.3624, 159.8093, 157.8624, 13.22368, 124.4208, 10.36337, 12.69686, 0
34.15631, 139.633, 117.8369, 139.6075, 120.2614, 64.65372, 17.57581, 27.02059, 15.98021, 36.73521, 39.80072, 164.3624, 159.8093, 157.8624, 13.22368, 124.4208, 10.36337, 12.69686, 0
34.15631, 139.633, 117.8369, 139.6075, 120.2614, 64.65372, 17.57581, 27.02059, 15.98021, 36.73521, 39.80072, 164.3624, 159.8093, 157.8624, 13.22368, 124.4208, 10.36337, 12.69686, 0
34.15631, 139.633, 117.8369, 139.6075, 120.2614, 64.65372, 17.57581, 27.02059, 15.98021, 36.73521, 39.80072, 164.3624, 159.8093, 157.8624, 13.22368, 124.4208, 10.36337, 12.69686, 0
34.15631, 139.633, 117.8369, 139.6075, 120.2614, 64.65372, 17.57581, 27.02059, 15.98021, 36.73521, 39.80072, 164.3624, 159.8093, 157.8624, 13.22368, 124.4208, 10.36337, 12.69686, 0
34.15631, 139.633, 117.8369, 139.6075, 120.2614, 64.65372, 17.57581, 27.02059, 15.98021, 36.73521, 39.80072, 164.3624, 159.8093, 157.8624, 13.22368, 124.4208, 10.36337, 12.69686, 0
34.15631, 139.633, 117.8369, 139.6075, 120.2614, 64.65372, 17.57581, 27.02059, 15.98021, 36.73521, 39.80072, 164.3624, 159.8093, 157.8624, 13.22368, 124.4208, 10.36337, 12.69686, 0
34.15631, 139.633, 117.8369, 139.6075, 120.2614, 64.65372, 17.57581, 27.02059, 15.98021, 36.73521, 39.80072, 164.3624, 159.8093, 157.8624, 13.22368, 124.4208, 10.36337, 12.69686, 0
34.15631, 139.633, 117.8369, 139.6075, 120.2614, 64.65372, 17.57581, 27.02059, 15.98021, 36.73521, 39.80072, 164.3624, 159.8093, 157.8624, 13.22368, 124.4208, 10.36337, 12.69686, 0
34.15631, 139.633, 117.8369, 139.6075, 120.2614, 64.65372, 17.57581, 27.02059, 15.98021, 36.73521, 39.80072, 164.3624, 159.8093, 157.8624, 13.22368, 124.4208, 10.36337, 12.69686, 0
34.15631, 139.633, 117.8369, 139.6075, 120.2614, 64.65372, 17.57581, 27.02059, 15.98021, 36.73521, 39.80072, 164.3624, 159.8093, 157.8624, 13.22368, 124.4208, 10.36337, 12.69686, 0
34.15631, 139.633, 117.8369, 139.6075, 120.2614, 64.65372, 17.57581, 27.02059, 15.98021, 36.73521, 39.80072, 164.3624, 159.8093, 157.8624, 13.22368, 124.4208, 10.36337, 12.69686, 0
34.15631, 139.633, 117.8369, 139.6075, 120.2614, 64.65372, 17.57581, 27.02059, 15.98021, 36.73521, 39.80072, 164.3624, 159.8093, 157.8624, 13.22368, 124.4208, 10.36337, 12.69686, 0
34.15631, 139.633, 117.8369, 139.6075, 120.2614, 64.65372, 17.57581, 27.02059, 15.98021, 36.73521, 39.80072, 164.3624, 159.8093, 157.8624, 13.22368, 124.4208, 10.36337, 12.69686, 0
34.15631, 139.633, 117.8369, 139.6075, 120.2614, 64.65372, 17.57581, 27.02059, 15.98021, 36.73521, 39.80072, 164.3624, 159.8093, 157.8624, 13.22368, 124.4208, 10.36337, 12.69686, 0
34.15631, 139.633, 117.8369, 139.6075, 120.2614, 64.65372, 17.57581, 27.02059, 15.98021, 36.73521, 39.80072, 164.3624, 159.8093, 157.8624, 13.22368, 124.4208, 10.36337, 12.69686, 0
34.15631, 139.633, 117.8369, 139.6075, 120.2614, 64.65372, 17.57581, 27.02059, 15.98021, 36.73521, 39.80072, 164.3624, 159.8093, 157.8624, 13.22368, 124.4208, 10.36337, 12.69686, 0
34.15631, 139.633, 117.8369, 139.6075, 120.2614, 64.65372, 17.57581, 27.02059, 15.98021, 36.73521, 39.80072, 164.3624, 159.8093, 157.8624, 13.22368, 124.4208, 10.36337, 12.69686, 0
34.15631, 139.633, 117.8369, 139.6075, 120.2614, 64.65372, 17.57581, 27.02059, 15.98021, 36.73521, 39.80072, 164.3624, 159.8093, 157.8624, 13.22368, 124.4208, 10.36337, 12.69686, 0
34.15631, 139.633, 117.8369, 139.6075, 120.2614, 64.65372, 17.57581, 27.02059, 15.98021, 36.73521, 39.80072, 164.3624, 159.8093, 157.8624, 13.22368, 124.4208, 10.36337, 12.69686, 0
34.15631, 139.633, 117.8369, 139.6075, 120.2614, 64.65372, 17.57581, 27.02059, 15.98021, 36.73521, 39.80072, 164.3624, 159.8093, 157.8624, 13.22368, 124.4208, 10.36337, 12.69686, 0
34.15631, 139.633, 117.8369, 139.6075, 120.2614, 64.65372, 17.57581, 27.02059, 15.98021, 36.73521, 39.80072, 164.3624, 159.8093, 157.8624, 13.22368, 124.4208, 10.36337, 12.69686, 0
34.15631, 139.633, 117.8369, 139.6075, 120.2614, 64.65372, 17.57581, 27.02059, 15.98021, 36.73521, 39.80072, 164.3624, 159.8093, 157.8624, 13.22368, 124.4208, 10.36337, 12.69686, 0
34.15631, 139.633, 117.8369, 139.6075, 120.2614, 64.65372, 17.57581, 27.02059, 15.98021, 36.73521, 39.80072, 164.3624, 159.8093, 157.8624, 13.22368, 124.4208, 10.36337, 12.69686, 0
34.15631, 139.633, 117.8369, 139.6075, 120.2614, 64.65372, 17.57581, 27.02059, 15.98021, 36.73521, 39.80072, 164.3624, 159.8093, 157.8624, 13.22368, 124.4208, 10.36337, 12.69686, 0
34.15631, 139.633, 117.8369, 139.6075, 120.2614, 64.65372, 17.57581, 27.02059, 15.98021, 36.73521, 39.80072, 164.3624, 159.8093, 157.8624, 13.22368, 124.4208, 10.36337, 12.69686, 0
34.15631, 139.633, 117.8369, 139.6075, 120.2614, 64.65372, 17.57581, 27.02059, 15.98021, 36.73521, 39.80072, 164.3624, 159.8093, 157.8624, 13.22368, 124.4208, 10.36337, 12.69686, 0
34.15631, 139.633, 117.8369, 139.6075, 120.2614, 64.65372, 17.57581, 27.02059, 15.98021, 36.73521, 39.80072, 164.3624, 159.8093, 157.8624, 13.22368, 124.4208, 10.36337, 12.69686, 0
34.15631, 139.633, 117.8369, 139.6075, 120.2614, 64.65372, 17.57581, 27.02059, 15.98021, 36.73521, 39.80072, 164.3624, 159.8093, 157.8624, 13.22368, 124.4208, 10.36337, 12.69686, 0
34.15631, 139.633, 117.8369, 139.6075, 120.2614, 64.65372, 17.57581, 27.02059, 15.98021, 36.73521, 39.80072, 164.3624, 159.8093, 157.8624, 13.22368, 124.4208, 10.36337, 12.69686, 0
34.15631, 139.633, 117.8369, 139.6075, 120.2614, 64.65372, 17.57581, 27.02059, 15.98021, 36.73521, 39.80072, 164.3624, 159.8093, 157.8624, 13.22368, 124.4208, 10.36337, 12.69686, 0
34.15631, 139.633, 117.8369, 139.6075, 120.2614, 64.65372, 17.57581, 27.02059, 15.98021, 36.73521, 39.80072, 164.3624, 159.8093, 157.8624, 13.22368, 124.4208, 10.36337, 12.69686, 0
34.15631, 139.633, 117.8369, 139.6075, 120.2614, 64.65372, 17.57581, 27.02059, 15.98021, 36.73521, 39.80072, 164.3624, 159.8093, 157.8624, 13.22368, 124.4208, 10.36337, 12.69686, 0
34.15631, 139.633, 117.8369, 139.6075, 120.2614, 64.65372, 17.57581, 27.02059, 15.98021, 36.73521, 39.80072, 164.3624, 159.8093, 157.8624, 13.22368, 124.4208, 10.36337, 12.69686, 0
34.15631, 139.633, 117.8369, 139.6075, 120.2614, 64.65372, 17.57581, 27.02059, 15.98021, 36.73521, 39.80072, 164.3624, 159.8093, 157.8624, 13.22368, 124.4208, 10.36337, 12.69686, 0
34.15631, 139.633, 117.8369, 139.6075, 120.2614, 64.65372, 17.57581, 27.02059, 15.98021, 36.73521, 39.80072, 164.3624, 159.8093, 157.8624, 13.22368, 124.4208, 10.36337, 12.69686, 0
34.15631, 139.633, 117.8369, 139.6075, 120.2614, 64.65372, 17.57581, 27.02059, 15.98021, 36.73521, 39.80072, 164.3624, 159.8093, 157.8624, 13.22368, 124.4208, 10.36337, 12.69686, 0
34.15631, 139.633, 117.8369, 139.6075, 120.2614, 64.65372, 17.57581, 27.02059, 15.98021, 36.73521, 39.80072, 164.3624, 159.8093, 157.8624, 13.22368, 124.4208, 10.36337, 12.69686, 0
34.15631, 139.633, 117.8369, 139.6075, 120.2614, 64.65372, 17.57581, 27.02059, 15.98021, 36.73521, 39.80072, 164.3624, 159.8093, 157.8624, 13.22368, 124.4208, 10.36337, 12.69686, 0
34.15631, 139.633, 117.8369, 139.6075, 120.2614, 64.65372, 17.57581, 27.02059, 15.98021, 36.73521, 39.80072, 164.3624, 159.8093, 157.8624, 13.22368, 124.4208, 10.36337, 12.69686, 0
34.15631, 139.633, 117.8369, 139.6075, 120.2614, 64.65372, 17.57581, 27.02059, 15.98021, 36.73521, 39.80072, 164.3624, 159.8093, 157.8624, 13.22368, 124.4208, 10.36337, 12.69686, 0
34.15631, 139.633, 117.8369, 139.6075, 120.2614, 64.65372, 17.57581, 27.02059, 15.98021, 36.73521, 39.80072, 164.3624, 159.8093, 157.8624, 13.22368, 124.4208, 10.36337, 12.69686, 0
34.15631, 139.633, 117.8369, 139.6075, 120.2614, 64.65372, 17.57581, 27.02059, 15.98021, 36.73521, 39.80072, 164.3624, 159.8093, 157.8624, 13.22368, 124.4208, 10.36337, 12.69686, 0
34.15631, 139.633, 117.8369, 139.6075, 120.2614, 64.65372, 17.57581, 27.02059, 15.98021, 36.73521, 39.80072, 164.3624, 159.8093, 157.8624, 13.22368, 124.4208, 10.36337, 12.69686, 0
34.15631, 139.633, 117.8369, 139.6075, 120.2614, 64.65372, 17.57581, 27.02059, 15.98021, 36.73521, 39.80072, 164.3624, 159.8093, 157.8624, 13.22368, 124.4208, 10.36337, 12.69686, 0
34.15631, 139.633, 117.8369, 139.6075, 120.2614, 64.65372, 17.57581, 27.02059, 15.98021, 36.73521, 39.80072, 164.3624, 159.8093, 157.8624, 13.22368, 124.4208, 10.36337, 12.69686, 0
34.15631, 139.633, 117.8369, 139.6075, 120.2614, 64.65372, 17.57581, 27.02059, 15.98021, 36.73521, 39.80072, 164.3624, 159.8093, 157.8624, 13.22368, 124.4208, 10.36337, 12.69686, 0
34.15631, 139.633, 117.8369, 139.6075, 120.2614, 64.65372, 17.57581, 27.02059, 15.98021, 36.73521, 39.80072, 164.3624, 159.8093, 157.8624, 13.22368, 124.4208, 10.36337, 12.69686, 0
34.15631, 139.633, 117.8369, 139.6075, 120.2614, 64.65372, 17.57581, 27.02059, 15.98021, 36.73521, 39.80072, 164.3624, 159.8093, 157.8624, 13.22368, 124.4208, 10.36337, 12.69686, 0
34.15631, 139.633, 117.8369, 139.6075, 120.2614, 64.65372, 17.57581, 27.02059, 15.98021, 36.73521, 39.80072, 164.3624, 159.8093, 157.8624, 13.22368, 124.4208, 10.36337, 12.69686, 0
34.15631, 139.633, 117.8369, 139.6075, 120.2614, 64.65372, 17.57581, 27.02059, 15.98021, 36.73521, 39.80072, 164.3624, 159.8093, 157.8624, 13.22368, 124.4208, 10.36337, 12.69686, 0
34.15631, 139.633, 117.8369, 139.6075, 120.2614, 64.65372, 17.57581, 27.02059, 15.98021, 36.73521, 39.80072, 164.3624, 159.8093, 157.8624, 13.22368, 124.4208, 10.36337, 12.69686, 0
34.15631, 139.633, 117.8369, 139.6075, 120.2614, 64.65372, 17.57581, 27.02059, 15.98021, 36.73521, 39.80072, 164.3624, 159.8093, 157.8624, 13.22368, 124.4208, 10.36337, 12.69686, 0
34.15631, 139.633, 117.8369, 139.6075, 120.2614, 64.65372, 17.57581, 27.02059, 15.98021, 36.73521, 39.80072, 164.3624, 159.8093, 157.8624, 13.22368, 124.4208, 10.36337, 12.69686, 0
34.15631, 139.633, 117.8369, 139.6075, 120.2614, 64.65372, 17.57581, 27.02059, 15.98021, 36.73521, 39.80072, 164.3624, 159.8093, 157.8624, 13.22368, 124.4208, 10.36337, 12.69686, 0
34.15631, 139.633, 117.8369, 139.6075, 120.2614, 64.65372, 17.57581, 27.02059, 15.98021, 36.73521, 39.80072, 164.3624, 159.8093, 157.8624, 13.22368, 124.4208, 10.36337, 12.69686, 0
34.15631, 139.633, 117.8369, 139.6075, 120.2614, 64.65372, 17.57581, 27.02059, 15.98021, 36.73521, 39.80072, 164.3624, 159.8093, 157.8624, 13.22368, 124.4208, 10.36337, 12.69686, 0
34.15631, 139.633, 117.8369, 139.6075, 120.2614, 64.65372, 17.57581, 27.02059, 15.98021, 36.73521, 39.80072, 164.3624, 159.8093, 157.8624, 13.22368, 124.4208, 10.36337, 12.69686, 0
34.15631, 139.633, 117.8369, 139.6075, 120.2614, 64.65372, 17.57581, 27.02059, 15.98021, 36.73521, 39.80072, 164.3624, 159.8093, 157.8624, 13.22368, 124.4208, 10.36337, 12.69686, 0
34.15631, 139.633, 117.8369, 139.6075, 120.2614, 64.65372, 17.57581, 27.02059, 15.98021, 36.73521, 39.80072, 164.3624, 159.8093, 157.8624, 13.22368, 124.4208, 10.36337, 12.69686, 0
34.15631, 139.633, 117.8369, 139.6075, 120.2614, 64.65372, 17.57581, 27.02059, 15.98021, 36.73521, 39.80072, 164.3624, 159.8093, 157.8624, 13.22368, 124.4208, 10.36337, 12.69686, 0
34.15631, 139.633, 117.8369, 139.6075, 120.2614, 64.65372, 17.57581, 27.02059, 15.98021, 36.73521, 39.80072, 164.3624, 159.8093, 157.8624, 13.22368, 124.4208, 10.36337, 12.69686, 0
34.15631, 139.633, 117.8369, 139.6075, 120.2614, 64.65372, 17.57581, 27.02059, 15.98021, 36.73521, 39.80072, 164.3624, 159.8093, 157.8624, 13.22368, 124.4208, 10.36337, 12.69686, 0
34.15631, 139.633, 117.8369, 139.6075, 120.2614, 64.65372, 17.57581, 27.02059, 15.98021, 36.73521, 39.80072, 164.3624, 159.8093, 157.8624, 13.22368, 124.4208, 10.36337, 12.69686, 0
34.15631, 139.633, 117.8369, 139.6075, 120.2614, 64.65372, 17.57581, 27.02059, 15.98021, 36.73521, 39.80072, 164.3624, 159.8093, 157.8624, 13.22368, 124.4208, 10.36337, 12.69686, 0
34.15631, 139.633, 117.8369, 139.6075, 120.2614, 64.65372, 17.57581, 27.02059, 15.98021, 36.73521, 39.80072, 164.3624, 159.8093, 157.8624, 13.22368, 124.4208, 10.36337, 12.69686, 0
9.831573, 20.09763, 6.445733, 6.305184, 7.242481, 42.72624, 4.378867, 10.6857, 18.18989, 11.70442, 54.14177, 23.03974, 15.61059, 19.35286, 41.29741, 16.61694, 9.610837, 13.60991, 0
13.39052, 69.84731, 7.587627, 1.869279, 5.622042, 44.20987, 33.87288, 15.5859, 14.21165, 19.25313, 66.04628, 30.63493, 18.0589, 19.18697, 43.90678, 21.37538, 11.47348, 14.08121, 0
20.34499, 45.70658, 7.532415, 8.776485, 10.96223, 34.58832, 13.15732, 12.59481, 12.05957, 18.18414, 72.17791, 24.31881, 11.3005, 8.802567, 48.34374, 31.79357, 14.49866, 13.92724, 0
24.88352, 78.93591, 34.30383, 19.89523, 15.91601, 47.1551, 34.73725, 14.87257, 13.47861, 13.23186, 58.20726, 19.68931, 15.08582, 13.0036, 44.61519, 23.08764, 10.27487, 12.23288, 0
